id,n_lines_gt,n_lines_pred,n_line_cmds_gt,n_line_cmds_pred,gt_h,gt_v,pred_h,pred_v,ratio_h_sample,ratio_v_sample,par_recall_hits,par_recall_denom,par_recall_index_aligned,perp_recall_hits,perp_recall_denom,perp_recall_index_aligned,pair_recall_extrude_count_mismatch,pair_recall_extrudes_skipped_line_mismatch,parse_ok_gt,parse_ok_pred
00000093,0,1,0,0,0,0,0,0,,,0,0,,0,0,,False,1,True,True
00000797,12,12,12,12,6,6,6,6,1.0,1.0,6,6,1.0,12,12,1.0,False,0,True,True
00000915,4,4,4,4,2,2,2,2,1.0,1.0,2,2,1.0,4,4,1.0,False,0,True,True
00001698,4,4,4,4,2,2,2,2,1.0,1.0,2,2,1.0,4,4,1.0,False,0,True,True
00001907,8,9,8,8,3,3,3,3,1.0,1.0,0,0,,0,0,,False,1,True,True
00001926,0,0,0,0,0,0,0,0,,,0,0,,0,0,,False,0,True,True
00002221,6,6,6,6,3,3,3,3,1.0,1.0,6,6,1.0,9,9,1.0,False,0,True,True
00002718,8,8,8,8,4,4,4,4,1.0,1.0,12,12,1.0,16,16,1.0,False,0,True,True
00003166,0,0,0,0,0,0,0,0,,,0,0,,0,0,,False,0,True,True
00003247,4,4,4,4,2,2,2,2,1.0,1.0,2,2,1.0,4,4,1.0,False,0,True,True
00003390,15,18,15,17,6,9,4,8,0.6666666666666666,0.8888888888888888,0,0,,0,0,,False,3,True,True
00003877,6,6,6,6,3,3,3,3,1.0,1.0,6,6,1.0,9,9,1.0,False,0,True,True
00003901,4,4,4,4,2,2,2,2,1.0,1.0,2,2,1.0,4,4,1.0,False,0,True,True
00004596,0,0,0,0,0,0,0,0,,,0,0,,0,0,,False,0,True,True
00005082,4,4,4,4,2,2,2,2,1.0,1.0,2,2,1.0,4,4,1.0,False,0,True,True
00005083,4,4,4,4,2,2,2,2,1.0,1.0,2,2,1.0,4,4,1.0,False,0,True,True
00005144,12,12,12,12,6,6,6,6,1.0,1.0,30,30,1.0,36,36,1.0,False,0,True,True
00005247,4,4,4,4,2,2,2,2,1.0,1.0,2,2,1.0,4,4,1.0,False,0,True,True
00005418,6,6,6,6,2,2,2,2,1.0,1.0,0,0,,2,2,1.0,False,0,True,True
00005545,0,0,0,0,0,0,0,0,,,0,0,,0,0,,False,0,True,True
00005807,0,0,0,0,0,0,0,0,,,0,0,,0,0,,False,0,True,True
00005879,5,5,5,5,2,2,2,2,1.0,1.0,2,2,1.0,4,4,1.0,False,0,True,True
00005906,4,4,4,4,2,2,2,2,1.0,1.0,2,2,1.0,4,4,1.0,False,0,True,True
00005957,4,4,4,4,2,2,2,2,1.0,1.0,2,2,1.0,4,4,1.0,False,0,True,True
00006004,28,26,28,28,14,14,8,2,0.5714285714285714,0.14285714285714285,0,0,,0,0,,False,2,True,True
00006221,4,4,4,4,2,2,2,2,1.0,1.0,2,2,1.0,4,4,1.0,False,0,True,True
00006345,8,8,8,8,4,4,4,4,1.0,1.0,4,4,1.0,8,8,1.0,False,0,True,True
00006481,24,24,24,24,12,12,12,12,1.0,1.0,12,12,1.0,24,24,1.0,False,0,True,True
00006584,24,0,24,23,12,12,0,0,0.0,0.0,0,0,,0,0,,False,0,True,False
00006588,6,5,6,5,2,4,2,3,1.0,0.75,1,1,1.0,0,0,,False,1,True,True
00006807,4,4,4,4,2,2,2,2,1.0,1.0,2,2,1.0,4,4,1.0,False,0,True,True
00006912,0,0,0,0,0,0,0,0,,,0,0,,0,0,,False,0,True,True
00007186,8,8,8,8,2,4,2,4,1.0,1.0,7,7,1.0,8,8,1.0,False,0,True,True
00007269,0,0,0,0,0,0,0,0,,,0,0,,0,0,,False,0,True,True
00007551,13,14,13,14,4,6,5,8,1.25,1.3333333333333333,6,9,0.6666666666666666,12,12,1.0,False,1,True,True
00007648,12,13,12,13,6,6,6,7,1.0,1.1666666666666667,6,6,1.0,12,12,1.0,False,1,True,True
00008381,0,0,0,0,0,0,0,0,,,0,0,,0,0,,False,0,True,True
00008597,4,4,4,4,2,2,2,2,1.0,1.0,2,2,1.0,4,4,1.0,False,0,True,True
00008841,8,8,8,8,4,4,4,4,1.0,1.0,4,4,1.0,8,8,1.0,False,0,True,True
00008907,0,0,0,0,0,0,0,0,,,0,0,,0,0,,False,0,True,True
00008914,0,0,0,0,0,0,0,0,,,0,0,,0,0,,False,0,True,True
00009016,8,8,8,8,4,4,4,4,1.0,1.0,12,12,1.0,16,16,1.0,False,0,True,True
00009051,4,4,4,4,2,2,2,2,1.0,1.0,2,2,1.0,4,4,1.0,False,0,True,True
00009254,4,4,4,4,2,2,2,2,1.0,1.0,2,2,1.0,4,4,1.0,False,0,True,True
00009547,8,8,8,8,4,4,4,4,1.0,1.0,12,12,1.0,16,16,1.0,False,0,True,True
00009559,20,20,20,20,8,12,5,9,0.625,0.75,24,46,0.5217391304347826,29,48,0.6041666666666666,False,0,True,True
00009683,2,2,2,2,0,1,0,2,,2.0,0,0,,0,0,,False,0,True,True
00009834,4,4,4,4,2,2,2,2,1.0,1.0,2,2,1.0,4,4,1.0,False,0,True,True
00010085,6,6,6,6,3,3,2,2,0.6666666666666666,0.6666666666666666,2,6,0.3333333333333333,4,9,0.4444444444444444,False,0,True,True
00010111,1,1,1,1,1,0,1,0,1.0,,0,0,,0,0,,False,0,True,True
00010314,4,4,4,4,2,2,2,2,1.0,1.0,2,2,1.0,4,4,1.0,False,0,True,True
00010361,6,6,6,6,3,3,3,3,1.0,1.0,6,6,1.0,9,9,1.0,False,0,True,True
00010397,6,6,6,6,2,1,2,1,1.0,1.0,2,2,1.0,2,2,1.0,False,0,True,True
00010702,8,8,8,8,4,4,4,4,1.0,1.0,12,12,1.0,16,16,1.0,False,0,True,True
00010708,0,0,0,0,0,0,0,0,,,0,0,,0,0,,False,0,True,True
00010710,0,0,0,0,0,0,0,0,,,0,0,,0,0,,False,0,True,True
00010860,0,0,0,0,0,0,0,0,,,0,0,,0,0,,False,0,True,True
00010900,0,1,0,0,0,0,0,0,,,0,0,,0,0,,False,1,True,True
00011050,4,4,4,4,2,2,2,2,1.0,1.0,2,2,1.0,4,4,1.0,False,0,True,True
00011412,0,0,0,0,0,0,0,0,,,0,0,,0,0,,False,0,True,True
00011553,0,0,0,0,0,0,0,0,,,0,0,,0,0,,False,0,True,True
00011581,4,4,4,4,2,2,2,2,1.0,1.0,2,2,1.0,4,4,1.0,False,0,True,True
00011604,5,5,5,5,2,2,2,2,1.0,1.0,2,2,1.0,4,4,1.0,False,0,True,True
00011996,8,8,8,8,4,4,4,4,1.0,1.0,4,4,1.0,8,8,1.0,False,0,True,True
00012015,8,8,8,8,5,3,3,2,0.6,0.6666666666666666,4,13,0.3076923076923077,11,15,0.7333333333333333,False,0,True,True
00012459,4,4,4,4,2,2,2,2,1.0,1.0,2,2,1.0,4,4,1.0,False,0,True,True
00012673,0,0,0,0,0,0,0,0,,,0,0,,0,0,,False,0,True,True
00013296,4,4,4,4,2,2,2,2,1.0,1.0,2,2,1.0,4,4,1.0,False,0,True,True
00013532,0,0,0,0,0,0,0,0,,,0,0,,0,0,,False,0,True,True
00014648,4,4,4,4,2,2,2,2,1.0,1.0,2,2,1.0,4,4,1.0,False,0,True,True
00014788,15,15,15,15,8,7,3,6,0.375,0.8571428571428571,11,49,0.22448979591836735,18,56,0.32142857142857145,False,0,True,True
00014932,4,4,4,4,2,2,2,2,1.0,1.0,2,2,1.0,4,4,1.0,False,0,True,True
00014933,4,4,4,4,2,2,2,2,1.0,1.0,2,2,1.0,4,4,1.0,False,0,True,True
00014960,5,5,5,5,0,0,0,0,,,0,0,,0,0,,False,0,True,True
00015400,1,1,1,1,1,0,1,0,1.0,,0,0,,0,0,,False,0,True,True
00015455,2,2,2,2,2,0,2,0,1.0,,1,1,1.0,0,0,,False,0,True,True
00015588,4,4,4,4,2,2,2,2,1.0,1.0,2,2,1.0,4,4,1.0,False,0,True,True
00015690,8,8,8,8,4,4,4,4,1.0,1.0,12,12,1.0,16,16,1.0,False,0,True,True
00015721,36,36,36,36,18,18,14,14,0.7777777777777778,0.7777777777777778,49,90,0.5444444444444444,86,108,0.7962962962962963,False,0,True,True
00015793,0,0,0,0,0,0,0,0,,,0,0,,0,0,,False,0,True,True
00015961,0,0,0,0,0,0,0,0,,,0,0,,0,0,,False,0,True,True
00015962,4,4,4,4,2,2,2,2,1.0,1.0,2,2,1.0,4,4,1.0,False,0,True,True
00016271,10,10,10,10,5,5,5,5,1.0,1.0,20,20,1.0,25,25,1.0,False,0,True,True
00016307,4,4,4,4,2,2,2,2,1.0,1.0,2,2,1.0,4,4,1.0,False,0,True,True
00016424,9,9,9,9,4,5,4,5,1.0,1.0,16,16,1.0,20,20,1.0,False,0,True,True
00016936,0,0,0,0,0,0,0,0,,,0,0,,0,0,,False,0,True,True
00016984,8,8,8,8,4,4,4,4,1.0,1.0,12,12,1.0,16,16,1.0,False,0,True,True
00017091,22,22,22,22,10,6,11,8,1.1,1.3333333333333333,14,16,0.875,17,20,0.85,False,0,True,True
00017137,4,4,4,4,2,2,2,2,1.0,1.0,2,2,1.0,4,4,1.0,False,0,True,True
00017140,7,7,7,7,3,3,3,3,1.0,1.0,2,2,1.0,5,5,1.0,False,0,True,True
00017160,9,9,9,9,5,4,5,4,1.0,1.0,16,16,1.0,20,20,1.0,False,0,True,True
00017202,4,4,4,4,2,2,2,2,1.0,1.0,2,2,1.0,4,4,1.0,False,0,True,True
00017284,7,7,7,7,3,3,3,3,1.0,1.0,2,2,1.0,5,5,1.0,False,0,True,True
00017301,8,8,8,8,4,4,4,4,1.0,1.0,12,12,1.0,16,16,1.0,False,0,True,True
00017308,9,9,9,9,5,4,5,4,1.0,1.0,16,16,1.0,20,20,1.0,False,0,True,True
00017346,8,8,8,8,4,2,4,3,1.0,1.5,7,7,1.0,8,9,0.8888888888888888,False,0,True,True
00017363,6,6,6,6,2,3,3,3,1.5,1.0,4,4,1.0,6,6,1.0,False,0,True,True
00017382,4,4,4,4,2,2,2,2,1.0,1.0,2,2,1.0,4,4,1.0,False,0,True,True
00017403,6,4,6,4,0,0,0,0,,,0,0,,0,0,,False,2,True,True
00017454,9,9,9,9,5,4,5,4,1.0,1.0,16,16,1.0,20,20,1.0,False,0,True,True
00017462,16,16,16,16,8,6,9,5,1.125,0.8333333333333334,11,23,0.4782608695652174,16,28,0.5714285714285714,False,0,True,True
00017514,4,4,4,4,2,2,2,2,1.0,1.0,2,2,1.0,4,4,1.0,False,0,True,True
00017637,8,8,8,8,4,4,4,4,1.0,1.0,12,12,1.0,16,16,1.0,False,0,True,True
00017684,4,4,4,4,2,2,2,2,1.0,1.0,2,2,1.0,4,4,1.0,False,0,True,True
00017813,4,4,4,4,2,2,2,2,1.0,1.0,2,2,1.0,4,4,1.0,False,0,True,True
00018369,10,12,10,10,4,4,3,4,0.75,1.0,0,0,,0,0,,False,1,True,True
00018543,9,9,9,9,5,4,5,4,1.0,1.0,6,6,1.0,10,10,1.0,False,0,True,True
00019066,8,8,8,8,4,4,4,4,1.0,1.0,4,4,1.0,8,8,1.0,False,0,True,True
00019109,4,4,4,4,2,2,2,2,1.0,1.0,2,2,1.0,4,4,1.0,False,0,True,True
00019156,0,0,0,0,0,0,0,0,,,0,0,,0,0,,False,0,True,True
00019273,8,8,8,8,4,4,4,4,1.0,1.0,4,4,1.0,8,8,1.0,False,0,True,True
00019274,0,0,0,0,0,0,0,0,,,0,0,,0,0,,False,0,True,True
00019335,6,6,6,6,3,3,3,3,1.0,1.0,6,6,1.0,9,9,1.0,False,0,True,True
00019677,7,7,7,7,2,5,2,5,1.0,1.0,3,3,1.0,2,2,1.0,False,0,True,True
00019692,4,4,4,4,2,2,2,2,1.0,1.0,2,2,1.0,4,4,1.0,False,0,True,True
00019838,0,0,0,0,0,0,0,0,,,0,0,,0,0,,False,0,True,True
00019985,20,20,20,20,11,9,11,9,1.0,1.0,12,12,1.0,21,21,1.0,False,0,True,True
00020041,8,8,8,8,4,4,4,4,1.0,1.0,12,12,1.0,16,16,1.0,False,0,True,True
00020051,8,8,8,8,4,4,4,4,1.0,1.0,4,4,1.0,8,8,1.0,False,0,True,True
00020329,4,4,4,4,2,2,2,2,1.0,1.0,2,2,1.0,4,4,1.0,False,0,True,True
00020425,20,20,20,20,10,4,10,6,1.0,1.5,5,5,1.0,8,8,1.0,False,0,True,True
00020473,4,4,4,4,2,2,2,2,1.0,1.0,2,2,1.0,4,4,1.0,False,0,True,True
00020503,12,12,12,12,6,2,6,2,1.0,1.0,3,3,1.0,4,4,1.0,False,0,True,True
00020600,0,0,0,0,0,0,0,0,,,0,0,,0,0,,False,0,True,True
00020602,0,0,0,0,0,0,0,0,,,0,0,,0,0,,True,0,True,True
00020734,4,4,4,4,2,2,2,2,1.0,1.0,2,2,1.0,4,4,1.0,False,0,True,True
00020834,0,0,0,0,0,0,0,0,,,0,0,,0,0,,False,0,True,True
00020904,0,0,0,0,0,0,0,0,,,0,0,,0,0,,False,0,True,True
00020906,0,0,0,0,0,0,0,0,,,0,0,,0,0,,False,0,True,True
00020942,0,0,0,0,0,0,0,0,,,0,0,,0,0,,False,0,True,True
00021067,10,10,10,10,6,4,6,4,1.0,1.0,8,8,1.0,12,12,1.0,False,0,True,True
00021072,14,14,14,14,7,7,7,7,1.0,1.0,10,10,1.0,17,17,1.0,False,0,True,True
00021104,15,15,15,15,7,8,7,8,1.0,1.0,13,13,1.0,20,20,1.0,False,0,True,True
00021153,14,14,14,14,7,7,7,6,1.0,0.8571428571428571,9,10,0.9,15,17,0.8823529411764706,False,0,True,True
00021216,4,4,4,4,2,2,2,2,1.0,1.0,2,2,1.0,4,4,1.0,False,0,True,True
00021416,24,24,24,24,8,8,7,6,0.875,0.75,2,4,0.5,4,8,0.5,True,6,True,True
00021854,9,9,9,9,4,4,4,4,1.0,1.0,4,4,1.0,8,8,1.0,False,0,True,True
00021911,0,0,0,0,0,0,0,0,,,0,0,,0,0,,False,0,True,True
00021937,0,0,0,0,0,0,0,0,,,0,0,,0,0,,False,0,True,True
00021948,0,0,0,0,0,0,0,0,,,0,0,,0,0,,False,0,True,False
00021992,4,4,4,4,2,2,2,2,1.0,1.0,2,2,1.0,4,4,1.0,False,0,True,True
00022077,0,0,0,0,0,0,0,0,,,0,0,,0,0,,False,0,True,True
00022172,14,12,14,12,10,4,10,2,1.0,0.5,2,3,0.6666666666666666,3,4,0.75,False,2,True,True
00022201,12,12,12,12,6,6,5,5,0.8333333333333334,0.8333333333333334,8,12,0.6666666666666666,12,18,0.6666666666666666,False,0,True,True
00022650,4,4,4,4,2,2,2,2,1.0,1.0,2,2,1.0,4,4,1.0,False,0,True,True
00022678,4,4,4,4,2,2,2,2,1.0,1.0,2,2,1.0,4,4,1.0,False,0,True,True
00022687,2,2,2,2,2,0,2,0,1.0,,1,1,1.0,0,0,,False,0,True,True
00022691,0,0,0,0,0,0,0,0,,,0,0,,0,0,,False,0,True,True
00022793,4,4,4,4,2,2,2,2,1.0,1.0,2,2,1.0,4,4,1.0,False,0,True,True
00022829,0,0,0,0,0,0,0,0,,,0,0,,0,0,,False,0,True,True
00022853,4,4,4,4,2,2,2,2,1.0,1.0,2,2,1.0,4,4,1.0,False,0,True,True
00024004,4,4,4,4,2,2,2,2,1.0,1.0,2,2,1.0,4,4,1.0,False,0,True,True
00024132,16,16,16,16,8,8,8,8,1.0,1.0,8,8,1.0,16,16,1.0,False,0,True,True
00024399,5,6,5,5,3,2,2,2,0.6666666666666666,1.0,0,0,,0,0,,False,1,True,True
00024550,4,4,4,4,2,2,2,2,1.0,1.0,2,2,1.0,4,4,1.0,False,0,True,True
00024633,4,4,4,4,2,2,2,2,1.0,1.0,2,2,1.0,4,4,1.0,False,0,True,True
00024653,4,4,4,4,2,2,2,2,1.0,1.0,2,2,1.0,4,4,1.0,False,0,True,True
00024674,4,4,4,4,2,2,2,2,1.0,1.0,2,2,1.0,4,4,1.0,False,0,True,True
00024819,4,4,4,4,2,2,2,2,1.0,1.0,2,2,1.0,4,4,1.0,False,0,True,True
00024838,33,33,33,33,14,6,14,7,1.0,1.1666666666666667,9,38,0.23684210526315788,16,24,0.6666666666666666,False,0,True,True
00025814,12,12,12,12,2,2,2,2,1.0,1.0,2,6,0.3333333333333333,0,0,,False,0,True,True
00025913,0,0,0,0,0,0,0,0,,,0,0,,0,0,,False,0,True,True
00026015,8,8,8,8,4,4,4,4,1.0,1.0,12,12,1.0,16,16,1.0,False,0,True,True
00026284,14,15,14,14,12,2,9,2,0.75,1.0,0,0,,0,0,,False,1,True,True
00026311,32,34,32,34,16,16,16,12,1.0,0.75,10,14,0.7142857142857143,21,28,0.75,True,1,True,True
00026321,4,4,4,4,2,2,2,2,1.0,1.0,2,2,1.0,4,4,1.0,False,0,True,True
00026341,4,4,4,4,2,2,2,2,1.0,1.0,2,2,1.0,4,4,1.0,False,0,True,True
00026379,6,6,6,6,3,3,3,3,1.0,1.0,6,6,1.0,9,9,1.0,False,0,True,True
00026388,22,22,22,22,8,4,10,6,1.25,1.5,7,9,0.7777777777777778,0,5,0.0,False,0,True,True
00026598,0,0,0,0,0,0,0,0,,,0,0,,0,0,,False,0,True,True
00026634,0,0,0,0,0,0,0,0,,,0,0,,0,0,,False,0,True,True
00026789,2,2,2,2,2,0,2,0,1.0,,1,1,1.0,0,0,,False,0,True,True
00026895,4,4,4,4,2,2,2,2,1.0,1.0,2,2,1.0,4,4,1.0,False,0,True,True
00026929,14,14,14,14,8,6,7,6,0.875,1.0,8,10,0.8,14,16,0.875,False,0,True,True
00026943,12,12,12,12,6,6,6,6,1.0,1.0,6,6,1.0,12,12,1.0,False,0,True,True
00027215,3,3,3,3,1,1,1,1,1.0,1.0,0,0,,1,1,1.0,False,0,True,True
00027421,8,8,8,8,6,2,6,2,1.0,1.0,3,3,1.0,4,4,1.0,False,0,True,True
00027537,5,5,5,5,2,3,2,3,1.0,1.0,4,4,1.0,6,6,1.0,False,0,True,True
00027709,4,4,4,4,2,2,2,2,1.0,1.0,2,2,1.0,4,4,1.0,False,0,True,True
00027954,8,8,8,8,4,4,4,4,1.0,1.0,12,12,1.0,16,16,1.0,False,0,True,True
00028006,14,14,14,14,8,6,5,5,0.625,0.8333333333333334,8,23,0.34782608695652173,13,28,0.4642857142857143,False,0,True,True
00028063,0,0,0,0,0,0,0,0,,,0,0,,0,0,,False,0,True,True
00028145,0,0,0,0,0,0,0,0,,,0,0,,0,0,,False,0,True,True
00029635,8,8,8,8,4,4,4,4,1.0,1.0,4,4,1.0,8,8,1.0,False,0,True,True
00029675,0,0,0,0,0,0,0,0,,,0,0,,0,0,,False,0,True,True
00029684,4,4,4,4,2,2,2,2,1.0,1.0,2,2,1.0,4,4,1.0,False,0,True,True
00029798,2,2,2,2,2,0,2,0,1.0,,1,1,1.0,0,0,,False,0,True,True
00029925,3,3,3,3,1,2,1,2,1.0,1.0,1,1,1.0,2,2,1.0,False,0,True,True
00030221,0,0,0,0,0,0,0,0,,,0,0,,0,0,,False,0,True,True
00030291,4,4,4,4,2,0,2,0,1.0,,1,1,1.0,0,0,,False,0,True,True
00030395,4,4,4,4,2,2,2,2,1.0,1.0,2,2,1.0,4,4,1.0,False,0,True,True
00030403,4,4,4,4,2,2,2,2,1.0,1.0,2,2,1.0,4,4,1.0,False,0,True,True
00030648,12,12,12,12,6,6,6,6,1.0,1.0,2,2,1.0,8,8,1.0,False,0,True,True
00030968,4,4,4,4,2,1,2,1,1.0,1.0,1,1,1.0,2,2,1.0,False,0,True,True
00030977,4,4,4,4,0,2,0,2,,1.0,1,1,1.0,0,0,,False,0,True,True
00031007,4,4,4,4,2,2,2,2,1.0,1.0,2,2,1.0,4,4,1.0,False,0,True,True
00031302,1,1,1,1,1,0,1,0,1.0,,0,0,,0,0,,False,0,True,True
00031719,8,8,8,8,4,4,4,4,1.0,1.0,4,4,1.0,8,8,1.0,False,0,True,True
00032096,4,4,4,4,2,2,2,2,1.0,1.0,2,2,1.0,4,4,1.0,False,0,True,True
00032113,4,4,4,4,2,2,2,2,1.0,1.0,2,2,1.0,4,4,1.0,False,0,True,True
00032141,4,4,4,4,2,2,2,2,1.0,1.0,2,2,1.0,4,4,1.0,False,0,True,True
00032210,4,4,4,4,2,2,2,2,1.0,1.0,2,2,1.0,4,4,1.0,False,0,True,True
00032221,4,4,4,4,2,2,2,2,1.0,1.0,2,2,1.0,4,4,1.0,False,0,True,True
00032282,0,0,0,0,0,0,0,0,,,0,0,,0,0,,False,0,True,True
00032338,6,6,6,6,3,3,3,3,1.0,1.0,6,6,1.0,9,9,1.0,False,0,True,True
00032357,8,8,8,8,4,4,4,4,1.0,1.0,4,4,1.0,8,8,1.0,False,0,True,True
00032613,24,24,24,24,12,12,12,12,1.0,1.0,20,20,1.0,32,32,1.0,False,0,True,True
00032795,0,0,0,0,0,0,0,0,,,0,0,,0,0,,False,0,True,True
00033093,4,4,4,4,2,2,2,2,1.0,1.0,2,2,1.0,4,4,1.0,False,0,True,True
00033101,0,0,0,0,0,0,0,0,,,0,0,,0,0,,False,0,True,True
00033121,10,10,10,10,4,4,4,4,1.0,1.0,4,4,1.0,8,8,1.0,False,0,True,True
00033624,4,4,4,4,2,2,2,2,1.0,1.0,2,2,1.0,4,4,1.0,False,0,True,True
00033625,4,4,4,4,2,2,2,2,1.0,1.0,2,2,1.0,4,4,1.0,False,0,True,True
00033718,4,4,4,4,2,2,2,2,1.0,1.0,2,2,1.0,4,4,1.0,False,0,True,True
00033739,8,8,8,8,4,4,4,3,1.0,0.75,9,12,0.75,12,16,0.75,False,0,True,True
00033747,12,12,12,12,6,6,6,5,1.0,0.8333333333333334,5,6,0.8333333333333334,10,12,0.8333333333333334,False,0,True,True
00033815,4,4,4,4,2,2,2,2,1.0,1.0,2,2,1.0,4,4,1.0,False,0,True,True
00033822,10,10,10,10,6,4,5,3,0.8333333333333334,0.75,13,21,0.6190476190476191,19,24,0.7916666666666666,False,0,True,True
00033872,0,0,0,0,0,0,0,0,,,0,0,,0,0,,False,0,True,True
00033968,10,9,10,9,3,7,3,3,1.0,0.42857142857142855,0,0,,0,0,,False,1,True,True
00034053,0,0,0,0,0,0,0,0,,,0,0,,0,0,,False,0,True,True
00034096,24,24,24,24,12,12,9,10,0.75,0.8333333333333334,82,132,0.6212121212121212,114,144,0.7916666666666666,False,0,True,True
00034102,8,8,8,8,4,4,4,4,1.0,1.0,12,12,1.0,16,16,1.0,False,0,True,True
00034261,4,4,4,4,2,2,2,2,1.0,1.0,2,2,1.0,4,4,1.0,False,0,True,True
00034298,4,4,4,4,2,2,2,2,1.0,1.0,2,2,1.0,4,4,1.0,False,0,True,True
00034451,4,4,4,4,2,2,2,2,1.0,1.0,2,2,1.0,4,4,1.0,False,0,True,True
00034501,0,0,0,0,0,0,0,0,,,0,0,,0,0,,False,0,True,True
00034821,0,0,0,0,0,0,0,0,,,0,0,,0,0,,False,0,True,True
00035085,10,10,10,10,4,6,4,5,1.0,0.8333333333333334,16,21,0.7619047619047619,24,24,1.0,False,0,True,True
00035096,4,4,4,4,2,2,2,2,1.0,1.0,2,2,1.0,4,4,1.0,False,0,True,True
00035151,4,4,4,4,2,2,2,2,1.0,1.0,2,2,1.0,4,4,1.0,False,0,True,True
00035207,4,4,4,4,2,2,2,2,1.0,1.0,2,2,1.0,4,4,1.0,False,0,True,True
00035212,12,12,12,12,6,6,6,5,1.0,0.8333333333333334,11,14,0.7857142857142857,16,20,0.8,False,0,True,True
00035243,4,4,4,4,2,1,2,1,1.0,1.0,1,1,1.0,2,2,1.0,False,0,True,True
00035415,4,4,4,4,2,2,2,2,1.0,1.0,2,2,1.0,4,4,1.0,False,0,True,True
00035443,20,20,20,20,10,10,10,10,1.0,1.0,10,10,1.0,20,20,1.0,False,0,True,True
00035541,4,4,4,4,2,2,2,2,1.0,1.0,2,2,1.0,4,4,1.0,False,0,True,True
00035945,0,0,0,0,0,0,0,0,,,0,0,,0,0,,False,0,True,True
00035952,0,0,0,0,0,0,0,0,,,0,0,,0,0,,False,0,True,True
00035978,0,0,0,0,0,0,0,0,,,0,0,,0,0,,False,0,True,True
00036066,4,4,4,4,2,0,2,0,1.0,,1,1,1.0,0,0,,False,0,True,True
00036078,16,17,16,17,4,6,7,6,1.75,1.0,4,4,1.0,8,8,1.0,False,1,True,True
00036121,0,0,0,0,0,0,0,0,,,0,0,,0,0,,False,0,True,True
00036257,8,8,8,8,4,4,4,4,1.0,1.0,4,4,1.0,8,8,1.0,False,0,True,True
00036288,28,28,28,28,14,14,14,14,1.0,1.0,14,14,1.0,28,28,1.0,False,0,True,True
00036454,4,4,4,4,2,2,2,2,1.0,1.0,2,2,1.0,4,4,1.0,False,0,True,True
00036471,2,3,2,3,1,0,1,1,1.0,,0,0,,0,0,,False,1,True,True
00036495,0,0,0,0,0,0,0,0,,,0,0,,0,0,,False,0,True,True
00036727,4,4,4,4,2,2,2,2,1.0,1.0,2,2,1.0,4,4,1.0,False,0,True,True
00036754,4,4,4,4,2,2,2,2,1.0,1.0,2,2,1.0,4,4,1.0,False,0,True,True
00036786,8,8,8,8,4,4,4,4,1.0,1.0,4,4,1.0,8,8,1.0,False,0,True,True
00036994,0,0,0,0,0,0,0,0,,,0,0,,0,0,,False,0,True,True
00037008,0,0,0,0,0,0,0,0,,,0,0,,0,0,,False,0,True,True
00037089,4,4,4,4,2,2,2,2,1.0,1.0,2,2,1.0,4,4,1.0,False,0,True,True
00037128,20,20,20,20,10,10,10,8,1.0,0.8,14,18,0.7777777777777778,22,28,0.7857142857142857,False,0,True,True
00037265,0,0,0,0,0,0,0,0,,,0,0,,0,0,,False,0,True,True
00037317,4,4,4,4,2,2,2,2,1.0,1.0,2,2,1.0,4,4,1.0,False,0,True,True
00037399,4,4,4,4,2,2,2,2,1.0,1.0,2,2,1.0,4,4,1.0,False,0,True,True
00037493,4,4,4,4,2,2,2,2,1.0,1.0,2,2,1.0,4,4,1.0,False,0,True,True
00037503,4,4,4,4,2,2,2,2,1.0,1.0,2,2,1.0,4,4,1.0,False,0,True,True
00037522,0,0,0,0,0,0,0,0,,,0,0,,0,0,,False,0,True,True
00037960,0,0,0,0,0,0,0,0,,,0,0,,0,0,,False,0,True,True
00037994,6,6,6,6,2,4,2,4,1.0,1.0,7,7,1.0,8,8,1.0,False,0,True,True
00038103,16,18,16,17,8,6,8,4,1.0,0.6666666666666666,2,2,1.0,4,4,1.0,False,1,True,True
00038377,4,4,4,4,2,2,2,2,1.0,1.0,2,2,1.0,4,4,1.0,False,0,True,True
00038614,8,8,8,8,4,4,4,4,1.0,1.0,12,12,1.0,16,16,1.0,False,0,True,True
00038775,6,6,6,6,3,3,3,3,1.0,1.0,6,6,1.0,9,9,1.0,False,0,True,True
00038847,8,8,8,8,4,4,4,4,1.0,1.0,4,4,1.0,8,8,1.0,False,0,True,True
00038869,6,6,6,6,3,3,3,3,1.0,1.0,6,6,1.0,9,9,1.0,False,0,True,True
00038934,6,6,6,6,3,3,3,3,1.0,1.0,6,6,1.0,9,9,1.0,False,0,True,True
00039012,0,0,0,0,0,0,0,0,,,0,0,,0,0,,False,0,True,True
00039104,0,0,0,0,0,0,0,0,,,0,0,,0,0,,False,0,True,True
00039164,2,2,2,2,0,2,0,2,,1.0,1,1,1.0,0,0,,False,0,True,True
00039253,9,9,9,9,4,4,4,4,1.0,1.0,6,12,0.5,10,16,0.625,False,0,True,True
00039347,20,26,20,25,8,10,9,13,1.125,1.3,2,3,0.6666666666666666,0,0,,False,6,True,True
00039383,4,4,4,4,2,2,2,2,1.0,1.0,2,2,1.0,4,4,1.0,False,0,True,True
00039769,4,4,4,4,2,2,2,2,1.0,1.0,2,2,1.0,4,4,1.0,False,0,True,True
00040376,20,21,20,21,12,6,12,7,1.0,1.1666666666666667,13,16,0.8125,18,20,0.9,False,1,True,True
00040779,4,4,4,4,2,2,2,2,1.0,1.0,2,2,1.0,4,4,1.0,False,0,True,True
00041117,4,4,4,4,0,1,0,2,,2.0,0,1,0.0,0,0,,False,0,True,True
00041174,4,4,4,4,2,2,2,2,1.0,1.0,2,2,1.0,4,4,1.0,False,0,True,True
00041193,6,6,6,6,3,3,3,3,1.0,1.0,0,0,,2,2,1.0,False,0,True,True
00041772,4,4,4,4,2,2,2,2,1.0,1.0,2,2,1.0,4,4,1.0,False,0,True,True
00042048,4,4,4,4,2,2,2,2,1.0,1.0,2,2,1.0,4,4,1.0,False,0,True,True
00042155,4,4,4,4,2,2,2,2,1.0,1.0,2,2,1.0,4,4,1.0,False,0,True,True
00042292,4,4,4,4,2,2,2,2,1.0,1.0,2,2,1.0,4,4,1.0,False,0,True,True
00042324,8,8,8,8,4,4,4,4,1.0,1.0,4,4,1.0,8,8,1.0,False,0,True,True
00042336,0,0,0,0,0,0,0,0,,,0,0,,0,0,,False,0,True,True
00042408,12,12,12,12,6,6,3,3,0.5,0.5,2,30,0.06666666666666667,23,36,0.6388888888888888,False,0,True,True
00042414,20,20,20,20,10,10,10,10,1.0,1.0,10,10,1.0,20,20,1.0,False,0,True,True
00042483,8,8,8,8,3,3,3,3,1.0,1.0,2,2,1.0,5,5,1.0,False,0,True,True
00042491,15,21,15,21,3,3,2,10,0.6666666666666666,3.3333333333333335,0,0,,0,0,,False,4,True,True
00042493,4,4,4,4,2,2,2,2,1.0,1.0,2,2,1.0,4,4,1.0,False,0,True,True
00042501,14,18,14,18,4,10,4,8,1.0,0.8,1,2,0.5,2,4,0.5,True,2,True,True
00042564,8,8,8,8,4,4,4,4,1.0,1.0,4,4,1.0,8,8,1.0,False,0,True,True
00042565,16,16,16,16,8,8,8,8,1.0,1.0,8,8,1.0,16,16,1.0,False,0,True,True
00042594,16,16,16,16,8,8,8,8,1.0,1.0,8,8,1.0,16,16,1.0,False,0,True,True
00042595,12,12,12,12,6,6,6,6,1.0,1.0,6,6,1.0,12,12,1.0,False,0,True,True
00043034,30,30,30,30,3,0,4,4,1.3333333333333333,,0,3,0.0,0,0,,False,0,True,True
00043054,8,8,8,8,4,4,4,4,1.0,1.0,4,4,1.0,8,8,1.0,False,0,True,True
00043221,4,4,4,4,2,2,2,2,1.0,1.0,2,2,1.0,4,4,1.0,False,0,True,True
00043284,4,4,4,4,2,2,2,2,1.0,1.0,2,2,1.0,4,4,1.0,False,0,True,True
00043288,4,4,4,4,2,2,2,2,1.0,1.0,2,2,1.0,4,4,1.0,False,0,True,True
00043430,4,4,4,4,2,2,2,2,1.0,1.0,2,2,1.0,4,4,1.0,False,0,True,True
00043436,4,4,4,4,2,2,2,2,1.0,1.0,2,2,1.0,4,4,1.0,False,0,True,True
00043885,31,33,31,33,15,12,14,6,0.9333333333333333,0.5,0,0,,2,4,0.5,True,1,True,True
00044176,3,3,3,3,0,1,0,1,,1.0,0,0,,0,0,,False,0,True,True
00044486,24,24,24,24,8,12,8,12,1.0,1.0,16,18,0.8888888888888888,20,24,0.8333333333333334,False,0,True,True
00044547,8,8,8,8,4,4,4,4,1.0,1.0,12,12,1.0,16,16,1.0,False,0,True,True
00044738,18,18,18,18,6,8,7,8,1.1666666666666667,1.0,6,6,1.0,12,12,1.0,False,0,True,True
00044766,0,0,0,0,0,0,0,0,,,0,0,,0,0,,False,0,True,True
00045026,16,16,16,16,8,8,8,8,1.0,1.0,8,8,1.0,16,16,1.0,False,0,True,True
00045133,4,4,4,4,2,2,2,2,1.0,1.0,2,2,1.0,4,4,1.0,False,0,True,True
00045135,15,15,15,15,3,0,3,2,1.0,,0,0,,0,2,0.0,False,0,True,True
00045168,4,4,4,4,2,2,2,2,1.0,1.0,2,2,1.0,4,4,1.0,False,0,True,True
00045203,0,0,0,0,0,0,0,0,,,0,0,,0,0,,False,0,True,True
00045232,4,4,4,4,2,2,2,2,1.0,1.0,2,2,1.0,4,4,1.0,False,0,True,True
00045236,4,4,4,4,2,2,2,2,1.0,1.0,2,2,1.0,4,4,1.0,False,0,True,True
00045256,4,4,4,4,2,2,2,2,1.0,1.0,2,2,1.0,4,4,1.0,False,0,True,True
00045703,12,12,12,12,6,6,6,6,1.0,1.0,6,6,1.0,12,12,1.0,False,0,True,True
00045845,0,0,0,0,0,0,0,0,,,0,0,,0,0,,False,0,True,True
00046003,11,11,11,11,4,5,5,5,1.25,1.0,4,4,1.0,8,8,1.0,False,0,True,True
00046103,3,1,3,1,1,1,0,0,0.0,0.0,0,0,,0,0,,False,1,True,True
00046785,4,4,4,4,2,2,2,2,1.0,1.0,2,2,1.0,4,4,1.0,False,0,True,True
00046872,16,16,16,16,8,8,8,6,1.0,0.75,31,56,0.5535714285714286,52,64,0.8125,False,0,True,True
00047054,9,9,9,9,5,3,5,3,1.0,1.0,13,13,1.0,15,15,1.0,False,0,True,True
00047057,24,24,24,24,10,7,10,8,1.0,1.1428571428571428,3,10,0.3,11,17,0.6470588235294118,False,0,True,True
00047085,0,0,0,0,0,0,0,0,,,0,0,,0,0,,False,0,True,True
00047291,10,10,10,10,4,4,5,4,1.25,1.0,4,4,1.0,8,8,1.0,False,0,True,True
00047484,0,0,0,0,0,0,0,0,,,0,0,,0,0,,False,0,True,True
00047519,4,4,4,4,2,2,2,2,1.0,1.0,2,2,1.0,4,4,1.0,False,0,True,True
00047522,4,4,4,4,2,2,2,2,1.0,1.0,2,2,1.0,4,4,1.0,False,0,True,True
00047559,12,12,12,12,6,6,4,5,0.6666666666666666,0.8333333333333334,16,30,0.5333333333333333,20,36,0.5555555555555556,False,0,True,True
00047753,0,0,0,0,0,0,0,0,,,0,0,,0,0,,False,0,True,True
00047798,12,12,12,12,6,6,6,6,1.0,1.0,14,14,1.0,20,20,1.0,False,0,True,True
00047984,9,9,9,9,2,2,2,2,1.0,1.0,2,3,0.6666666666666666,4,4,1.0,False,0,True,True
00047996,14,14,14,14,7,7,7,5,1.0,0.7142857142857143,7,10,0.7,11,17,0.6470588235294118,False,0,True,True
00048273,0,0,0,0,0,0,0,0,,,0,0,,0,0,,False,0,True,True
00048368,8,8,8,8,4,4,4,4,1.0,1.0,4,4,1.0,8,8,1.0,False,0,True,True
00048546,6,0,6,5,0,2,0,0,,0.0,0,0,,0,0,,False,0,True,False
00048658,4,4,4,4,2,2,2,2,1.0,1.0,2,2,1.0,4,4,1.0,False,0,True,True
00048728,0,0,0,0,0,0,0,0,,,0,0,,0,0,,False,0,True,True
00048739,0,0,0,0,0,0,0,0,,,0,0,,0,0,,False,0,True,True
00049272,0,0,0,0,0,0,0,0,,,0,0,,0,0,,False,0,True,True
00049791,0,0,0,0,0,0,0,0,,,0,0,,0,0,,False,0,True,True
00049922,1,1,1,1,0,1,0,1,,1.0,0,0,,0,0,,False,0,True,True
00050193,8,8,8,8,4,4,4,3,1.0,0.75,9,12,0.75,16,16,1.0,False,0,True,True
00050436,0,0,0,0,0,0,0,0,,,0,0,,0,0,,False,0,True,True
00050446,12,12,12,12,6,6,6,6,1.0,1.0,6,6,1.0,12,12,1.0,False,0,True,True
00050464,0,0,0,0,0,0,0,0,,,0,0,,0,0,,False,0,True,True
00050520,4,4,4,4,2,2,2,2,1.0,1.0,2,2,1.0,4,4,1.0,False,0,True,True
00050553,0,0,0,0,0,0,0,0,,,0,0,,0,0,,False,0,True,True
00050586,0,0,0,0,0,0,0,0,,,0,0,,0,0,,False,0,True,True
00050635,4,4,4,4,2,2,2,2,1.0,1.0,2,2,1.0,4,4,1.0,False,0,True,True
00050703,12,12,12,12,6,6,6,6,1.0,1.0,6,6,1.0,12,12,1.0,False,0,True,True
00050749,4,4,4,4,2,2,2,2,1.0,1.0,2,2,1.0,4,4,1.0,False,0,True,True
00050760,4,4,4,4,2,2,2,2,1.0,1.0,2,2,1.0,4,4,1.0,False,0,True,True
00050922,4,4,4,4,2,2,2,2,1.0,1.0,2,2,1.0,4,4,1.0,False,0,True,True
00051009,1,1,1,1,1,0,1,0,1.0,,0,0,,0,0,,False,0,True,True
00051122,4,4,4,4,2,2,2,2,1.0,1.0,2,2,1.0,4,4,1.0,False,0,True,True
00051232,4,4,4,4,2,2,2,2,1.0,1.0,2,2,1.0,4,4,1.0,False,0,True,True
00051370,8,8,8,8,4,4,4,4,1.0,1.0,4,4,1.0,8,8,1.0,False,0,True,True
00051376,0,0,0,0,0,0,0,0,,,0,0,,0,0,,False,0,True,True
00051457,5,5,5,5,2,2,2,2,1.0,1.0,2,2,1.0,4,4,1.0,False,0,True,True
00051465,4,4,4,4,2,2,2,2,1.0,1.0,2,2,1.0,4,4,1.0,False,0,True,True
00051521,4,4,4,4,2,2,2,2,1.0,1.0,2,2,1.0,4,4,1.0,False,0,True,True
00051642,8,8,8,8,4,4,4,4,1.0,1.0,12,12,1.0,16,16,1.0,False,0,True,True
00051676,0,0,0,0,0,0,0,0,,,0,0,,0,0,,False,0,True,True
00051710,4,4,4,4,2,2,2,2,1.0,1.0,2,2,1.0,4,4,1.0,False,0,True,True
00051852,20,20,20,20,10,10,10,10,1.0,1.0,10,10,1.0,20,20,1.0,False,0,True,True
00051875,4,4,4,4,2,2,2,2,1.0,1.0,2,2,1.0,4,4,1.0,False,0,True,True
00051954,0,0,0,0,0,0,0,0,,,0,0,,0,0,,False,0,True,True
00051983,12,12,12,12,4,4,4,5,1.0,1.25,9,12,0.75,12,16,0.75,False,0,True,True
00052220,14,14,14,14,8,2,7,2,0.875,1.0,6,8,0.75,4,4,1.0,False,0,True,True
00052336,10,11,10,11,4,6,5,5,1.25,0.8333333333333334,4,4,1.0,8,8,1.0,False,1,True,True
00052367,0,0,0,0,0,0,0,0,,,0,0,,0,0,,False,0,True,True
00052829,5,5,5,5,2,1,2,1,1.0,1.0,1,1,1.0,2,2,1.0,False,0,True,True
00052876,0,0,0,0,0,0,0,0,,,0,0,,0,0,,False,0,True,True
00053073,5,5,5,5,3,2,3,2,1.0,1.0,4,4,1.0,6,6,1.0,False,0,True,True
00053171,4,4,4,4,2,2,2,2,1.0,1.0,2,2,1.0,4,4,1.0,False,0,True,True
00053416,13,13,13,13,6,7,6,7,1.0,1.0,6,6,1.0,12,12,1.0,False,0,True,True
00053603,6,6,6,6,2,2,2,2,1.0,1.0,2,2,1.0,4,4,1.0,False,0,True,True
00053704,12,12,12,12,6,6,6,6,1.0,1.0,6,6,1.0,12,12,1.0,False,0,True,True
00053903,7,7,7,7,4,3,4,2,1.0,0.6666666666666666,2,9,0.2222222222222222,7,12,0.5833333333333334,False,0,True,True
00053929,0,0,0,0,0,0,0,0,,,0,0,,0,0,,False,0,True,True
00054095,12,12,12,12,5,4,6,4,1.2,1.0,6,6,1.0,10,10,1.0,False,0,True,True
00054185,0,0,0,0,0,0,0,0,,,0,0,,0,0,,False,0,True,True
00054311,3,3,3,3,1,2,1,2,1.0,1.0,1,1,1.0,2,2,1.0,False,0,True,True
00054469,8,8,8,8,4,4,4,4,1.0,1.0,4,4,1.0,8,8,1.0,False,0,True,True
00055338,0,0,0,0,0,0,0,0,,,0,0,,0,0,,False,0,True,True
00055496,8,9,8,9,4,4,4,4,1.0,1.0,2,2,1.0,4,4,1.0,True,1,True,True
00055503,4,4,4,4,2,2,2,2,1.0,1.0,2,2,1.0,4,4,1.0,False,0,True,True
00055575,4,4,4,4,2,2,2,2,1.0,1.0,2,2,1.0,4,4,1.0,False,0,True,True
00055695,0,0,0,0,0,0,0,0,,,0,0,,0,0,,False,0,True,True
00055826,4,4,4,4,2,0,2,0,1.0,,1,1,1.0,0,0,,False,0,True,True
00055900,4,4,4,4,2,2,2,2,1.0,1.0,2,2,1.0,4,4,1.0,False,0,True,True
00055963,12,12,12,12,6,6,5,5,0.8333333333333334,0.8333333333333334,20,30,0.6666666666666666,31,36,0.8611111111111112,False,0,True,True
00056263,0,0,0,0,0,0,0,0,,,0,0,,0,0,,False,0,True,True
00056275,0,0,0,0,0,0,0,0,,,0,0,,0,0,,False,0,True,True
00056405,4,4,4,4,2,2,2,2,1.0,1.0,2,2,1.0,4,4,1.0,False,0,True,True
00056777,0,0,0,0,0,0,0,0,,,0,0,,0,0,,False,0,True,True
00057626,9,8,9,8,2,7,2,5,1.0,0.7142857142857143,2,3,0.6666666666666666,2,2,1.0,False,1,True,True
00057930,0,0,0,0,0,0,0,0,,,0,0,,0,0,,False,0,True,True
00058054,4,4,4,4,4,0,4,0,1.0,,2,2,1.0,0,0,,False,0,True,True
00058281,4,4,4,4,2,2,2,2,1.0,1.0,2,2,1.0,4,4,1.0,False,0,True,True
00058312,4,4,4,4,2,2,2,2,1.0,1.0,2,2,1.0,4,4,1.0,False,0,True,True
00058464,20,20,20,20,12,6,12,6,1.0,1.0,16,16,1.0,20,20,1.0,False,0,True,True
00058541,4,4,4,4,2,2,2,2,1.0,1.0,2,2,1.0,4,4,1.0,False,0,True,True
00058669,12,0,12,11,6,6,0,0,0.0,0.0,0,0,,0,0,,False,0,True,False
00058704,4,4,4,4,2,2,2,2,1.0,1.0,2,2,1.0,4,4,1.0,False,0,True,True
00059014,12,12,12,12,6,6,5,5,0.8333333333333334,0.8333333333333334,12,30,0.4,23,36,0.6388888888888888,False,0,True,True
00059311,2,2,2,2,2,0,2,0,1.0,,1,1,1.0,0,0,,False,0,True,True
00059349,10,10,10,10,2,8,2,8,1.0,1.0,5,5,1.0,0,0,,False,0,True,True
00059364,4,4,4,4,2,2,2,2,1.0,1.0,2,2,1.0,4,4,1.0,False,0,True,True
00059365,8,8,8,8,4,4,4,4,1.0,1.0,12,12,1.0,16,16,1.0,False,0,True,True
00059368,4,4,4,4,2,2,2,2,1.0,1.0,2,2,1.0,4,4,1.0,False,0,True,True
00059898,2,2,2,2,2,0,2,0,1.0,,1,1,1.0,0,0,,False,0,True,True
00059989,4,4,4,4,2,2,2,2,1.0,1.0,2,2,1.0,4,4,1.0,False,0,True,True
00060016,16,16,16,15,2,14,5,4,2.5,0.2857142857142857,1,2,0.5,2,4,0.5,False,4,True,True
00060075,5,5,5,5,1,2,1,2,1.0,1.0,1,1,1.0,2,2,1.0,False,0,True,True
00060181,2,2,2,2,2,0,2,0,1.0,,1,1,1.0,0,0,,False,0,True,True
00060227,0,0,0,0,0,0,0,0,,,0,0,,0,0,,False,0,True,True
00060309,10,10,10,10,6,4,6,4,1.0,1.0,4,4,1.0,8,8,1.0,False,0,True,True
00060399,0,0,0,0,0,0,0,0,,,0,0,,0,0,,False,0,True,True
00060784,4,4,4,4,2,2,2,2,1.0,1.0,2,2,1.0,4,4,1.0,False,0,True,True
00061069,4,4,4,4,2,2,2,2,1.0,1.0,2,2,1.0,4,4,1.0,False,0,True,True
00061201,8,8,8,8,4,4,4,4,1.0,1.0,4,4,1.0,8,8,1.0,False,0,True,True
00061227,20,20,20,20,10,10,9,7,0.9,0.7,33,58,0.5689655172413793,47,68,0.6911764705882353,False,0,True,True
00061293,4,4,4,4,2,2,2,2,1.0,1.0,2,2,1.0,4,4,1.0,False,0,True,True
00061363,8,8,8,8,3,1,2,1,0.6666666666666666,1.0,0,1,0.0,1,2,0.5,False,0,True,True
00061514,18,18,18,18,12,6,7,6,0.5833333333333334,1.0,15,41,0.36585365853658536,30,40,0.75,False,0,True,True
00061589,8,8,8,8,4,4,4,4,1.0,1.0,12,12,1.0,16,16,1.0,False,0,True,True
00061702,0,0,0,0,0,0,0,0,,,0,0,,0,0,,False,0,True,True
00062291,0,0,0,0,0,0,0,0,,,0,0,,0,0,,False,0,True,True
00062366,0,0,0,0,0,0,0,0,,,0,0,,0,0,,False,0,True,True
00062633,16,16,16,16,6,10,6,8,1.0,0.8,11,20,0.55,20,20,1.0,False,0,True,True
00062927,12,12,12,12,6,6,6,6,1.0,1.0,6,6,1.0,12,12,1.0,False,0,True,True
00062992,12,12,12,12,6,6,6,5,1.0,0.8333333333333334,13,14,0.9285714285714286,18,20,0.9,False,0,True,True
00063116,0,0,0,0,0,0,0,0,,,0,0,,0,0,,False,0,True,True
00063296,4,4,4,4,2,2,2,2,1.0,1.0,2,2,1.0,4,4,1.0,False,0,True,True
00063379,2,2,2,2,2,0,2,0,1.0,,1,1,1.0,0,0,,False,0,True,True
00063555,7,7,7,7,2,2,3,2,1.5,1.0,3,3,1.0,4,6,0.6666666666666666,False,0,True,True
00063562,4,4,4,4,2,2,2,2,1.0,1.0,2,2,1.0,4,4,1.0,False,0,True,True
00063765,7,7,7,7,1,2,1,2,1.0,1.0,1,1,1.0,3,3,1.0,False,0,True,True
00063776,4,4,4,4,2,2,2,2,1.0,1.0,2,2,1.0,4,4,1.0,False,0,True,True
00063783,4,4,4,4,2,2,2,2,1.0,1.0,2,2,1.0,4,4,1.0,False,0,True,True
00063876,4,4,4,4,2,2,2,2,1.0,1.0,2,2,1.0,4,4,1.0,False,0,True,True
00064230,6,6,6,6,3,3,3,3,1.0,1.0,6,6,1.0,9,9,1.0,False,0,True,True
00064523,0,0,0,0,0,0,0,0,,,0,0,,0,0,,False,0,True,True
00064545,4,4,4,4,2,2,2,2,1.0,1.0,2,2,1.0,4,4,1.0,False,0,True,True
00064780,6,6,6,6,0,2,1,4,,2.0,1,1,1.0,0,0,,False,0,True,True
00065069,4,4,4,4,2,2,2,2,1.0,1.0,2,2,1.0,4,4,1.0,False,0,True,True
00065079,6,6,6,6,2,4,2,4,1.0,1.0,7,7,1.0,8,8,1.0,False,0,True,True
00065204,8,8,8,8,4,4,4,4,1.0,1.0,4,4,1.0,8,8,1.0,False,0,True,True
00065732,4,4,4,4,2,2,2,2,1.0,1.0,2,2,1.0,4,4,1.0,False,0,True,True
00065744,4,4,4,4,2,2,2,2,1.0,1.0,2,2,1.0,4,4,1.0,False,0,True,True
00065815,8,8,8,8,4,4,4,4,1.0,1.0,4,4,1.0,8,8,1.0,False,0,True,True
00066030,4,4,4,4,2,2,2,2,1.0,1.0,2,2,1.0,4,4,1.0,False,0,True,True
00066297,18,22,18,22,9,9,10,9,1.1111111111111112,1.0,2,2,1.0,4,4,1.0,True,4,True,True
00066440,4,4,4,4,2,2,2,2,1.0,1.0,2,2,1.0,4,4,1.0,False,0,True,True
00066692,0,0,0,0,0,0,0,0,,,0,0,,0,0,,False,0,True,True
00066694,5,5,5,5,2,2,2,2,1.0,1.0,2,2,1.0,4,4,1.0,False,0,True,True
00066795,4,4,4,4,2,2,2,2,1.0,1.0,2,2,1.0,4,4,1.0,False,0,True,True
00066823,0,0,0,0,0,0,0,0,,,0,0,,0,0,,False,0,True,True
00066852,6,6,6,6,0,0,0,0,,,1,1,1.0,0,0,,False,0,True,True
00066943,0,0,0,0,0,0,0,0,,,0,0,,0,0,,False,0,True,True
00067079,4,4,4,4,2,2,2,2,1.0,1.0,2,2,1.0,4,4,1.0,False,0,True,True
00067190,9,9,9,9,5,4,5,4,1.0,1.0,6,6,1.0,10,10,1.0,False,0,True,True
00067243,0,0,0,0,0,0,0,0,,,0,0,,0,0,,False,0,True,True
00067325,4,4,4,4,2,2,2,2,1.0,1.0,2,2,1.0,4,4,1.0,False,0,True,True
00067354,4,4,4,4,2,2,2,2,1.0,1.0,2,2,1.0,4,4,1.0,False,0,True,True
00067380,28,26,28,26,14,10,14,10,1.0,1.0,4,4,1.0,4,4,1.0,False,1,True,True
00067432,11,12,11,11,5,6,3,3,0.6,0.5,0,0,,0,0,,False,1,True,True
00067561,25,0,25,24,17,8,0,0,0.0,0.0,0,0,,0,0,,False,0,True,False
00067833,4,4,4,4,2,2,2,2,1.0,1.0,2,2,1.0,4,4,1.0,False,0,True,True
00067927,3,3,3,3,0,1,0,1,,1.0,0,0,,0,0,,False,0,True,True
00067937,6,6,6,6,2,0,2,0,1.0,,1,3,0.3333333333333333,0,0,,False,0,True,True
00068130,20,20,20,20,10,10,10,10,1.0,1.0,26,26,1.0,36,36,1.0,False,0,True,True
00068172,4,4,4,4,2,2,2,2,1.0,1.0,2,2,1.0,4,4,1.0,False,0,True,True
00068173,4,4,4,4,2,2,2,2,1.0,1.0,2,2,1.0,4,4,1.0,False,0,True,True
00068246,4,4,4,4,2,2,2,2,1.0,1.0,2,2,1.0,4,4,1.0,False,0,True,True
00068362,16,16,16,16,8,8,8,7,1.0,0.875,7,8,0.875,14,16,0.875,False,0,True,True
00068415,4,4,4,4,2,2,2,2,1.0,1.0,2,2,1.0,4,4,1.0,False,0,True,True
00068443,0,0,0,0,0,0,0,0,,,0,0,,0,0,,False,0,True,True
00068472,4,4,4,4,2,2,2,2,1.0,1.0,2,2,1.0,4,4,1.0,False,0,True,True
00068606,11,11,11,11,2,0,2,3,1.0,,0,1,0.0,0,0,,False,0,True,True
00068811,4,4,4,4,2,2,2,2,1.0,1.0,2,2,1.0,4,4,1.0,False,0,True,True
00069038,16,16,16,16,8,6,8,6,1.0,1.0,6,6,1.0,12,12,1.0,False,0,True,True
00069196,4,6,4,4,2,2,2,2,1.0,1.0,0,0,,0,0,,False,1,True,True
00069198,0,0,0,0,0,0,0,0,,,0,0,,0,0,,False,0,True,True
00069306,8,8,8,8,4,4,4,4,1.0,1.0,12,12,1.0,16,16,1.0,False,0,True,True
00069326,6,6,6,6,0,2,0,2,,1.0,1,1,1.0,0,0,,False,0,True,True
00069546,4,4,4,4,2,2,2,2,1.0,1.0,2,2,1.0,4,4,1.0,False,0,True,True
00069662,0,0,0,0,0,0,0,0,,,0,0,,0,0,,False,0,True,True
00069663,0,0,0,0,0,0,0,0,,,0,0,,0,0,,False,0,True,True
00069701,13,14,13,10,4,3,2,3,0.5,1.0,0,0,,0,0,,False,2,True,True
00069803,4,4,4,4,2,2,2,2,1.0,1.0,2,2,1.0,4,4,1.0,False,0,True,True
00070015,6,6,6,6,0,0,0,0,,,1,3,0.3333333333333333,0,0,,False,0,True,True
00070021,4,4,4,4,2,2,2,2,1.0,1.0,2,2,1.0,4,4,1.0,False,0,True,True
00070069,0,0,0,0,0,0,0,0,,,0,0,,0,0,,False,0,True,True
00070070,6,6,6,6,4,2,3,2,0.75,1.0,4,7,0.5714285714285714,8,8,1.0,False,0,True,True
00070093,4,4,4,4,2,2,2,2,1.0,1.0,2,2,1.0,4,4,1.0,False,0,True,True
00070266,7,8,7,8,1,6,1,5,1.0,0.8333333333333334,0,0,,0,0,,False,2,True,True
00070614,0,0,0,0,0,0,0,0,,,0,0,,0,0,,False,0,True,True
00070788,12,12,12,12,6,6,6,6,1.0,1.0,6,6,1.0,12,12,1.0,False,0,True,True
00070795,0,0,0,0,0,0,0,0,,,0,0,,0,0,,False,0,True,True
00070896,4,4,4,4,2,2,2,2,1.0,1.0,2,2,1.0,4,4,1.0,False,0,True,True
00071767,0,0,0,0,0,0,0,0,,,0,0,,0,0,,False,0,True,True
00071931,4,4,4,4,2,2,2,2,1.0,1.0,2,2,1.0,4,4,1.0,False,0,True,True
00072247,4,4,4,4,2,2,2,2,1.0,1.0,2,2,1.0,4,4,1.0,False,0,True,True
00072336,4,4,4,4,2,2,2,2,1.0,1.0,2,2,1.0,4,4,1.0,False,0,True,True
00072639,0,0,0,0,0,0,0,0,,,0,0,,0,0,,False,0,True,True
00072640,8,8,8,8,4,4,4,4,1.0,1.0,12,12,1.0,16,16,1.0,False,0,True,True
00072674,6,6,6,6,2,4,2,4,1.0,1.0,7,7,1.0,8,8,1.0,False,0,True,True
00072711,12,12,12,12,6,6,6,6,1.0,1.0,6,6,1.0,12,12,1.0,False,0,True,True
00072791,0,0,0,0,0,0,0,0,,,0,0,,0,0,,False,0,True,True
00072874,4,4,4,4,2,2,2,2,1.0,1.0,2,2,1.0,4,4,1.0,False,0,True,True
00073173,8,8,8,8,4,4,4,4,1.0,1.0,4,4,1.0,8,8,1.0,False,0,True,True
00073228,12,12,12,12,8,4,8,4,1.0,1.0,18,18,1.0,16,16,1.0,False,0,True,True
00073449,0,0,0,0,0,0,0,0,,,0,0,,0,0,,False,0,True,True
00073525,4,4,4,4,2,2,2,2,1.0,1.0,2,2,1.0,4,4,1.0,False,0,True,True
00073880,12,12,12,12,4,4,4,4,1.0,1.0,3,4,0.75,5,6,0.8333333333333334,False,0,True,True
00073937,4,4,4,4,2,2,2,2,1.0,1.0,2,2,1.0,4,4,1.0,False,0,True,True
00074035,0,0,0,0,0,0,0,0,,,0,0,,0,0,,False,0,True,True
00074262,0,0,0,0,0,0,0,0,,,0,0,,0,0,,False,0,True,True
00074551,8,8,8,8,4,4,4,4,1.0,1.0,4,4,1.0,8,8,1.0,False,0,True,True
00074698,0,0,0,0,0,0,0,0,,,0,0,,0,0,,False,0,True,True
00074812,20,20,20,20,10,10,10,10,1.0,1.0,10,10,1.0,20,20,1.0,False,0,True,True
00074925,8,8,8,8,4,4,4,4,1.0,1.0,4,4,1.0,8,8,1.0,False,0,True,True
00074972,32,31,32,31,4,8,7,12,1.75,1.5,5,9,0.5555555555555556,8,21,0.38095238095238093,False,1,True,True
00075272,0,0,0,0,0,0,0,0,,,0,0,,0,0,,False,0,True,True
00075616,4,4,4,4,2,2,2,2,1.0,1.0,2,2,1.0,4,4,1.0,False,0,True,True
00075742,12,10,12,10,3,0,4,0,1.3333333333333333,,0,0,,0,1,0.0,False,1,True,True
00075947,0,0,0,0,0,0,0,0,,,0,0,,0,0,,False,0,True,True
00076215,6,6,6,6,2,4,2,4,1.0,1.0,7,7,1.0,8,8,1.0,False,0,True,True
00076292,4,4,4,4,2,2,2,2,1.0,1.0,2,2,1.0,4,4,1.0,False,0,True,True
00076343,4,4,4,4,2,2,2,2,1.0,1.0,2,2,1.0,4,4,1.0,False,0,True,True
00076490,0,0,0,0,0,0,0,0,,,0,0,,0,0,,False,0,True,True
00076762,21,27,21,27,11,10,8,12,0.7272727272727273,1.2,4,11,0.36363636363636365,6,16,0.375,False,3,True,True
00076782,4,4,4,4,2,2,2,2,1.0,1.0,2,2,1.0,4,4,1.0,False,0,True,True
00077260,12,12,12,12,6,6,6,6,1.0,1.0,14,14,1.0,20,20,1.0,False,0,True,True
00077460,4,4,4,4,2,2,2,2,1.0,1.0,2,2,1.0,4,4,1.0,False,0,True,True
00077546,12,12,12,12,6,6,6,6,1.0,1.0,6,6,1.0,12,12,1.0,False,0,True,True
00077569,0,0,0,0,0,0,0,0,,,0,0,,0,0,,False,0,True,True
00077574,4,4,4,4,2,2,2,2,1.0,1.0,2,2,1.0,4,4,1.0,False,0,True,True
00077661,5,4,5,4,3,2,2,2,0.6666666666666666,1.0,0,0,,0,0,,False,1,True,True
00077685,14,14,14,14,6,7,5,6,0.8333333333333334,0.8571428571428571,2,2,1.0,4,4,1.0,False,2,True,True
00077902,12,12,12,12,6,6,6,6,1.0,1.0,6,6,1.0,12,12,1.0,False,0,True,True
00077903,14,15,14,14,8,6,7,6,0.875,1.0,8,8,1.0,14,14,1.0,False,1,True,True
00078112,6,6,6,6,0,0,1,2,,,0,3,0.0,0,0,,False,0,True,True
00078257,6,6,4,4,0,4,0,4,,1.0,6,6,1.0,9,9,1.0,False,0,True,True
00078629,4,4,4,4,2,2,2,2,1.0,1.0,2,2,1.0,4,4,1.0,False,0,True,True
00078706,0,0,0,0,0,0,0,0,,,0,0,,0,0,,False,0,True,True
00078734,4,4,4,4,2,2,2,2,1.0,1.0,2,2,1.0,4,4,1.0,False,0,True,True
00079323,16,16,16,16,8,8,8,8,1.0,1.0,8,8,1.0,16,16,1.0,False,0,True,True
00079326,16,16,16,16,6,10,6,10,1.0,1.0,16,16,1.0,20,20,1.0,False,0,True,True
00079420,4,4,4,4,2,2,2,2,1.0,1.0,2,2,1.0,4,4,1.0,False,0,True,True
00079421,4,4,4,4,2,2,2,2,1.0,1.0,2,2,1.0,4,4,1.0,False,0,True,True
00079426,6,6,6,6,4,2,4,2,1.0,1.0,7,7,1.0,8,8,1.0,False,0,True,True
00079641,4,4,4,4,2,2,2,2,1.0,1.0,2,2,1.0,4,4,1.0,False,0,True,True
00079989,4,4,4,4,2,2,2,2,1.0,1.0,2,2,1.0,4,4,1.0,False,0,True,True
00080061,0,0,0,0,0,0,0,0,,,0,0,,0,0,,False,0,True,True
00080166,8,8,8,8,2,2,2,2,1.0,1.0,4,4,1.0,8,8,1.0,False,0,True,True
00080207,12,12,12,12,6,6,6,6,1.0,1.0,30,30,1.0,36,36,1.0,False,0,True,True
00080220,0,0,0,0,0,0,0,0,,,0,0,,0,0,,False,0,True,True
00080355,4,4,4,4,2,2,2,2,1.0,1.0,2,2,1.0,4,4,1.0,False,0,True,True
00080736,8,8,8,8,4,4,4,4,1.0,1.0,4,4,1.0,8,8,1.0,False,0,True,True
00080752,10,10,10,10,6,3,6,4,1.0,1.3333333333333333,8,8,1.0,8,8,1.0,False,0,True,True
00080755,8,8,8,8,4,4,4,4,1.0,1.0,12,12,1.0,16,16,1.0,False,0,True,True
00080891,8,8,8,8,4,4,4,4,1.0,1.0,12,12,1.0,16,16,1.0,False,0,True,True
00081067,0,0,0,0,0,0,0,0,,,0,0,,0,0,,False,0,True,True
00081226,4,4,4,4,1,0,1,0,1.0,,0,0,,0,0,,False,0,True,True
00081261,4,4,4,4,2,2,2,2,1.0,1.0,2,2,1.0,4,4,1.0,False,0,True,True
00081307,0,0,0,0,0,0,0,0,,,0,0,,0,0,,False,0,True,True
00081314,0,0,0,0,0,0,0,0,,,0,0,,0,0,,False,0,True,True
00081485,8,8,8,8,1,0,1,0,1.0,,0,0,,0,0,,False,0,True,True
00081523,20,20,20,20,10,10,9,8,0.9,0.8,12,18,0.6666666666666666,18,28,0.6428571428571429,False,0,True,True
00081530,0,0,0,0,0,0,0,0,,,0,0,,0,0,,False,0,True,True
00081809,4,4,4,4,2,2,2,2,1.0,1.0,2,2,1.0,4,4,1.0,False,0,True,True
00082037,0,0,0,0,0,0,0,0,,,0,0,,0,0,,False,0,True,True
00082080,4,4,4,4,2,2,2,2,1.0,1.0,2,2,1.0,4,4,1.0,False,0,True,True
00082147,0,0,0,0,0,0,0,0,,,0,0,,0,0,,False,0,True,True
00082165,4,4,4,4,2,2,2,2,1.0,1.0,2,2,1.0,4,4,1.0,False,0,True,True
00082178,0,0,0,0,0,0,0,0,,,0,0,,0,0,,False,0,True,True
00082207,8,8,8,8,4,4,4,4,1.0,1.0,4,4,1.0,8,8,1.0,False,0,True,True
00082679,28,0,28,28,14,14,0,0,0.0,0.0,0,0,,0,0,,False,0,True,False
00082689,8,8,8,8,4,4,4,4,1.0,1.0,12,12,1.0,16,16,1.0,False,0,True,True
00082703,4,4,4,4,2,2,2,2,1.0,1.0,2,2,1.0,4,4,1.0,False,0,True,True
00082891,4,4,4,4,2,2,2,2,1.0,1.0,2,2,1.0,4,4,1.0,False,0,True,True
00083111,0,0,0,0,0,0,0,0,,,0,0,,0,0,,False,0,True,True
00083133,6,6,6,6,3,3,3,3,1.0,1.0,6,6,1.0,9,9,1.0,False,0,True,True
00083164,4,4,4,4,2,2,2,2,1.0,1.0,2,2,1.0,4,4,1.0,False,0,True,True
00083216,3,3,3,3,1,2,1,2,1.0,1.0,1,1,1.0,2,2,1.0,False,0,True,True
00083309,32,38,32,37,12,4,18,6,1.5,1.5,0,0,,0,0,,True,2,True,True
00083402,32,33,32,33,16,16,14,13,0.875,0.8125,9,10,0.9,18,20,0.9,False,1,True,True
00083417,24,24,24,24,8,0,9,4,1.125,,2,4,0.5,0,0,,False,0,True,True
00083431,20,20,20,20,10,10,10,10,1.0,1.0,10,10,1.0,20,20,1.0,False,0,True,True
00083573,10,10,10,10,5,5,5,3,1.0,0.6,13,20,0.65,25,25,1.0,False,0,True,True
00083705,4,4,4,4,2,2,2,2,1.0,1.0,2,2,1.0,4,4,1.0,False,0,True,True
00084184,4,4,4,4,2,2,2,2,1.0,1.0,2,2,1.0,4,4,1.0,False,0,True,True
00084447,12,12,12,12,6,6,6,6,1.0,1.0,6,6,1.0,12,12,1.0,False,0,True,True
00084665,8,8,8,8,4,4,4,4,1.0,1.0,4,4,1.0,8,8,1.0,False,0,True,True
00084888,9,9,9,9,5,4,5,4,1.0,1.0,4,4,1.0,8,8,1.0,False,0,True,True
00084907,4,4,4,4,2,2,2,2,1.0,1.0,2,2,1.0,4,4,1.0,False,0,True,True
00085162,0,0,0,0,0,0,0,0,,,0,0,,0,0,,False,0,True,True
00085176,4,4,4,4,2,2,2,2,1.0,1.0,2,2,1.0,4,4,1.0,False,0,True,True
00085177,4,4,4,4,2,2,2,2,1.0,1.0,2,2,1.0,4,4,1.0,False,0,True,True
00085475,4,4,4,4,2,2,2,2,1.0,1.0,2,2,1.0,4,4,1.0,False,0,True,True
00085507,0,0,0,0,0,0,0,0,,,0,0,,0,0,,False,0,True,True
00086004,24,19,24,22,14,8,9,7,0.6428571428571429,0.875,4,4,1.0,8,8,1.0,False,1,True,True
00086074,26,27,26,27,4,10,10,10,2.5,1.0,7,7,1.0,8,8,1.0,True,1,True,True
00086197,9,9,9,9,6,3,6,3,1.0,1.0,3,3,1.0,6,6,1.0,False,0,True,True
00086425,4,4,4,4,2,2,2,2,1.0,1.0,2,2,1.0,4,4,1.0,False,0,True,True
00086431,8,8,8,8,4,4,4,4,1.0,1.0,4,4,1.0,8,8,1.0,False,0,True,True
00086495,4,4,4,4,2,2,2,2,1.0,1.0,2,2,1.0,4,4,1.0,False,0,True,True
00086498,12,12,12,12,6,6,6,6,1.0,1.0,6,6,1.0,12,12,1.0,False,0,True,True
00086558,0,0,0,0,0,0,0,0,,,0,0,,0,0,,False,0,True,True
00086963,3,3,3,3,0,0,0,0,,,0,0,,0,0,,False,0,True,True
00087310,4,4,4,4,2,2,2,2,1.0,1.0,2,2,1.0,4,4,1.0,False,0,True,True
00087329,6,7,6,6,4,0,1,2,0.25,,0,0,,0,0,,False,1,True,True
00087422,4,4,4,4,2,2,2,2,1.0,1.0,2,2,1.0,4,4,1.0,False,0,True,True
00087640,40,0,40,39,20,20,0,0,0.0,0.0,0,0,,0,0,,False,0,True,False
00087727,8,8,8,8,4,4,4,4,1.0,1.0,4,4,1.0,8,8,1.0,False,0,True,True
00088279,4,4,4,4,2,2,2,2,1.0,1.0,2,2,1.0,4,4,1.0,False,0,True,True
00088533,6,6,6,6,2,0,2,0,1.0,,3,3,1.0,0,0,,False,0,True,True
00088891,2,2,2,2,0,2,0,1,,0.5,0,1,0.0,0,0,,False,0,True,True
00089049,0,0,0,0,0,0,0,0,,,0,0,,0,0,,False,0,True,True
00089129,4,4,4,4,2,2,2,2,1.0,1.0,2,2,1.0,4,4,1.0,False,0,True,True
00089193,0,0,0,0,0,0,0,0,,,0,0,,0,0,,False,0,True,True
00089194,4,4,4,4,2,2,2,2,1.0,1.0,2,2,1.0,4,4,1.0,False,0,True,True
00089348,8,8,8,8,4,4,4,4,1.0,1.0,12,12,1.0,16,16,1.0,False,0,True,True
00089404,11,10,11,10,1,0,2,0,2.0,,0,0,,0,0,,True,1,True,True
00089722,17,18,13,13,7,6,6,5,0.8571428571428571,0.8333333333333334,0,0,,0,0,,True,2,True,True
00089765,0,0,0,0,0,0,0,0,,,0,0,,0,0,,False,0,True,True
00090147,0,0,0,0,0,0,0,0,,,0,0,,0,0,,False,0,True,True
00090799,9,9,9,9,5,4,5,4,1.0,1.0,16,16,1.0,20,20,1.0,False,0,True,True
00090894,6,6,6,6,2,4,2,3,1.0,0.75,4,7,0.5714285714285714,8,8,1.0,False,0,True,True
00091047,13,13,13,13,7,6,7,6,1.0,1.0,8,8,1.0,14,14,1.0,False,0,True,True
00091061,20,20,20,20,10,10,10,10,1.0,1.0,10,10,1.0,20,20,1.0,False,0,True,True
00091649,4,4,4,4,0,0,0,0,,,2,2,1.0,0,0,,False,0,True,True
00091759,8,8,8,8,0,4,0,2,,0.5,0,4,0.0,0,0,,False,0,True,True
00091786,12,12,12,12,6,6,6,6,1.0,1.0,6,6,1.0,12,12,1.0,False,0,True,True
00092270,20,20,20,20,8,12,8,12,1.0,1.0,22,22,1.0,24,24,1.0,False,0,True,True
00092294,4,4,4,4,2,2,2,2,1.0,1.0,2,2,1.0,4,4,1.0,False,0,True,True
00092325,4,4,4,4,2,2,2,2,1.0,1.0,2,2,1.0,4,4,1.0,False,0,True,True
00092425,4,4,4,4,0,0,0,0,,,0,0,,0,0,,False,0,True,True
00092558,4,4,4,4,2,2,2,2,1.0,1.0,2,2,1.0,4,4,1.0,False,0,True,True
00092559,4,4,4,4,2,2,2,2,1.0,1.0,2,2,1.0,4,4,1.0,False,0,True,True
00092611,12,12,12,12,6,6,5,6,0.8333333333333334,1.0,25,30,0.8333333333333334,36,36,1.0,False,0,True,True
00092638,0,0,0,0,0,0,0,0,,,0,0,,0,0,,False,0,True,True
00092762,0,0,0,0,0,0,0,0,,,0,0,,0,0,,False,0,True,True
00092773,4,4,4,4,2,2,2,2,1.0,1.0,2,2,1.0,4,4,1.0,False,0,True,True
00093629,21,25,21,25,11,10,8,9,0.7272727272727273,0.9,4,12,0.3333333333333333,6,16,0.375,True,2,True,True
00093663,0,0,0,0,0,0,0,0,,,0,0,,0,0,,False,0,True,True
00093760,12,12,12,12,6,4,6,6,1.0,1.5,8,8,1.0,12,12,1.0,False,0,True,True
00094071,6,6,6,6,2,0,2,0,1.0,,3,3,1.0,0,0,,False,0,True,True
00094325,4,4,4,4,2,2,2,2,1.0,1.0,2,2,1.0,4,4,1.0,False,0,True,True
00094340,0,0,0,0,0,0,0,0,,,0,0,,0,0,,False,0,True,True
00094434,8,8,8,8,2,4,3,4,1.5,1.0,7,7,1.0,8,8,1.0,False,0,True,True
00094544,15,15,15,15,9,6,8,6,0.8888888888888888,1.0,8,9,0.8888888888888888,10,12,0.8333333333333334,False,0,True,True
00094583,8,8,8,8,2,3,2,3,1.0,1.0,4,4,1.0,6,6,1.0,False,0,True,True
00094584,4,4,4,4,0,2,0,2,,1.0,1,1,1.0,0,0,,False,0,True,True
00094585,0,0,0,0,0,0,0,0,,,0,0,,0,0,,False,0,True,True
00094932,0,0,0,0,0,0,0,0,,,0,0,,0,0,,False,0,True,True
00095443,0,0,0,0,0,0,0,0,,,0,0,,0,0,,False,0,True,True
00095649,8,8,8,8,4,4,4,4,1.0,1.0,12,12,1.0,16,16,1.0,False,0,True,True
00095708,4,4,4,4,0,0,1,0,,,0,0,,0,0,,False,0,True,True
00095759,12,12,12,12,5,5,5,5,1.0,1.0,4,4,1.0,9,9,1.0,False,0,True,True
00096290,4,4,4,4,2,2,2,2,1.0,1.0,2,2,1.0,4,4,1.0,False,0,True,True
00096356,2,3,2,2,2,0,1,0,0.5,,0,0,,0,0,,False,1,True,True
00096364,4,4,4,4,2,2,2,2,1.0,1.0,2,2,1.0,4,4,1.0,False,0,True,True
00096365,7,7,7,7,2,1,2,1,1.0,1.0,2,2,1.0,4,4,1.0,False,0,True,True
00096449,12,12,12,12,6,6,6,6,1.0,1.0,30,30,1.0,36,36,1.0,False,0,True,True
00096459,10,10,10,10,4,4,4,4,1.0,1.0,12,12,1.0,17,17,1.0,False,0,True,True
00096465,12,12,12,12,6,6,6,6,1.0,1.0,30,30,1.0,36,36,1.0,False,0,True,True
00096491,4,4,4,4,0,1,0,1,,1.0,0,0,,0,0,,False,0,True,True
00096499,7,7,7,7,2,1,2,1,1.0,1.0,2,2,1.0,4,4,1.0,False,0,True,True
00096611,16,16,16,16,8,8,8,7,1.0,0.875,13,16,0.8125,20,24,0.8333333333333334,False,0,True,True
00096826,7,7,7,7,2,1,2,1,1.0,1.0,2,2,1.0,4,4,1.0,False,0,True,True
00096869,4,4,4,4,2,2,2,2,1.0,1.0,2,2,1.0,4,4,1.0,False,0,True,True
00096875,4,4,4,4,2,2,2,2,1.0,1.0,2,2,1.0,4,4,1.0,False,0,True,True
00096891,4,4,4,4,2,2,2,2,1.0,1.0,2,2,1.0,4,4,1.0,False,0,True,True
00097096,0,0,0,0,0,0,0,0,,,0,0,,0,0,,False,0,True,True
00097342,4,4,4,4,2,2,2,2,1.0,1.0,2,2,1.0,4,4,1.0,False,0,True,True
00097388,12,12,12,12,2,2,2,1,1.0,0.5,1,6,0.16666666666666666,2,4,0.5,False,0,True,True
00097460,2,2,2,2,2,0,2,0,1.0,,1,1,1.0,0,0,,False,0,True,True
00097570,3,4,3,4,2,1,2,2,1.0,2.0,0,0,,0,0,,False,1,True,True
00097593,2,2,2,2,2,0,2,0,1.0,,1,1,1.0,0,0,,False,0,True,True
00097980,8,8,8,8,4,4,4,4,1.0,1.0,12,12,1.0,16,16,1.0,False,0,True,True
00098015,4,4,4,4,2,2,2,2,1.0,1.0,2,2,1.0,4,4,1.0,False,0,True,True
00098214,0,0,0,0,0,0,0,0,,,0,0,,0,0,,False,0,True,True
00099328,4,4,4,4,2,2,2,2,1.0,1.0,2,2,1.0,4,4,1.0,False,0,True,True
00099762,0,0,0,0,0,0,0,0,,,0,0,,0,0,,False,0,True,True
00099812,3,3,3,3,0,2,0,2,,1.0,1,1,1.0,0,0,,False,0,True,True
00100099,8,8,8,8,4,4,4,4,1.0,1.0,4,4,1.0,8,8,1.0,False,0,True,True
00100466,4,4,4,4,2,2,2,2,1.0,1.0,2,2,1.0,4,4,1.0,False,0,True,True
00100771,0,0,0,0,0,0,0,0,,,0,0,,0,0,,False,0,True,True
00101191,20,20,20,20,10,10,10,10,1.0,1.0,10,10,1.0,20,20,1.0,False,0,True,True
00101479,16,16,16,16,8,8,7,7,0.875,0.875,18,24,0.75,29,32,0.90625,False,0,True,True
00101497,14,14,14,14,4,8,4,8,1.0,1.0,6,6,1.0,9,9,1.0,False,0,True,True
00101509,14,14,14,14,6,6,6,6,1.0,1.0,4,4,1.0,10,10,1.0,False,0,True,True
00101531,4,4,4,4,2,2,2,2,1.0,1.0,2,2,1.0,4,4,1.0,False,0,True,True
00101547,3,3,3,3,2,1,2,1,1.0,1.0,1,1,1.0,2,2,1.0,False,0,True,True
00101648,7,7,7,7,3,4,3,4,1.0,1.0,3,3,1.0,6,6,1.0,False,0,True,True
00101665,7,7,7,7,3,3,3,3,1.0,1.0,2,2,1.0,5,5,1.0,False,0,True,True
00101718,17,17,17,17,7,6,7,6,1.0,1.0,7,8,0.875,11,14,0.7857142857142857,False,0,True,True
00101767,18,18,18,18,9,9,9,9,1.0,1.0,12,12,1.0,21,21,1.0,False,0,True,True
00101787,0,0,0,0,0,0,0,0,,,0,0,,0,0,,False,0,True,True
00101820,0,0,0,0,0,0,0,0,,,0,0,,0,0,,False,0,True,True
00101851,4,4,4,4,2,2,2,2,1.0,1.0,2,2,1.0,4,4,1.0,False,0,True,True
00101894,13,13,13,13,6,7,6,7,1.0,1.0,8,8,1.0,14,14,1.0,False,0,True,True
00101916,18,18,18,18,9,9,8,7,0.8888888888888888,0.7777777777777778,12,20,0.6,19,29,0.6551724137931034,False,0,True,True
00101947,14,14,14,14,7,7,7,7,1.0,1.0,10,10,1.0,17,17,1.0,False,0,True,True
00102013,14,14,14,14,7,7,7,7,1.0,1.0,10,10,1.0,17,17,1.0,False,0,True,True
00102014,14,14,14,14,7,7,7,7,1.0,1.0,10,10,1.0,17,17,1.0,False,0,True,True
00102040,6,6,6,6,3,3,3,3,1.0,1.0,6,6,1.0,9,9,1.0,False,0,True,True
00102046,17,18,17,18,8,9,8,10,1.0,1.1111111111111112,6,6,1.0,12,12,1.0,False,1,True,True
00102100,7,7,7,7,3,3,3,3,1.0,1.0,2,2,1.0,5,5,1.0,False,0,True,True
00102114,4,4,4,4,2,2,2,2,1.0,1.0,2,2,1.0,4,4,1.0,False,0,True,True
00102154,19,21,19,21,9,10,6,7,0.6666666666666666,0.7,1,2,0.5,2,4,0.5,True,2,True,True
00102464,8,8,8,8,2,4,3,4,1.5,1.0,7,7,1.0,8,8,1.0,False,0,True,True
00102466,8,8,8,8,4,3,4,4,1.0,1.3333333333333333,3,3,1.0,6,6,1.0,False,0,True,True
00102589,4,4,4,4,2,2,2,2,1.0,1.0,2,2,1.0,4,4,1.0,False,0,True,True
00102739,4,4,4,4,2,2,2,2,1.0,1.0,2,2,1.0,4,4,1.0,False,0,True,True
00102970,8,8,8,8,2,2,2,2,1.0,1.0,4,4,1.0,8,8,1.0,False,0,True,True
00103027,0,0,0,0,0,0,0,0,,,0,0,,0,0,,False,0,True,True
00103060,0,0,0,0,0,0,0,0,,,0,0,,0,0,,False,0,True,True
00103211,4,4,4,4,2,2,2,2,1.0,1.0,2,2,1.0,4,4,1.0,False,0,True,True
00103257,4,4,4,4,2,2,2,2,1.0,1.0,2,2,1.0,4,4,1.0,False,0,True,True
00103282,10,9,10,9,4,6,4,4,1.0,0.6666666666666666,0,0,,0,0,,False,1,True,True
00103318,4,4,4,4,2,2,2,2,1.0,1.0,2,2,1.0,4,4,1.0,False,0,True,True
00103434,8,8,8,8,4,3,4,4,1.0,1.3333333333333333,9,9,1.0,12,12,1.0,False,0,True,True
00103492,0,0,0,0,0,0,0,0,,,0,0,,0,0,,False,0,True,True
00103612,4,4,4,4,2,2,2,2,1.0,1.0,2,2,1.0,4,4,1.0,False,0,True,True
00103628,0,0,0,0,0,0,0,0,,,0,0,,0,0,,False,0,True,True
00103629,0,0,0,0,0,0,0,0,,,0,0,,0,0,,False,0,True,True
00103781,4,4,4,4,2,2,2,2,1.0,1.0,2,2,1.0,4,4,1.0,False,0,True,True
00103784,16,16,16,16,10,6,10,6,1.0,1.0,16,16,1.0,20,20,1.0,False,0,True,True
00103888,0,0,0,0,0,0,0,0,,,0,0,,0,0,,False,0,True,True
00104072,4,4,4,4,2,2,2,2,1.0,1.0,2,2,1.0,4,4,1.0,False,0,True,True
00104076,4,4,4,4,2,2,2,2,1.0,1.0,2,2,1.0,4,4,1.0,False,0,True,True
00104110,4,4,4,4,2,2,2,2,1.0,1.0,2,2,1.0,4,4,1.0,False,0,True,True
00104204,12,12,12,12,6,6,6,6,1.0,1.0,6,6,1.0,12,12,1.0,False,0,True,True
00104234,4,4,4,4,2,2,2,2,1.0,1.0,2,2,1.0,4,4,1.0,False,0,True,True
00104273,4,4,4,4,2,2,2,2,1.0,1.0,2,2,1.0,4,4,1.0,False,0,True,True
00104475,16,16,16,16,8,8,8,8,1.0,1.0,16,16,1.0,24,24,1.0,False,0,True,True
00104494,8,8,8,8,4,4,4,4,1.0,1.0,4,4,1.0,8,8,1.0,False,0,True,True
00104525,4,4,4,4,2,2,2,2,1.0,1.0,2,2,1.0,4,4,1.0,False,0,True,True
00104607,0,0,0,0,0,0,0,0,,,0,0,,0,0,,False,0,True,True
00104615,4,4,4,4,2,2,2,2,1.0,1.0,2,2,1.0,4,4,1.0,False,0,True,True
00104948,0,0,0,0,0,0,0,0,,,0,0,,0,0,,False,0,True,True
00105083,7,7,7,7,3,3,3,3,1.0,1.0,2,2,1.0,5,5,1.0,False,0,True,True
00105129,7,7,7,7,3,2,3,3,1.0,1.5,2,2,1.0,4,4,1.0,False,0,True,True
00105156,9,9,9,9,4,3,4,3,1.0,1.0,4,4,1.0,6,6,1.0,False,0,True,True
00105549,10,13,10,13,6,2,5,7,0.8333333333333334,3.5,0,0,,0,0,,False,3,True,True
00105595,4,4,4,4,2,2,2,2,1.0,1.0,2,2,1.0,4,4,1.0,False,0,True,True
00105983,4,4,4,4,2,2,2,2,1.0,1.0,2,2,1.0,4,4,1.0,False,0,True,True
00106052,4,4,4,4,2,2,2,2,1.0,1.0,2,2,1.0,4,4,1.0,False,0,True,True
00106126,4,4,4,4,2,2,2,2,1.0,1.0,2,2,1.0,4,4,1.0,False,0,True,True
00106201,0,0,0,0,0,0,0,0,,,0,0,,0,0,,False,0,True,True
00106401,0,0,0,0,0,0,0,0,,,0,0,,0,0,,False,0,True,True
00106433,8,8,8,8,4,4,4,4,1.0,1.0,4,4,1.0,8,8,1.0,False,0,True,True
00106662,7,7,7,7,3,3,3,3,1.0,1.0,2,2,1.0,5,5,1.0,False,0,True,True
00106668,8,8,8,8,3,3,3,3,1.0,1.0,2,2,1.0,5,5,1.0,False,0,True,True
00106683,4,4,4,4,2,2,2,2,1.0,1.0,2,2,1.0,4,4,1.0,False,0,True,True
00106787,11,11,11,11,6,3,5,1,0.8333333333333334,0.3333333333333333,10,18,0.5555555555555556,18,18,1.0,False,0,True,True
00106929,2,2,2,2,1,0,0,0,0.0,,0,0,,0,0,,False,0,True,True
00106978,2,2,2,2,0,0,0,0,,,0,0,,0,0,,False,0,True,True
00107044,8,8,8,8,4,4,4,4,1.0,1.0,4,4,1.0,8,8,1.0,False,0,True,True
00107150,15,15,15,15,7,8,7,8,1.0,1.0,12,12,1.0,19,19,1.0,False,0,True,True
00107201,0,0,0,0,0,0,0,0,,,0,0,,0,0,,False,0,True,True
00107228,0,0,0,0,0,0,0,0,,,0,0,,0,0,,False,0,True,True
00107233,0,0,0,0,0,0,0,0,,,0,0,,0,0,,False,0,True,True
00107236,3,3,3,3,1,0,1,0,1.0,,0,0,,0,0,,False,0,True,True
00107320,4,4,4,4,2,2,2,2,1.0,1.0,2,2,1.0,4,4,1.0,False,0,True,True
00107536,5,5,5,5,2,3,2,3,1.0,1.0,4,4,1.0,6,6,1.0,False,0,True,True
00107660,6,6,6,6,0,0,0,0,,,0,0,,0,0,,False,0,True,True
00107722,4,4,4,4,2,2,2,2,1.0,1.0,2,2,1.0,4,4,1.0,False,0,True,True
00108128,8,8,8,8,4,4,4,4,1.0,1.0,12,12,1.0,16,16,1.0,False,0,True,True
00108131,4,4,4,4,2,2,2,2,1.0,1.0,2,2,1.0,4,4,1.0,False,0,True,True
00108732,0,0,0,0,0,0,0,0,,,0,0,,0,0,,False,0,True,True
00108797,4,4,4,4,2,2,2,2,1.0,1.0,2,2,1.0,4,4,1.0,False,0,True,True
00109362,8,8,8,8,4,4,4,4,1.0,1.0,4,4,1.0,8,8,1.0,False,0,True,True
00109387,12,12,12,12,6,6,5,6,0.8333333333333334,1.0,5,6,0.8333333333333334,10,12,0.8333333333333334,False,0,True,True
00109406,11,11,11,11,4,2,3,3,0.75,1.5,1,7,0.14285714285714285,2,8,0.25,False,0,True,True
00109798,10,0,10,9,0,2,0,0,,0.0,0,0,,0,0,,False,0,True,False
00109869,6,6,6,6,0,0,1,1,,,0,0,,0,0,,False,0,True,True
00110201,26,26,26,26,10,16,10,12,1.0,0.75,15,37,0.40540540540540543,32,32,1.0,False,0,True,True
00110206,16,16,16,16,8,8,8,8,1.0,1.0,16,16,1.0,24,24,1.0,False,0,True,True
00110265,4,4,4,4,2,2,2,2,1.0,1.0,2,2,1.0,4,4,1.0,False,0,True,True
00110304,8,8,8,8,4,2,4,3,1.0,1.5,7,7,1.0,8,8,1.0,False,0,True,True
00110309,12,12,12,12,6,6,6,6,1.0,1.0,30,30,1.0,36,36,1.0,False,0,True,True
00110356,8,8,8,8,4,4,4,4,1.0,1.0,4,4,1.0,8,8,1.0,False,0,True,True
00110475,4,4,4,4,2,2,2,2,1.0,1.0,2,2,1.0,4,4,1.0,False,0,True,True
00110546,4,4,4,4,2,2,2,2,1.0,1.0,2,2,1.0,4,4,1.0,False,0,True,True
00110714,4,4,4,4,2,2,2,2,1.0,1.0,2,2,1.0,4,4,1.0,False,0,True,True
00111169,0,0,0,0,0,0,0,0,,,0,0,,0,0,,False,0,True,True
00111454,4,4,4,4,2,2,2,2,1.0,1.0,2,2,1.0,4,4,1.0,False,0,True,True
00111515,0,0,0,0,0,0,0,0,,,0,0,,0,0,,False,0,True,True
00111681,0,0,0,0,0,0,0,0,,,0,0,,0,0,,False,0,True,True
00112006,0,0,0,0,0,0,0,0,,,0,0,,0,0,,False,0,True,True
00112168,6,6,6,6,3,2,3,2,1.0,1.0,2,4,0.5,4,6,0.6666666666666666,False,0,True,True
00113091,8,9,8,9,3,4,4,5,1.3333333333333333,1.25,3,3,1.0,3,3,1.0,False,1,True,True
00113190,24,24,24,24,12,12,10,12,0.8333333333333334,1.0,10,12,0.8333333333333334,20,24,0.8333333333333334,False,0,True,True
00113437,0,0,0,0,0,0,0,0,,,0,0,,0,0,,False,0,True,True
00113523,0,0,0,0,0,0,0,0,,,0,0,,0,0,,False,0,True,True
00113610,18,18,18,18,8,10,8,9,1.0,0.9,10,12,0.8333333333333334,18,20,0.9,False,0,True,True
00113642,4,4,4,4,2,2,2,2,1.0,1.0,2,2,1.0,4,4,1.0,False,0,True,True
00113843,24,24,24,24,12,12,12,12,1.0,1.0,36,36,1.0,48,48,1.0,False,0,True,True
00113904,4,4,4,4,2,2,2,2,1.0,1.0,2,2,1.0,4,4,1.0,False,0,True,True
00113921,4,4,4,4,2,2,2,2,1.0,1.0,2,2,1.0,4,4,1.0,False,0,True,True
00114145,2,2,2,2,0,0,0,0,,,0,0,,0,0,,False,0,True,True
00114389,8,8,8,8,4,4,4,4,1.0,1.0,4,4,1.0,8,8,1.0,False,0,True,True
00114657,4,4,4,4,2,2,2,2,1.0,1.0,2,2,1.0,4,4,1.0,False,0,True,True
00114804,0,0,0,0,0,0,0,0,,,0,0,,0,0,,False,0,True,True
00114846,4,4,4,4,2,2,2,2,1.0,1.0,2,2,1.0,4,4,1.0,False,0,True,True
00115197,8,8,8,8,4,4,4,4,1.0,1.0,4,4,1.0,8,8,1.0,False,0,True,True
00115555,22,26,22,26,3,7,5,11,1.6666666666666667,1.5714285714285714,1,10,0.1,3,3,1.0,False,3,True,True
00115610,8,8,8,8,4,4,4,4,1.0,1.0,4,4,1.0,8,8,1.0,False,0,True,True
00115681,16,16,16,16,4,8,4,8,1.0,1.0,6,6,1.0,18,18,1.0,False,0,True,True
00115761,4,4,4,4,2,2,2,2,1.0,1.0,2,2,1.0,4,4,1.0,False,0,True,True
00115903,16,16,16,16,8,8,8,8,1.0,1.0,16,16,1.0,24,24,1.0,False,0,True,True
00115986,20,20,20,20,10,10,7,7,0.7,0.7,12,24,0.5,22,34,0.6470588235294118,False,0,True,True
00116119,7,6,7,6,1,6,0,6,0.0,1.0,1,1,1.0,0,0,,False,1,True,True
00116314,13,15,13,15,4,2,6,4,1.5,2.0,2,3,0.6666666666666666,4,6,0.6666666666666666,False,2,True,True
00116572,4,4,4,4,2,2,2,2,1.0,1.0,2,2,1.0,4,4,1.0,False,0,True,True
00116611,8,8,8,8,4,4,4,4,1.0,1.0,12,12,1.0,16,16,1.0,False,0,True,True
00116780,16,16,16,16,8,8,8,6,1.0,0.75,11,16,0.6875,24,24,1.0,False,0,True,True
00116924,0,0,0,0,0,0,0,0,,,0,0,,0,0,,False,0,True,True
00117213,14,14,14,14,8,6,8,6,1.0,1.0,11,11,1.0,16,16,1.0,False,0,True,True
00117260,4,4,4,4,2,2,2,2,1.0,1.0,2,2,1.0,4,4,1.0,False,0,True,True
00117328,5,5,5,5,2,1,2,1,1.0,1.0,1,1,1.0,2,2,1.0,False,0,True,True
00117819,3,3,3,3,1,2,1,2,1.0,1.0,1,1,1.0,2,2,1.0,False,0,True,True
00117873,0,0,0,0,0,0,0,0,,,0,0,,0,0,,False,0,True,True
00117915,12,12,12,12,4,8,2,8,0.5,1.0,12,14,0.8571428571428571,16,16,1.0,False,0,True,True
00118022,30,0,20,28,8,12,0,0,0.0,0.0,0,0,,0,0,,False,0,True,False
00118198,0,0,0,0,0,0,0,0,,,0,0,,0,0,,False,0,True,True
00118333,12,12,12,12,6,6,6,6,1.0,1.0,6,6,1.0,12,12,1.0,False,0,True,True
00118368,28,0,28,27,2,10,0,0,0.0,0.0,0,0,,0,0,,False,0,True,False
00118711,0,0,0,0,0,0,0,0,,,0,0,,0,0,,False,0,True,True
00119203,16,10,16,15,10,6,8,2,0.8,0.3333333333333333,2,2,1.0,4,4,1.0,True,1,True,True
00119286,0,0,0,0,0,0,0,0,,,0,0,,0,0,,False,0,True,True
00119372,0,0,0,0,0,0,0,0,,,0,0,,0,0,,False,0,True,True
00119562,4,4,4,4,2,2,2,2,1.0,1.0,2,2,1.0,4,4,1.0,False,0,True,True
00119563,2,2,2,2,2,0,2,0,1.0,,1,1,1.0,0,0,,False,0,True,True
00119784,2,2,2,2,2,0,2,0,1.0,,1,1,1.0,0,0,,False,0,True,True
00119795,2,2,2,2,2,0,2,0,1.0,,1,1,1.0,0,0,,False,0,True,True
00119855,2,2,2,2,2,0,2,0,1.0,,1,1,1.0,0,0,,False,0,True,True
00119948,29,31,29,31,14,12,9,8,0.6428571428571429,0.6666666666666666,6,12,0.5,13,16,0.8125,True,3,True,True
00120192,0,0,0,0,0,0,0,0,,,0,0,,0,0,,False,0,True,True
00120194,4,4,4,4,2,2,2,2,1.0,1.0,2,2,1.0,4,4,1.0,False,0,True,True
00120374,18,17,18,17,10,8,6,7,0.6,0.875,4,4,1.0,8,8,1.0,False,1,True,True
00120680,0,0,0,0,0,0,0,0,,,0,0,,0,0,,False,0,True,True
00120689,0,0,0,0,0,0,0,0,,,0,0,,0,0,,False,0,True,True
00120803,24,24,24,24,6,4,12,9,2.0,2.25,6,6,1.0,10,10,1.0,False,0,True,True
00120829,12,12,12,12,2,2,3,3,1.5,1.5,0,0,,2,4,0.5,False,0,True,True
00120885,4,4,4,4,2,2,2,2,1.0,1.0,2,2,1.0,4,4,1.0,False,0,True,True
00121151,4,4,4,4,2,2,2,2,1.0,1.0,2,2,1.0,4,4,1.0,False,0,True,True
00121173,0,0,0,0,0,0,0,0,,,0,0,,0,0,,False,0,True,True
00121343,4,4,4,4,2,2,2,2,1.0,1.0,2,2,1.0,4,4,1.0,False,0,True,True
00121462,0,0,0,0,0,0,0,0,,,0,0,,0,0,,False,0,True,True
00121788,0,0,0,0,0,0,0,0,,,0,0,,0,0,,False,0,True,True
00121853,0,0,0,0,0,0,0,0,,,0,0,,0,0,,False,0,True,True
00122037,4,4,4,4,2,2,2,2,1.0,1.0,2,2,1.0,4,4,1.0,False,0,True,True
00122039,4,4,4,4,2,2,2,2,1.0,1.0,2,2,1.0,4,4,1.0,False,0,True,True
00122246,4,4,4,4,2,2,2,2,1.0,1.0,2,2,1.0,4,4,1.0,False,0,True,True
00122641,14,14,14,14,8,6,8,6,1.0,1.0,10,10,1.0,16,16,1.0,False,0,True,True
00122741,8,8,8,8,4,4,4,4,1.0,1.0,4,4,1.0,8,8,1.0,False,0,True,True
00123005,0,0,0,0,0,0,0,0,,,0,0,,0,0,,False,0,True,True
00123451,36,34,36,34,16,14,15,11,0.9375,0.7857142857142857,11,42,0.2619047619047619,25,52,0.4807692307692308,True,1,True,True
00123476,0,0,0,0,0,0,0,0,,,0,0,,0,0,,False,0,True,True
00123581,8,8,8,8,4,4,4,4,1.0,1.0,4,4,1.0,8,8,1.0,False,0,True,True
00123603,9,9,9,9,0,1,2,1,,1.0,0,0,,0,0,,False,0,True,True
00123609,0,0,0,0,0,0,0,0,,,0,0,,0,0,,False,0,True,True
00124050,8,8,8,8,4,4,4,4,1.0,1.0,12,12,1.0,16,16,1.0,False,0,True,True
00124125,0,0,0,0,0,0,0,0,,,0,0,,0,0,,False,0,True,True
00124489,0,0,0,0,0,0,0,0,,,0,0,,0,0,,False,0,True,True
00124635,24,24,24,24,12,12,12,12,1.0,1.0,36,36,1.0,48,48,1.0,False,0,True,True
00124646,8,8,8,8,4,4,4,4,1.0,1.0,4,4,1.0,8,8,1.0,False,0,True,True
00125083,7,7,7,7,3,3,3,3,1.0,1.0,2,2,1.0,5,5,1.0,False,0,True,True
00125180,15,17,15,17,1,10,5,6,5.0,0.6,1,6,0.16666666666666666,0,0,,False,1,True,True
00125206,5,5,5,5,2,2,2,2,1.0,1.0,2,2,1.0,4,4,1.0,False,0,True,True
00125341,0,0,0,0,0,0,0,0,,,0,0,,0,0,,False,0,True,True
00125499,24,24,24,24,10,14,9,14,0.9,1.0,23,30,0.7666666666666667,27,32,0.84375,False,0,True,True
00125735,10,10,10,10,5,5,5,5,1.0,1.0,8,8,1.0,13,13,1.0,False,0,True,True
00125823,0,0,0,0,0,0,0,0,,,0,0,,0,0,,False,0,True,True
00125921,7,7,7,7,3,3,3,3,1.0,1.0,2,2,1.0,5,5,1.0,False,0,True,True
00125988,10,10,10,10,2,4,4,3,2.0,0.75,0,0,,0,0,,False,2,True,True
00126039,4,4,4,4,2,2,2,2,1.0,1.0,2,2,1.0,4,4,1.0,False,0,True,True
00126045,0,0,0,0,0,0,0,0,,,0,0,,0,0,,False,0,True,True
00126326,7,7,7,7,4,1,4,2,1.0,2.0,1,2,0.5,2,2,1.0,False,0,True,True
00126472,24,0,24,32,12,12,0,0,0.0,0.0,0,0,,0,0,,False,0,True,False
00126781,9,9,9,9,4,5,4,5,1.0,1.0,6,6,1.0,10,10,1.0,False,0,True,True
00126796,4,4,4,4,2,2,2,2,1.0,1.0,2,2,1.0,4,4,1.0,False,0,True,True
00126894,10,10,10,10,4,3,5,2,1.25,0.6666666666666666,1,3,0.3333333333333333,3,6,0.5,False,0,True,True
00127093,4,4,4,4,2,2,2,2,1.0,1.0,2,2,1.0,4,4,1.0,False,0,True,True
00127159,4,4,4,4,2,2,2,2,1.0,1.0,2,2,1.0,4,4,1.0,False,0,True,True
00127659,0,0,0,0,0,0,0,0,,,0,0,,0,0,,False,0,True,True
00127718,8,8,8,8,4,4,4,4,1.0,1.0,4,4,1.0,8,8,1.0,False,0,True,True
00127837,0,0,0,0,0,0,0,0,,,0,0,,0,0,,False,0,True,True
00128254,20,20,20,20,10,10,10,7,1.0,0.7,7,10,0.7,14,20,0.7,False,0,True,True
00128785,14,14,14,14,7,4,8,4,1.1428571428571428,1.0,11,11,1.0,11,12,0.9166666666666666,False,0,True,True
00129053,8,11,8,11,4,4,5,3,1.25,0.75,0,0,,0,0,,False,2,True,True
00129059,4,4,4,4,2,2,2,2,1.0,1.0,2,2,1.0,4,4,1.0,False,0,True,True
00129060,4,4,4,4,2,2,2,2,1.0,1.0,2,2,1.0,4,4,1.0,False,0,True,True
00129162,0,0,0,0,0,0,0,0,,,0,0,,0,0,,False,0,True,True
00129276,0,0,0,0,0,0,0,0,,,0,0,,0,0,,False,0,True,True
00129290,12,12,12,12,6,6,6,6,1.0,1.0,2,2,1.0,8,8,1.0,False,0,True,True
00129391,4,4,4,4,2,2,2,2,1.0,1.0,2,2,1.0,4,4,1.0,False,0,True,True
00129614,18,24,18,20,6,10,5,10,0.8333333333333334,1.0,0,0,,0,0,,False,3,True,True
00130510,14,14,14,14,7,6,7,6,1.0,1.0,10,10,1.0,16,16,1.0,False,0,True,True
00130511,18,18,18,18,6,6,5,5,0.8333333333333334,0.8333333333333334,3,7,0.42857142857142855,7,12,0.5833333333333334,False,0,True,True
00130553,9,9,9,9,3,2,3,2,1.0,1.0,2,2,1.0,4,4,1.0,False,0,True,True
00130562,6,6,6,6,2,2,2,2,1.0,1.0,2,2,1.0,4,4,1.0,False,0,True,True
00130622,2,2,2,2,0,2,0,2,,1.0,1,1,1.0,0,0,,False,0,True,True
00130641,4,4,4,4,2,2,2,2,1.0,1.0,2,2,1.0,4,4,1.0,False,0,True,True
00130767,12,15,12,14,8,3,7,3,0.875,1.0,0,0,,1,1,1.0,False,3,True,True
00130852,4,4,4,4,2,2,2,2,1.0,1.0,2,2,1.0,4,4,1.0,False,0,True,True
00130864,4,4,4,4,2,2,2,2,1.0,1.0,2,2,1.0,4,4,1.0,False,0,True,True
00130895,4,4,4,4,2,2,2,2,1.0,1.0,2,2,1.0,4,4,1.0,False,0,True,True
00131007,4,2,4,2,0,0,0,0,,,0,0,,0,0,,False,1,True,True
00131013,12,12,12,12,6,6,6,5,1.0,0.8333333333333334,13,14,0.9285714285714286,18,20,0.9,False,0,True,True
00131022,0,0,0,0,0,0,0,0,,,0,0,,0,0,,False,0,True,True
00131067,0,0,0,0,0,0,0,0,,,0,0,,0,0,,False,0,True,True
00131068,16,17,16,17,10,6,6,7,0.6,1.1666666666666667,4,4,1.0,8,8,1.0,False,1,True,True
00131308,30,31,30,31,15,15,13,13,0.8666666666666667,0.8666666666666667,16,20,0.8,25,25,1.0,True,2,True,True
00131316,12,12,12,12,6,6,6,6,1.0,1.0,14,14,1.0,20,20,1.0,False,0,True,True
00131324,4,4,4,4,2,2,2,2,1.0,1.0,2,2,1.0,4,4,1.0,False,0,True,True
00131437,4,4,4,4,2,2,2,2,1.0,1.0,2,2,1.0,4,4,1.0,False,0,True,True
00131480,4,4,4,4,2,2,2,2,1.0,1.0,2,2,1.0,4,4,1.0,False,0,True,True
00131529,4,5,4,4,4,0,3,0,0.75,,0,0,,0,0,,False,1,True,True
00131581,9,9,9,9,6,3,6,3,1.0,1.0,3,3,1.0,6,6,1.0,False,0,True,True
00131609,24,26,24,26,8,8,11,7,1.375,0.875,0,0,,0,0,,False,2,True,True
00131661,8,8,8,8,4,4,4,4,1.0,1.0,12,12,1.0,16,16,1.0,False,0,True,True
00131713,3,3,3,3,1,0,1,0,1.0,,0,0,,0,0,,False,0,True,True
00131893,9,8,9,8,6,3,6,2,1.0,0.6666666666666666,2,2,1.0,4,4,1.0,False,1,True,True
00131968,0,0,0,0,0,0,0,0,,,0,0,,0,0,,False,0,True,True
00131975,4,4,4,4,2,2,2,2,1.0,1.0,2,2,1.0,4,4,1.0,False,0,True,True
00132202,6,6,6,6,3,3,3,3,1.0,1.0,6,6,1.0,9,9,1.0,False,0,True,True
00132322,4,4,4,4,2,2,2,2,1.0,1.0,2,2,1.0,4,4,1.0,False,0,True,True
00132506,7,7,7,7,3,3,3,3,1.0,1.0,2,2,1.0,5,5,1.0,False,0,True,True
00132730,4,4,4,4,2,2,2,2,1.0,1.0,2,2,1.0,4,4,1.0,False,0,True,True
00133049,4,4,4,4,2,2,2,2,1.0,1.0,2,2,1.0,4,4,1.0,False,0,True,True
00133396,8,8,8,8,4,4,4,4,1.0,1.0,4,4,1.0,8,8,1.0,False,0,True,True
00133418,0,0,0,0,0,0,0,0,,,0,0,,0,0,,False,0,True,True
00133541,0,0,0,0,0,0,0,0,,,0,0,,0,0,,False,0,True,True
00133809,4,4,4,4,2,2,2,2,1.0,1.0,2,2,1.0,4,4,1.0,False,0,True,True
00134148,24,24,24,24,12,12,12,12,1.0,1.0,12,12,1.0,24,24,1.0,False,0,True,True
00134770,6,6,6,6,2,2,2,1,1.0,0.5,1,2,0.5,4,4,1.0,False,0,True,True
00135035,17,17,17,17,9,4,8,6,0.8888888888888888,1.5,10,14,0.7142857142857143,8,8,1.0,False,0,True,True
00135198,3,3,3,3,0,1,0,1,,1.0,0,0,,0,0,,False,0,True,True
00135199,3,3,3,3,0,1,0,1,,1.0,0,0,,0,0,,False,0,True,True
00135330,6,6,6,6,2,1,1,0,0.5,0.0,0,1,0.0,2,3,0.6666666666666666,False,0,True,True
00135497,8,0,8,2,0,0,0,0,,,0,0,,0,0,,False,0,True,False
00135700,4,6,4,6,0,0,2,1,,,0,0,,0,0,,False,1,True,True
00135709,4,4,4,4,2,2,2,2,1.0,1.0,2,2,1.0,4,4,1.0,False,0,True,True
00135747,4,4,4,4,2,2,2,2,1.0,1.0,2,2,1.0,4,4,1.0,False,0,True,True
00135926,0,0,0,0,0,0,0,0,,,0,0,,0,0,,False,0,True,True
00135927,6,6,6,6,4,2,4,2,1.0,1.0,3,3,1.0,4,4,1.0,False,0,True,True
00136178,0,0,0,0,0,0,0,0,,,0,0,,0,0,,False,0,True,True
00136380,4,4,4,4,2,2,2,2,1.0,1.0,2,2,1.0,4,4,1.0,False,0,True,True
00136771,26,27,26,27,10,13,9,9,0.9,0.6923076923076923,4,4,1.0,6,6,1.0,False,3,True,True
00136926,4,4,4,4,2,2,2,2,1.0,1.0,2,2,1.0,4,4,1.0,False,0,True,True
00137013,4,4,4,4,2,2,2,2,1.0,1.0,2,2,1.0,4,4,1.0,False,0,True,True
00137067,9,9,9,9,4,4,4,4,1.0,1.0,12,12,1.0,16,16,1.0,False,0,True,True
00137070,0,0,0,0,0,0,0,0,,,0,0,,0,0,,False,0,True,True
00137136,16,18,16,18,3,6,4,4,1.3333333333333333,0.6666666666666666,1,3,0.3333333333333333,4,6,0.6666666666666666,False,1,True,True
00137157,5,7,5,7,1,0,2,2,2.0,,0,0,,0,0,,False,1,True,True
00137180,8,8,8,8,4,4,4,4,1.0,1.0,12,12,1.0,16,16,1.0,False,0,True,True
00137191,13,13,13,13,6,6,6,6,1.0,1.0,14,14,1.0,20,20,1.0,False,0,True,True
00137194,8,8,8,8,3,4,3,4,1.0,1.0,3,3,1.0,6,6,1.0,False,0,True,True
00137196,15,15,15,15,7,7,7,7,1.0,1.0,6,6,1.0,13,13,1.0,False,0,True,True
00137267,5,5,5,5,2,2,2,2,1.0,1.0,2,2,1.0,4,4,1.0,False,0,True,True
00137375,0,0,0,0,0,0,0,0,,,0,0,,0,0,,False,0,True,True
00137404,12,14,12,14,5,5,5,6,1.0,1.2,2,2,1.0,4,4,1.0,False,1,True,True
00137505,8,8,8,8,4,4,4,4,1.0,1.0,4,4,1.0,8,8,1.0,False,0,True,True
00137527,14,14,14,14,5,5,7,2,1.4,0.4,10,26,0.38461538461538464,25,25,1.0,False,0,True,True
00137670,15,16,15,16,7,7,7,8,1.0,1.1428571428571428,5,6,0.8333333333333334,10,12,0.8333333333333334,False,1,True,True
00138015,10,9,10,9,5,5,4,3,0.8,0.6,2,2,1.0,4,4,1.0,False,1,True,True
00138056,0,0,0,0,0,0,0,0,,,0,0,,0,0,,False,0,True,True
00138165,4,4,4,4,2,2,2,2,1.0,1.0,2,2,1.0,4,4,1.0,False,0,True,True
00138168,15,15,15,15,6,6,6,5,1.0,0.8333333333333334,8,14,0.5714285714285714,13,20,0.65,False,0,True,True
00138202,4,4,4,4,2,2,2,2,1.0,1.0,2,2,1.0,4,4,1.0,False,0,True,True
00138643,0,0,0,0,0,0,0,0,,,0,0,,0,0,,False,0,True,True
00138880,3,3,3,3,0,1,0,1,,1.0,0,0,,0,0,,False,0,True,True
00138922,2,2,2,2,0,0,1,0,,,0,0,,0,0,,False,0,True,True
00138949,0,0,0,0,0,0,0,0,,,0,0,,0,0,,False,0,True,True
00139064,16,23,16,22,10,6,14,1,1.4,0.16666666666666666,1,2,0.5,5,6,0.8333333333333334,False,4,True,True
00139443,7,7,7,7,3,4,3,4,1.0,1.0,3,3,1.0,6,6,1.0,False,0,True,True
00139712,7,7,7,7,4,3,4,3,1.0,1.0,3,3,1.0,6,6,1.0,False,0,True,True
00139759,8,8,8,8,4,4,4,4,1.0,1.0,12,12,1.0,16,16,1.0,False,0,True,True
00139762,0,0,0,0,0,0,0,0,,,0,0,,0,0,,False,0,True,True
00139823,0,0,0,0,0,0,0,0,,,0,0,,0,0,,False,0,True,True
00139844,4,4,4,4,2,2,2,2,1.0,1.0,2,2,1.0,4,4,1.0,False,0,True,True
00140036,0,0,0,0,0,0,0,0,,,0,0,,0,0,,False,0,True,True
00140290,8,8,8,8,4,4,4,4,1.0,1.0,4,4,1.0,8,8,1.0,False,0,True,True
00140706,10,10,10,10,0,0,0,0,,,0,0,,0,0,,False,0,True,True
00140856,8,8,8,8,4,4,4,4,1.0,1.0,4,4,1.0,8,8,1.0,False,0,True,True
00140883,12,12,12,12,6,6,6,6,1.0,1.0,30,30,1.0,36,36,1.0,False,0,True,True
00141107,8,8,8,8,4,4,4,4,1.0,1.0,12,12,1.0,16,16,1.0,False,0,True,True
00141429,8,8,8,8,4,4,4,4,1.0,1.0,12,12,1.0,16,16,1.0,False,0,True,True
00141434,13,0,13,14,10,3,0,0,0.0,0.0,0,0,,0,0,,False,0,True,False
00141708,4,4,4,4,2,2,2,2,1.0,1.0,2,2,1.0,4,4,1.0,False,0,True,True
00141721,4,4,4,4,2,2,2,2,1.0,1.0,2,2,1.0,4,4,1.0,False,0,True,True
00142081,19,21,19,21,9,9,11,6,1.2222222222222223,0.6666666666666666,0,0,,0,0,,True,3,True,True
00142270,4,4,4,4,2,2,2,2,1.0,1.0,2,2,1.0,4,4,1.0,False,0,True,True
00142922,5,5,5,5,2,3,2,3,1.0,1.0,4,4,1.0,6,6,1.0,False,0,True,True
00142939,4,4,4,4,2,2,2,2,1.0,1.0,2,2,1.0,4,4,1.0,False,0,True,True
00142997,4,4,4,4,2,2,2,2,1.0,1.0,2,2,1.0,4,4,1.0,False,0,True,True
00143131,0,0,0,0,0,0,0,0,,,0,0,,0,0,,False,0,True,True
00143289,0,0,0,0,0,0,0,0,,,0,0,,0,0,,False,0,True,True
00143592,4,4,4,4,2,2,2,2,1.0,1.0,2,2,1.0,4,4,1.0,False,0,True,True
00143853,2,2,2,2,0,2,0,2,,1.0,1,1,1.0,0,0,,False,0,True,True
00143857,6,7,6,7,2,4,3,4,1.5,1.0,1,1,1.0,2,2,1.0,False,1,True,True
00143958,4,4,4,4,2,2,2,2,1.0,1.0,2,2,1.0,4,4,1.0,False,0,True,True
00144212,12,14,12,14,6,6,4,7,0.6666666666666666,1.1666666666666667,3,4,0.75,6,8,0.75,False,1,True,True
00144225,8,10,8,7,3,2,3,1,1.0,0.5,0,0,,0,0,,False,1,True,True
00144341,8,8,8,8,4,4,4,4,1.0,1.0,4,4,1.0,8,8,1.0,False,0,True,True
00144344,0,0,0,0,0,0,0,0,,,0,0,,0,0,,False,0,True,True
00144548,4,4,4,4,2,2,2,2,1.0,1.0,2,2,1.0,4,4,1.0,False,0,True,True
00144677,10,14,10,13,4,4,3,4,0.75,1.0,0,0,,0,0,,False,2,True,True
00144730,4,4,4,4,2,2,2,2,1.0,1.0,2,2,1.0,4,4,1.0,False,0,True,True
00144800,16,16,16,16,8,8,8,8,1.0,1.0,8,8,1.0,16,16,1.0,False,0,True,True
00144863,8,8,8,8,4,4,4,4,1.0,1.0,12,12,1.0,16,16,1.0,False,0,True,True
00144967,0,0,0,0,0,0,0,0,,,0,0,,0,0,,False,0,True,True
00145748,12,12,12,12,6,6,6,6,1.0,1.0,6,6,1.0,12,12,1.0,False,0,True,True
00145909,4,4,4,4,2,2,2,2,1.0,1.0,2,2,1.0,4,4,1.0,False,0,True,True
00145936,8,8,8,8,3,3,3,3,1.0,1.0,2,2,1.0,5,5,1.0,False,0,True,True
00146076,3,3,3,3,1,0,1,0,1.0,,0,0,,0,0,,False,0,True,True
00146110,0,0,0,0,0,0,0,0,,,0,0,,0,0,,False,0,True,True
00146596,3,3,3,3,1,1,1,1,1.0,1.0,0,0,,1,1,1.0,False,0,True,True
00146912,12,12,12,12,8,4,7,3,0.875,0.75,24,34,0.7058823529411765,25,32,0.78125,False,0,True,True
00146958,33,33,33,33,14,19,14,17,1.0,0.8947368421052632,23,34,0.6764705882352942,38,38,1.0,False,0,True,True
00147229,0,2,0,0,0,0,0,0,,,0,0,,0,0,,False,2,True,True
00147310,2,2,2,2,0,0,1,0,,,0,0,,0,0,,False,0,True,True
00147363,20,19,20,19,10,10,8,8,0.8,0.8,8,8,1.0,16,16,1.0,False,2,True,True
00147439,0,0,0,0,0,0,0,0,,,0,0,,0,0,,False,0,True,True
00147637,0,0,0,0,0,0,0,0,,,0,0,,0,0,,False,0,True,True
00147835,0,0,0,0,0,0,0,0,,,0,0,,0,0,,False,0,True,True
00147837,3,3,3,3,1,0,1,0,1.0,,0,0,,0,0,,False,0,True,True
00147871,6,6,6,6,2,0,2,0,1.0,,3,3,1.0,0,0,,False,0,True,True
00147904,0,0,0,0,0,0,0,0,,,0,0,,0,0,,False,0,True,True
00147982,6,6,6,6,0,2,0,2,,1.0,3,3,1.0,0,0,,False,0,True,True
00148107,6,6,6,6,0,2,0,2,,1.0,1,1,1.0,0,0,,False,0,True,True
00148166,0,0,0,0,0,0,0,0,,,0,0,,0,0,,False,0,True,True
00148335,6,6,6,6,2,4,2,4,1.0,1.0,7,7,1.0,8,8,1.0,False,0,True,True
00148443,0,0,0,0,0,0,0,0,,,0,0,,0,0,,False,0,True,True
00148705,0,0,0,0,0,0,0,0,,,0,0,,0,0,,False,0,True,True
00148725,0,0,0,0,0,0,0,0,,,0,0,,0,0,,False,0,True,True
00148728,0,0,0,0,0,0,0,0,,,0,0,,0,0,,False,0,True,True
00148884,0,0,0,0,0,0,0,0,,,0,0,,0,0,,False,0,True,True
00148953,6,6,6,6,2,0,2,0,1.0,,3,3,1.0,0,0,,False,0,True,True
00148984,0,0,0,0,0,0,0,0,,,0,0,,0,0,,False,0,True,True
00149027,0,0,0,0,0,0,0,0,,,0,0,,0,0,,False,0,True,True
00149035,0,0,0,0,0,0,0,0,,,0,0,,0,0,,False,0,True,True
00149279,0,0,0,0,0,0,0,0,,,0,0,,0,0,,False,0,True,True
00149329,4,4,4,4,2,2,2,2,1.0,1.0,2,2,1.0,4,4,1.0,False,0,True,True
00149387,6,6,6,6,0,2,0,2,,1.0,1,1,1.0,0,0,,False,0,True,True
00149782,4,4,4,4,2,2,2,2,1.0,1.0,2,2,1.0,4,4,1.0,False,0,True,True
00150023,0,0,0,0,0,0,0,0,,,0,0,,0,0,,False,0,True,True
00150087,0,0,0,0,0,0,0,0,,,0,0,,0,0,,False,0,True,True
00150120,0,0,0,0,0,0,0,0,,,0,0,,0,0,,False,0,True,True
00150277,4,4,4,4,2,2,2,2,1.0,1.0,2,2,1.0,4,4,1.0,False,0,True,True
00150359,6,6,6,6,2,0,2,0,1.0,,1,1,1.0,0,0,,False,0,True,True
00150524,4,4,4,4,2,2,2,2,1.0,1.0,2,2,1.0,4,4,1.0,False,0,True,True
00150535,8,8,8,8,4,4,4,3,1.0,0.75,9,12,0.75,12,16,0.75,False,0,True,True
00150604,8,8,8,8,3,5,2,6,0.6666666666666666,1.2,5,5,1.0,4,7,0.5714285714285714,False,0,True,True
00150876,2,2,2,2,0,0,0,0,,,0,0,,0,0,,False,0,True,True
00150970,0,0,0,0,0,0,0,0,,,0,0,,0,0,,False,0,True,True
00151023,4,4,4,4,2,2,2,2,1.0,1.0,2,2,1.0,4,4,1.0,False,0,True,True
00152052,0,0,0,0,0,0,0,0,,,0,0,,0,0,,False,0,True,True
00152072,0,0,0,0,0,0,0,0,,,0,0,,0,0,,False,0,True,True
00152116,0,0,0,0,0,0,0,0,,,0,0,,0,0,,False,0,True,True
00152170,8,8,8,8,8,0,8,0,1.0,,2,2,1.0,0,0,,False,0,True,True
00152373,0,0,0,0,0,0,0,0,,,0,0,,0,0,,False,0,True,True
00152418,4,4,4,4,2,2,2,2,1.0,1.0,2,2,1.0,4,4,1.0,False,0,True,True
00152442,3,3,3,3,1,2,1,2,1.0,1.0,1,1,1.0,2,2,1.0,False,0,True,True
00152462,2,2,2,2,0,0,0,0,,,0,0,,0,0,,False,0,True,True
00152464,2,2,2,2,2,0,2,0,1.0,,1,1,1.0,0,0,,False,0,True,True
00152484,0,0,0,0,0,0,0,0,,,0,0,,0,0,,False,0,True,True
00152549,12,12,12,12,6,6,5,6,0.8333333333333334,1.0,5,6,0.8333333333333334,10,12,0.8333333333333334,False,0,True,True
00152696,2,2,2,2,0,2,0,2,,1.0,1,1,1.0,0,0,,False,0,True,True
00152757,0,0,0,0,0,0,0,0,,,0,0,,0,0,,False,0,True,True
00153040,0,0,0,0,0,0,0,0,,,0,0,,0,0,,False,0,True,True
00153050,12,12,12,12,6,6,6,6,1.0,1.0,6,6,1.0,12,12,1.0,False,0,True,True
00153434,0,0,0,0,0,0,0,0,,,0,0,,0,0,,False,0,True,True
00153561,0,0,0,0,0,0,0,0,,,0,0,,0,0,,False,0,True,True
00153634,4,4,4,4,2,2,2,2,1.0,1.0,2,2,1.0,4,4,1.0,False,0,True,True
00154147,16,16,16,16,8,8,7,8,0.875,1.0,21,24,0.875,28,32,0.875,False,0,True,True
00154157,4,4,4,4,2,2,2,2,1.0,1.0,2,2,1.0,4,4,1.0,False,0,True,True
00154238,7,9,7,7,3,4,4,2,1.3333333333333333,0.5,0,0,,0,0,,False,1,True,True
00154501,24,24,24,24,12,12,11,10,0.9166666666666666,0.8333333333333334,21,36,0.5833333333333334,31,48,0.6458333333333334,False,0,True,True
00154647,12,12,12,12,6,1,5,2,0.8333333333333334,2.0,0,6,0.0,0,3,0.0,False,0,True,True
00154987,0,0,0,0,0,0,0,0,,,0,0,,0,0,,False,0,True,True
00155026,4,4,4,4,2,2,2,2,1.0,1.0,2,2,1.0,4,4,1.0,False,0,True,True
00155151,0,0,0,0,0,0,0,0,,,0,0,,0,0,,False,0,True,True
00155514,4,4,4,4,2,2,2,2,1.0,1.0,2,2,1.0,4,4,1.0,False,0,True,True
00155642,0,0,0,0,0,0,0,0,,,0,0,,0,0,,False,0,True,True
00155732,33,0,33,36,8,6,0,0,0.0,0.0,0,0,,0,0,,False,0,True,False
00155784,0,0,0,0,0,0,0,0,,,0,0,,0,0,,False,0,True,True
00155901,0,0,0,0,0,0,0,0,,,0,0,,0,0,,False,0,True,True
00156061,0,0,0,0,0,0,0,0,,,0,0,,0,0,,False,0,True,True
00156297,0,0,0,0,0,0,0,0,,,0,0,,0,0,,False,0,True,True
00156640,6,6,6,6,0,2,0,2,,1.0,3,3,1.0,0,0,,False,0,True,True
00156745,16,18,16,16,8,8,6,6,0.75,0.75,2,2,1.0,4,4,1.0,False,1,True,True
00156852,4,4,4,4,2,2,2,2,1.0,1.0,2,2,1.0,4,4,1.0,False,0,True,True
00156861,8,8,8,8,4,4,4,4,1.0,1.0,4,4,1.0,8,8,1.0,False,0,True,True
00156908,8,8,8,8,4,4,4,4,1.0,1.0,12,12,1.0,16,16,1.0,False,0,True,True
00157099,21,21,21,21,10,10,10,11,1.0,1.1,10,10,1.0,22,24,0.9166666666666666,False,0,True,True
00157558,4,4,4,4,2,2,2,2,1.0,1.0,2,2,1.0,4,4,1.0,False,0,True,True
00157582,8,7,8,6,6,2,4,1,0.6666666666666666,0.5,1,1,1.0,0,0,,False,1,True,True
00157671,0,0,0,0,0,0,0,0,,,0,0,,0,0,,False,0,True,True
00157775,4,4,4,4,2,2,2,2,1.0,1.0,2,2,1.0,4,4,1.0,False,0,True,True
00157817,0,0,0,0,0,0,0,0,,,0,0,,0,0,,False,0,True,True
00157978,4,4,4,4,2,2,2,2,1.0,1.0,2,2,1.0,4,4,1.0,False,0,True,True
00158132,0,0,0,0,0,0,0,0,,,0,0,,0,0,,False,0,True,True
00158371,0,0,0,0,0,0,0,0,,,0,0,,0,0,,False,0,True,True
00158572,8,8,8,8,4,4,4,4,1.0,1.0,4,4,1.0,8,8,1.0,False,0,True,True
00158632,4,4,4,4,2,2,2,2,1.0,1.0,2,2,1.0,4,4,1.0,False,0,True,True
00158779,4,4,4,4,2,2,2,2,1.0,1.0,2,2,1.0,4,4,1.0,False,0,True,True
00158797,4,4,4,4,2,2,2,2,1.0,1.0,2,2,1.0,4,4,1.0,False,0,True,True
00158940,0,0,0,0,0,0,0,0,,,0,0,,0,0,,False,0,True,True
00159076,0,0,0,0,0,0,0,0,,,0,0,,0,0,,False,0,True,True
00159143,8,8,8,8,4,4,4,4,1.0,1.0,4,4,1.0,8,8,1.0,False,0,True,True
00159892,8,8,8,8,4,4,4,4,1.0,1.0,4,4,1.0,8,8,1.0,False,0,True,True
00160241,16,23,16,18,10,2,9,3,0.9,1.5,0,0,,0,2,0.0,False,6,True,True
00160404,0,0,0,0,0,0,0,0,,,0,0,,0,0,,False,0,True,True
00160476,3,3,3,3,0,1,1,0,,0.0,0,0,,0,0,,False,0,True,True
00160644,0,0,0,0,0,0,0,0,,,0,0,,0,0,,False,0,True,True
00160660,0,0,0,0,0,0,0,0,,,0,0,,0,0,,False,0,True,True
00160712,12,12,12,12,6,6,5,5,0.8333333333333334,0.8333333333333334,20,30,0.6666666666666666,31,36,0.8611111111111112,False,0,True,True
00160787,4,4,4,4,2,2,2,2,1.0,1.0,2,2,1.0,4,4,1.0,False,0,True,True
00160837,4,4,4,4,2,2,2,2,1.0,1.0,2,2,1.0,4,4,1.0,False,0,True,True
00160917,4,4,4,4,2,2,2,2,1.0,1.0,2,2,1.0,4,4,1.0,False,0,True,True
00160940,0,0,0,0,0,0,0,0,,,0,0,,0,0,,False,0,True,True
00160991,3,2,3,2,1,0,0,0,0.0,,0,0,,0,0,,False,1,True,True
00161119,10,10,10,10,5,5,5,5,1.0,1.0,20,20,1.0,25,25,1.0,False,0,True,True
00161286,8,8,8,8,4,4,4,4,1.0,1.0,4,4,1.0,8,8,1.0,False,0,True,True
00161417,0,0,0,0,0,0,0,0,,,0,0,,0,0,,False,0,True,True
00161418,0,0,0,0,0,0,0,0,,,0,0,,0,0,,False,0,True,True
00161443,16,17,16,16,10,2,6,2,0.6,1.0,0,1,0.0,0,0,,False,2,True,True
00161532,16,16,16,16,8,8,6,7,0.75,0.875,16,24,0.6666666666666666,20,32,0.625,False,0,True,True
00161544,10,8,10,5,0,4,3,0,,0.0,0,0,,0,0,,True,3,True,True
00161604,8,8,8,8,2,2,2,2,1.0,1.0,4,4,1.0,8,8,1.0,False,0,True,True
00161685,0,0,0,0,0,0,0,0,,,0,0,,0,0,,False,0,True,True
00161733,3,3,3,3,2,0,1,0,0.5,,0,1,0.0,0,0,,False,0,True,True
00161851,4,4,4,4,2,2,2,2,1.0,1.0,2,2,1.0,4,4,1.0,False,0,True,True
00161909,0,0,0,0,0,0,0,0,,,0,0,,0,0,,False,0,True,True
00161999,26,27,26,27,10,8,5,6,0.5,0.75,0,0,,0,0,,False,1,True,True
00162067,4,4,4,4,2,2,2,2,1.0,1.0,2,2,1.0,4,4,1.0,False,0,True,True
00162181,0,0,0,0,0,0,0,0,,,0,0,,0,0,,False,0,True,True
00162227,8,8,8,8,4,4,4,4,1.0,1.0,4,4,1.0,8,8,1.0,False,0,True,True
00162250,8,8,8,8,4,4,4,4,1.0,1.0,12,12,1.0,16,16,1.0,False,0,True,True
00162258,8,8,8,8,4,4,4,4,1.0,1.0,12,12,1.0,16,16,1.0,False,0,True,True
00162320,4,4,4,4,2,2,2,2,1.0,1.0,2,2,1.0,4,4,1.0,False,0,True,True
00162329,4,4,4,4,0,0,0,0,,,0,0,,1,1,1.0,False,0,True,True
00162458,8,9,8,9,2,2,2,4,1.0,2.0,0,0,,0,0,,False,1,True,True
00162466,0,0,0,0,0,0,0,0,,,0,0,,0,0,,False,0,True,True
00162486,0,0,0,0,0,0,0,0,,,0,0,,0,0,,False,0,True,True
00162680,4,4,4,4,2,2,2,2,1.0,1.0,2,2,1.0,4,4,1.0,False,0,True,True
00162695,4,4,4,4,2,2,2,2,1.0,1.0,2,2,1.0,4,4,1.0,False,0,True,True
00162959,4,4,4,4,2,2,2,2,1.0,1.0,2,2,1.0,4,4,1.0,False,0,True,True
00163345,0,0,0,0,0,0,0,0,,,0,0,,0,0,,False,0,True,True
00163447,0,0,0,0,0,0,0,0,,,0,0,,0,0,,False,0,True,True
00163527,4,4,4,4,2,2,2,2,1.0,1.0,2,2,1.0,4,4,1.0,False,0,True,True
00163587,0,0,0,0,0,0,0,0,,,0,0,,0,0,,False,0,True,True
00163649,12,12,12,12,6,6,6,6,1.0,1.0,6,6,1.0,12,12,1.0,False,0,True,True
00163787,4,4,4,4,2,2,2,2,1.0,1.0,2,2,1.0,4,4,1.0,False,0,True,True
00163845,6,6,6,6,3,3,3,3,1.0,1.0,6,6,1.0,9,9,1.0,False,0,True,True
00163989,8,8,8,8,4,4,3,4,0.75,1.0,9,12,0.75,12,16,0.75,False,0,True,True
00164246,4,4,4,4,2,2,2,2,1.0,1.0,2,2,1.0,4,4,1.0,False,0,True,True
00164515,4,4,4,4,2,2,2,2,1.0,1.0,2,2,1.0,4,4,1.0,False,0,True,True
00164549,1,1,1,1,1,0,1,0,1.0,,0,0,,0,0,,False,0,True,True
00164701,12,12,12,12,6,6,6,6,1.0,1.0,2,2,1.0,8,8,1.0,False,0,True,True
00164978,4,4,4,4,2,2,2,2,1.0,1.0,2,2,1.0,4,4,1.0,False,0,True,True
00165079,0,0,0,0,0,0,0,0,,,0,0,,0,0,,False,0,True,True
00165264,4,4,4,4,2,2,2,2,1.0,1.0,2,2,1.0,4,4,1.0,False,0,True,True
00165443,0,0,0,0,0,0,0,0,,,0,0,,0,0,,False,0,True,True
00165844,0,0,0,0,0,0,0,0,,,0,0,,0,0,,False,0,True,True
00166136,6,6,6,6,3,3,3,3,1.0,1.0,6,6,1.0,9,9,1.0,False,0,True,True
00166331,0,0,0,0,0,0,0,0,,,0,0,,0,0,,False,0,True,True
00166337,0,0,0,0,0,0,0,0,,,0,0,,0,0,,False,0,True,True
00166398,13,15,13,14,4,6,5,4,1.25,0.6666666666666666,0,0,,0,0,,False,2,True,True
00166659,0,0,0,0,0,0,0,0,,,0,0,,0,0,,False,0,True,True
00166884,3,3,3,3,1,0,1,0,1.0,,0,0,,0,0,,False,0,True,True
00166885,3,3,3,3,1,0,1,0,1.0,,0,0,,0,0,,False,0,True,True
00167407,0,0,0,0,0,0,0,0,,,0,0,,0,0,,False,0,True,True
00167890,0,0,0,0,0,0,0,0,,,0,0,,0,0,,False,0,True,True
00167991,0,0,0,0,0,0,0,0,,,0,0,,0,0,,False,0,True,True
00168212,6,6,6,6,2,0,2,0,1.0,,1,3,0.3333333333333333,0,0,,False,0,True,True
00168377,0,0,0,0,0,0,0,0,,,0,0,,0,0,,False,0,True,True
00168418,4,4,4,4,2,2,2,2,1.0,1.0,2,2,1.0,4,4,1.0,False,0,True,True
00168422,4,4,4,4,2,2,2,2,1.0,1.0,2,2,1.0,4,4,1.0,False,0,True,True
00168790,6,6,6,6,6,0,6,0,1.0,,15,15,1.0,0,0,,False,0,True,True
00168843,10,10,10,10,2,2,3,2,1.5,1.0,2,5,0.4,4,4,1.0,False,0,True,True
00169223,36,38,36,38,24,12,22,7,0.9166666666666666,0.5833333333333334,0,0,,0,0,,False,1,True,True
00169448,4,4,4,4,2,2,2,2,1.0,1.0,2,2,1.0,4,4,1.0,False,0,True,True
00169459,4,4,4,4,2,2,2,2,1.0,1.0,2,2,1.0,4,4,1.0,False,0,True,True
00170229,8,8,8,8,4,2,4,3,1.0,1.5,7,7,1.0,8,9,0.8888888888888888,False,0,True,True
00170504,4,4,4,4,2,2,2,2,1.0,1.0,2,2,1.0,4,4,1.0,False,0,True,True
00170546,4,4,4,4,2,2,2,2,1.0,1.0,2,2,1.0,4,4,1.0,False,0,True,True
00170570,28,34,28,34,13,9,8,11,0.6153846153846154,1.2222222222222223,1,2,0.5,2,4,0.5,True,4,True,True
00170640,10,0,10,9,6,4,0,0,0.0,0.0,0,0,,0,0,,False,0,True,False
00170653,0,0,0,0,0,0,0,0,,,0,0,,0,0,,False,0,True,True
00170892,3,3,3,3,2,1,2,1,1.0,1.0,1,1,1.0,2,2,1.0,False,0,True,True
00170995,4,4,4,4,2,2,2,2,1.0,1.0,2,2,1.0,4,4,1.0,False,0,True,True
00171008,12,13,12,13,0,12,1,12,,1.0,6,6,1.0,0,0,,False,1,True,True
00171149,0,0,0,0,0,0,0,0,,,0,0,,0,0,,False,0,True,True
00171198,0,0,0,0,0,0,0,0,,,0,0,,0,0,,False,0,True,True
00171216,0,0,0,0,0,0,0,0,,,0,0,,0,0,,False,0,True,True
00171386,8,8,8,8,4,4,4,4,1.0,1.0,4,4,1.0,8,8,1.0,False,0,True,True
00171388,4,4,4,4,2,2,2,2,1.0,1.0,2,2,1.0,4,4,1.0,False,0,True,True
00171436,0,0,0,0,0,0,0,0,,,0,0,,0,0,,False,0,True,True
00171573,24,24,24,24,12,12,12,7,1.0,0.5833333333333334,13,20,0.65,24,32,0.75,False,0,True,True
00171652,4,4,4,4,2,2,2,2,1.0,1.0,2,2,1.0,4,4,1.0,False,0,True,True
00171691,28,0,28,30,14,14,0,0,0.0,0.0,0,0,,0,0,,True,0,True,True
00171824,7,7,7,7,3,3,2,3,0.6666666666666666,1.0,4,6,0.6666666666666666,6,9,0.6666666666666666,False,0,True,True
00172043,8,12,8,12,4,4,2,2,0.5,0.5,0,0,,0,0,,False,1,True,True
00172053,5,6,5,6,1,2,2,2,2.0,1.0,0,0,,0,0,,False,1,True,True
00172169,4,4,4,4,2,2,2,2,1.0,1.0,2,2,1.0,4,4,1.0,False,0,True,True
00172336,0,0,0,0,0,0,0,0,,,0,0,,0,0,,False,0,True,True
00172416,8,8,8,8,4,4,4,4,1.0,1.0,12,12,1.0,16,16,1.0,False,0,True,True
00172487,28,29,28,29,13,11,15,9,1.1538461538461537,0.8181818181818182,9,11,0.8181818181818182,16,16,1.0,False,2,True,True
00172939,22,22,22,22,12,10,12,10,1.0,1.0,55,55,1.0,64,64,1.0,False,0,True,True
00172941,22,22,22,22,12,10,12,10,1.0,1.0,55,55,1.0,64,64,1.0,False,0,True,True
00172969,2,2,2,2,0,0,0,0,,,0,0,,0,0,,False,0,True,True
00172976,22,22,22,22,12,10,12,10,1.0,1.0,55,55,1.0,64,64,1.0,False,0,True,True
00172987,6,6,6,6,4,2,4,2,1.0,1.0,7,7,1.0,8,8,1.0,False,0,True,True
00173187,6,6,6,6,2,2,2,2,1.0,1.0,2,2,1.0,4,4,1.0,False,0,True,True
00173343,4,4,4,4,2,2,2,2,1.0,1.0,2,2,1.0,4,4,1.0,False,0,True,True
00173438,4,4,4,4,2,2,2,2,1.0,1.0,2,2,1.0,4,4,1.0,False,0,True,True
00173619,6,6,6,6,0,2,1,2,,1.0,0,3,0.0,0,0,,False,0,True,True
00173974,4,4,4,4,2,2,2,2,1.0,1.0,2,2,1.0,4,4,1.0,False,0,True,True
00174101,0,0,0,0,0,0,0,0,,,0,0,,0,0,,False,0,True,True
00174132,6,4,6,4,0,2,0,3,,1.5,1,2,0.5,0,0,,False,1,True,True
00174149,6,6,6,6,3,3,3,3,1.0,1.0,6,6,1.0,9,9,1.0,False,0,True,True
00174173,0,0,0,0,0,0,0,0,,,0,0,,0,0,,False,0,True,True
00174200,8,10,6,6,0,2,1,1,,0.5,0,0,,0,0,,False,1,True,True
00174357,8,8,8,8,4,4,4,4,1.0,1.0,4,4,1.0,8,8,1.0,False,0,True,True
00174553,6,6,6,6,0,2,0,2,,1.0,0,0,,0,0,,False,0,True,True
00174947,4,4,4,4,2,2,2,2,1.0,1.0,2,2,1.0,4,4,1.0,False,0,True,True
00174979,8,8,8,8,4,4,4,4,1.0,1.0,4,4,1.0,8,8,1.0,False,0,True,True
00175105,21,22,21,21,13,2,10,6,0.7692307692307693,3.0,5,11,0.45454545454545453,4,4,1.0,False,1,True,True
00175282,0,0,0,0,0,0,0,0,,,0,0,,0,0,,False,0,True,True
00175450,0,0,0,0,0,0,0,0,,,0,0,,0,0,,False,0,True,True
00175470,11,12,11,12,1,1,3,3,3.0,3.0,0,0,,0,0,,False,1,True,True
00175703,18,18,18,18,10,6,8,4,0.8,0.6666666666666666,8,15,0.5333333333333333,14,20,0.7,False,0,True,True
00175705,5,5,5,5,2,2,2,2,1.0,1.0,2,2,1.0,4,4,1.0,False,0,True,True
00175867,4,4,4,4,2,2,2,2,1.0,1.0,2,2,1.0,4,4,1.0,False,0,True,True
00176053,4,4,4,4,2,2,2,2,1.0,1.0,2,2,1.0,4,4,1.0,False,0,True,True
00176282,4,6,4,6,2,1,2,1,1.0,1.0,0,1,0.0,0,0,,False,2,True,True
00176427,0,0,0,0,0,0,0,0,,,0,0,,0,0,,False,0,True,True
00176492,4,4,4,4,2,2,2,2,1.0,1.0,2,2,1.0,4,4,1.0,False,0,True,True
00176495,28,28,28,28,14,14,14,10,1.0,0.7142857142857143,24,38,0.631578947368421,52,52,1.0,False,0,True,True
00176796,4,4,4,4,2,2,2,2,1.0,1.0,2,2,1.0,4,4,1.0,False,0,True,True
00176840,0,0,0,0,0,0,0,0,,,0,0,,0,0,,False,0,True,True
00176964,4,4,4,4,2,2,2,2,1.0,1.0,2,2,1.0,4,4,1.0,False,0,True,True
00177059,4,4,4,4,2,2,2,2,1.0,1.0,2,2,1.0,4,4,1.0,False,0,True,True
00177241,8,8,8,8,4,4,4,4,1.0,1.0,4,4,1.0,8,8,1.0,False,0,True,True
00177420,8,8,8,8,4,4,4,4,1.0,1.0,12,12,1.0,16,16,1.0,False,0,True,True
00177495,7,6,7,6,1,0,1,2,1.0,,0,0,,0,0,,False,1,True,True
00177803,4,4,4,4,2,2,2,2,1.0,1.0,2,2,1.0,4,4,1.0,False,0,True,True
00177978,4,4,4,4,2,2,2,2,1.0,1.0,2,2,1.0,4,4,1.0,False,0,True,True
00178269,26,26,26,26,12,11,10,9,0.8333333333333334,0.8181818181818182,14,34,0.4117647058823529,56,71,0.7887323943661971,False,0,True,True
00178286,0,0,0,0,0,0,0,0,,,0,0,,0,0,,False,0,True,True
00178391,0,0,0,0,0,0,0,0,,,0,0,,0,0,,False,0,True,True
00178444,44,32,44,44,17,17,14,14,0.8235294117647058,0.8235294117647058,16,20,0.8,24,29,0.8275862068965517,True,2,True,True
00178584,24,24,24,24,12,12,12,12,1.0,1.0,12,12,1.0,24,24,1.0,False,0,True,True
00178767,4,4,4,4,2,2,2,2,1.0,1.0,2,2,1.0,4,4,1.0,False,0,True,True
00178990,0,0,0,0,0,0,0,0,,,0,0,,0,0,,False,0,True,True
00179104,4,4,4,4,2,2,2,2,1.0,1.0,2,2,1.0,4,4,1.0,False,0,True,True
00179249,10,10,10,10,4,4,4,4,1.0,1.0,4,4,1.0,8,8,1.0,False,0,True,True
00179685,8,8,8,8,4,4,4,4,1.0,1.0,12,12,1.0,16,16,1.0,False,0,True,True
00179698,4,4,4,4,2,2,2,2,1.0,1.0,2,2,1.0,4,4,1.0,False,0,True,True
00179934,16,16,16,16,8,8,8,8,1.0,1.0,8,8,1.0,16,16,1.0,False,0,True,True
00180090,4,4,4,4,2,2,2,2,1.0,1.0,2,2,1.0,4,4,1.0,False,0,True,True
00180390,9,9,9,9,4,4,1,4,0.25,1.0,6,12,0.5,12,16,0.75,False,0,True,True
00180507,4,4,4,4,2,2,2,2,1.0,1.0,2,2,1.0,4,4,1.0,False,0,True,True
00180925,4,4,4,4,2,2,2,2,1.0,1.0,2,2,1.0,4,4,1.0,False,0,True,True
00181041,4,4,4,4,2,2,2,2,1.0,1.0,2,2,1.0,4,4,1.0,False,0,True,True
00181099,7,7,7,7,3,3,3,3,1.0,1.0,2,2,1.0,5,5,1.0,False,0,True,True
00181288,6,6,6,6,2,2,2,2,1.0,1.0,1,3,0.3333333333333333,2,4,0.5,False,0,True,True
00181763,0,0,0,0,0,0,0,0,,,0,0,,0,0,,False,0,True,True
00181768,0,0,0,0,0,0,0,0,,,0,0,,0,0,,False,0,True,True
00181786,4,4,4,4,2,2,2,2,1.0,1.0,2,2,1.0,4,4,1.0,False,0,True,True
00181846,0,0,0,0,0,0,0,0,,,0,0,,0,0,,False,0,True,True
00182071,28,28,28,28,6,6,9,8,1.5,1.3333333333333333,2,3,0.6666666666666666,6,8,0.75,False,0,True,True
00182133,4,4,4,4,2,2,2,2,1.0,1.0,2,2,1.0,4,4,1.0,False,0,True,True
00182295,4,4,4,4,2,2,2,2,1.0,1.0,2,2,1.0,4,4,1.0,False,0,True,True
00182298,4,4,4,4,2,2,2,2,1.0,1.0,2,2,1.0,4,4,1.0,False,0,True,True
00182358,6,6,6,6,2,0,2,0,1.0,,3,3,1.0,0,0,,False,0,True,True
00182623,9,9,9,9,2,3,3,3,1.5,1.0,2,3,0.6666666666666666,2,2,1.0,False,0,True,True
00182911,4,4,4,4,2,2,2,2,1.0,1.0,2,2,1.0,4,4,1.0,False,0,True,True
00183018,0,0,0,0,0,0,0,0,,,0,0,,0,0,,False,0,True,True
00183225,6,6,6,6,4,2,4,2,1.0,1.0,3,3,1.0,4,4,1.0,False,0,True,True
00183262,0,0,0,0,0,0,0,0,,,0,0,,0,0,,False,0,True,True
00183480,0,0,0,0,0,0,0,0,,,0,0,,0,0,,False,0,True,True
00183507,12,12,12,12,6,6,6,6,1.0,1.0,30,30,1.0,36,36,1.0,False,0,True,True
00183520,4,4,4,4,2,2,2,2,1.0,1.0,2,2,1.0,4,4,1.0,False,0,True,True
00183565,4,4,4,4,2,2,2,2,1.0,1.0,2,2,1.0,4,4,1.0,False,0,True,True
00183600,17,16,17,16,7,9,5,10,0.7142857142857143,1.1111111111111112,2,3,0.6666666666666666,5,6,0.8333333333333334,False,3,True,True
00183608,23,24,23,24,11,11,9,10,0.8181818181818182,0.9090909090909091,3,4,0.75,7,9,0.7777777777777778,True,4,True,True
00183611,4,4,4,4,2,2,2,2,1.0,1.0,2,2,1.0,4,4,1.0,False,0,True,True
00183769,0,0,0,0,0,0,0,0,,,0,0,,0,0,,False,0,True,True
00183923,4,4,4,4,2,2,2,2,1.0,1.0,2,2,1.0,4,4,1.0,False,0,True,True
00183931,8,8,8,8,4,4,4,4,1.0,1.0,12,12,1.0,16,16,1.0,False,0,True,True
00183932,4,4,4,4,2,2,2,2,1.0,1.0,2,2,1.0,4,4,1.0,False,0,True,True
00183965,8,8,8,8,0,0,1,0,,,0,4,0.0,0,8,0.0,False,0,True,True
00184075,3,3,3,3,2,1,2,1,1.0,1.0,1,1,1.0,2,2,1.0,False,0,True,True
00184169,45,45,45,45,6,9,6,9,1.0,1.0,18,18,1.0,12,12,1.0,False,0,True,True
00184179,22,22,22,22,10,10,10,10,1.0,1.0,11,11,1.0,20,20,1.0,False,0,True,True
00184451,6,6,6,6,3,0,3,1,1.0,,3,3,1.0,0,0,,False,0,True,True
00184571,0,0,0,0,0,0,0,0,,,0,0,,0,0,,False,0,True,True
00184605,12,12,12,12,6,6,6,6,1.0,1.0,14,14,1.0,20,20,1.0,False,0,True,True
00184624,4,4,4,4,2,2,2,2,1.0,1.0,2,2,1.0,4,4,1.0,False,0,True,True
00184790,0,0,0,0,0,0,0,0,,,0,0,,0,0,,False,0,True,True
00184906,12,12,12,12,6,6,6,6,1.0,1.0,30,30,1.0,36,36,1.0,False,0,True,True
00184983,4,4,4,4,2,2,2,2,1.0,1.0,2,2,1.0,4,4,1.0,False,0,True,True
00185035,6,6,6,6,4,2,4,2,1.0,1.0,7,7,1.0,8,8,1.0,False,0,True,True
00185159,6,6,6,6,4,2,4,2,1.0,1.0,3,3,1.0,4,4,1.0,False,0,True,True
00185360,6,6,6,6,3,3,3,3,1.0,1.0,6,6,1.0,9,9,1.0,False,0,True,True
00185431,4,4,4,4,2,2,2,2,1.0,1.0,2,2,1.0,4,4,1.0,False,0,True,True
00185716,0,0,0,0,0,0,0,0,,,0,0,,0,0,,False,0,True,True
00186042,6,6,6,6,1,2,1,2,1.0,1.0,1,1,1.0,2,2,1.0,False,0,True,True
00186176,28,28,28,28,14,14,14,14,1.0,1.0,14,14,1.0,28,28,1.0,False,0,True,True
00186177,0,0,0,0,0,0,0,0,,,0,0,,0,0,,False,0,True,True
00186338,21,20,21,20,9,7,8,8,0.8888888888888888,1.1428571428571428,5,6,0.8333333333333334,10,12,0.8333333333333334,False,1,True,True
00186954,6,5,4,3,0,0,1,1,,,0,0,,0,0,,False,1,True,True
00187111,4,4,4,4,2,2,2,2,1.0,1.0,2,2,1.0,4,4,1.0,False,0,True,True
00187279,0,0,0,0,0,0,0,0,,,0,0,,0,0,,False,0,True,True
00187330,10,10,10,10,4,2,6,2,1.5,1.0,7,7,1.0,8,10,0.8,False,0,True,True
00187336,12,12,12,12,6,6,5,6,0.8333333333333334,1.0,25,30,0.8333333333333334,30,36,0.8333333333333334,False,0,True,True
00187869,8,8,8,8,4,4,4,4,1.0,1.0,4,4,1.0,8,8,1.0,False,0,True,True
00188131,4,4,4,4,2,2,2,2,1.0,1.0,2,2,1.0,4,4,1.0,False,0,True,True
00188362,10,10,10,10,4,6,4,6,1.0,1.0,8,8,1.0,12,12,1.0,False,0,True,True
00188449,4,4,4,4,2,2,1,2,0.5,1.0,1,2,0.5,2,4,0.5,False,0,True,True
00188635,0,0,0,0,0,0,0,0,,,0,0,,0,0,,False,0,True,True
00188843,0,0,0,0,0,0,0,0,,,0,0,,0,0,,False,0,True,True
00189052,4,4,4,4,2,2,2,2,1.0,1.0,2,2,1.0,4,4,1.0,False,0,True,True
00189070,0,0,0,0,0,0,0,0,,,0,0,,0,0,,False,0,True,True
00189220,13,13,13,13,6,6,7,5,1.1666666666666667,0.8333333333333334,6,8,0.75,11,14,0.7857142857142857,False,0,True,True
00189235,13,13,13,13,5,5,5,5,1.0,1.0,4,4,1.0,9,9,1.0,False,0,True,True
00189274,4,4,4,4,2,2,2,2,1.0,1.0,2,2,1.0,4,4,1.0,False,0,True,True
00189332,0,0,0,0,0,0,0,0,,,0,0,,0,0,,False,0,True,True
00189366,8,8,8,8,4,4,4,4,1.0,1.0,12,12,1.0,16,16,1.0,False,0,True,True
00189381,4,4,4,4,2,2,2,2,1.0,1.0,2,2,1.0,4,4,1.0,False,0,True,True
00189393,4,4,4,4,2,2,2,2,1.0,1.0,2,2,1.0,4,4,1.0,False,0,True,True
00189423,0,0,0,0,0,0,0,0,,,0,0,,0,0,,False,0,True,True
00189501,20,20,20,20,10,10,7,9,0.7,0.9,13,34,0.38235294117647056,32,44,0.7272727272727273,False,0,True,True
00189716,0,0,0,0,0,0,0,0,,,0,0,,0,0,,False,0,True,True
00189765,4,4,4,4,2,2,2,2,1.0,1.0,2,2,1.0,4,4,1.0,False,0,True,True
00189804,11,12,11,12,5,2,5,2,1.0,1.0,1,1,1.0,2,2,1.0,True,1,True,True
00189976,4,4,4,4,2,2,2,2,1.0,1.0,2,2,1.0,4,4,1.0,False,0,True,True
00190319,4,4,4,4,2,2,2,2,1.0,1.0,2,2,1.0,4,4,1.0,False,0,True,True
00190564,0,0,0,0,0,0,0,0,,,0,0,,0,0,,False,0,True,True
00190612,12,12,12,12,6,6,6,6,1.0,1.0,30,30,1.0,36,36,1.0,False,0,True,True
00190614,12,12,12,12,6,6,6,6,1.0,1.0,30,30,1.0,36,36,1.0,False,0,True,True
00191053,8,8,8,8,4,4,4,4,1.0,1.0,12,12,1.0,16,16,1.0,False,0,True,True
00191096,4,4,4,4,2,2,2,2,1.0,1.0,2,2,1.0,4,4,1.0,False,0,True,True
00191119,4,4,4,4,2,2,2,2,1.0,1.0,2,2,1.0,4,4,1.0,False,0,True,True
00191179,4,4,4,4,2,2,2,2,1.0,1.0,2,2,1.0,4,4,1.0,False,0,True,True
00191185,4,4,4,4,2,2,2,2,1.0,1.0,2,2,1.0,4,4,1.0,False,0,True,True
00191311,4,4,4,4,2,2,2,2,1.0,1.0,2,2,1.0,4,4,1.0,False,0,True,True
00191328,16,16,16,16,8,8,8,6,1.0,0.75,11,16,0.6875,24,24,1.0,False,0,True,True
00191344,0,0,0,0,0,0,0,0,,,0,0,,0,0,,False,0,True,True
00191445,4,4,4,4,2,2,2,2,1.0,1.0,2,2,1.0,4,4,1.0,False,0,True,True
00191633,4,4,4,4,2,2,2,2,1.0,1.0,2,2,1.0,4,4,1.0,False,0,True,True
00191638,12,12,12,12,6,6,6,6,1.0,1.0,6,6,1.0,12,12,1.0,False,0,True,True
00191691,14,14,14,14,8,6,8,6,1.0,1.0,19,19,1.0,24,24,1.0,False,0,True,True
00191700,0,0,0,0,0,0,0,0,,,0,0,,0,0,,False,0,True,True
00191862,4,4,4,4,2,2,2,2,1.0,1.0,2,2,1.0,4,4,1.0,False,0,True,True
00192061,14,14,14,14,6,8,6,8,1.0,1.0,11,11,1.0,16,16,1.0,False,0,True,True
00192246,0,0,0,0,0,0,0,0,,,0,0,,0,0,,False,0,True,True
00192257,24,24,24,24,12,12,12,12,1.0,1.0,12,12,1.0,24,24,1.0,False,0,True,True
00192320,4,4,4,4,2,0,2,0,1.0,,1,1,1.0,0,0,,False,0,True,True
00192333,4,4,4,4,2,2,2,2,1.0,1.0,2,2,1.0,4,4,1.0,False,0,True,True
00192400,0,0,0,0,0,0,0,0,,,0,0,,0,0,,False,0,True,True
00192442,16,16,16,16,8,8,8,8,1.0,1.0,8,8,1.0,16,16,1.0,False,0,True,True
00192544,20,20,20,20,10,10,10,9,1.0,0.9,9,10,0.9,18,20,0.9,False,0,True,True
00192696,8,8,8,8,4,4,4,4,1.0,1.0,4,4,1.0,8,8,1.0,False,0,True,True
00193097,0,0,0,0,0,0,0,0,,,0,0,,0,0,,False,0,True,True
00193136,6,6,6,6,3,2,3,2,1.0,1.0,1,1,1.0,6,6,1.0,False,0,True,True
00193199,3,3,3,3,1,1,1,1,1.0,1.0,0,0,,1,1,1.0,False,0,True,True
00193398,4,4,4,4,2,2,2,2,1.0,1.0,2,2,1.0,4,4,1.0,False,0,True,True
00193415,4,4,4,4,2,2,2,2,1.0,1.0,2,2,1.0,4,4,1.0,False,0,True,True
00193595,8,7,8,5,2,2,2,0,1.0,0.0,0,1,0.0,0,0,,False,1,True,True
00193678,0,0,0,0,0,0,0,0,,,0,0,,0,0,,False,0,True,True
00193837,4,4,4,4,2,2,2,2,1.0,1.0,2,2,1.0,4,4,1.0,False,0,True,True
00193895,4,4,4,4,2,2,2,2,1.0,1.0,2,2,1.0,4,4,1.0,False,0,True,True
00193956,8,8,8,8,4,4,4,4,1.0,1.0,4,4,1.0,8,8,1.0,False,0,True,True
00194105,4,4,4,4,2,2,2,2,1.0,1.0,2,2,1.0,4,4,1.0,False,0,True,True
00194193,0,0,0,0,0,0,0,0,,,0,0,,0,0,,False,0,True,True
00194208,0,0,0,0,0,0,0,0,,,0,0,,0,0,,False,0,True,True
00194214,6,6,6,6,2,2,3,2,1.5,1.0,2,2,1.0,4,4,1.0,False,0,True,True
00194590,6,5,6,5,3,3,1,2,0.3333333333333333,0.6666666666666666,0,0,,0,0,,False,1,True,True
00194744,4,4,4,4,2,2,2,2,1.0,1.0,2,2,1.0,4,4,1.0,False,0,True,True
00194865,19,24,19,24,11,8,10,12,0.9090909090909091,1.5,6,14,0.42857142857142855,10,20,0.5,True,3,True,True
00194930,4,4,4,4,2,2,2,2,1.0,1.0,2,2,1.0,4,4,1.0,False,0,True,True
00195147,22,22,22,22,10,12,9,11,0.9,0.9166666666666666,17,23,0.7391304347826086,25,32,0.78125,False,0,True,True
00195297,4,4,4,4,2,2,2,2,1.0,1.0,2,2,1.0,4,4,1.0,False,0,True,True
00195343,12,12,12,12,6,6,6,6,1.0,1.0,30,30,1.0,36,36,1.0,False,0,True,True
00195350,4,4,4,4,2,2,2,2,1.0,1.0,2,2,1.0,4,4,1.0,False,0,True,True
00195408,13,13,13,13,7,6,7,6,1.0,1.0,8,8,1.0,14,14,1.0,False,0,True,True
00195538,10,10,10,10,5,5,5,5,1.0,1.0,20,20,1.0,25,25,1.0,False,0,True,True
00195595,8,8,8,8,4,2,4,4,1.0,2.0,7,7,1.0,8,8,1.0,False,0,True,True
00195816,8,8,8,8,4,4,4,2,1.0,0.5,3,12,0.25,12,16,0.75,False,0,True,True
00195853,0,0,0,0,0,0,0,0,,,0,0,,0,0,,False,0,True,True
00196005,0,0,0,0,0,0,0,0,,,0,0,,0,0,,False,0,True,True
00196047,4,4,4,4,2,2,2,2,1.0,1.0,2,2,1.0,4,4,1.0,False,0,True,True
00196176,0,0,0,0,0,0,0,0,,,0,0,,0,0,,False,0,True,True
00196459,0,0,0,0,0,0,0,0,,,0,0,,0,0,,False,0,True,True
00196460,0,0,0,0,0,0,0,0,,,0,0,,0,0,,False,0,True,True
00196721,6,6,6,6,4,2,4,2,1.0,1.0,3,3,1.0,4,4,1.0,False,0,True,True
00196777,8,8,8,8,4,4,4,4,1.0,1.0,12,12,1.0,16,16,1.0,False,0,True,True
00196956,14,14,14,14,7,7,7,7,1.0,1.0,18,18,1.0,25,25,1.0,False,0,True,True
00197144,0,0,0,0,0,0,0,0,,,0,0,,0,0,,False,0,True,True
00197183,4,4,4,4,0,2,0,2,,1.0,1,1,1.0,0,0,,False,0,True,True
00197220,4,4,4,4,2,2,2,2,1.0,1.0,2,2,1.0,4,4,1.0,False,0,True,True
00197385,6,6,6,6,0,0,0,0,,,3,3,1.0,0,0,,False,0,True,True
00197484,13,13,13,13,6,7,6,7,1.0,1.0,8,8,1.0,14,14,1.0,False,0,True,True
00197927,13,13,13,13,5,5,3,5,0.6,1.0,0,0,,2,2,1.0,True,3,True,True
00198083,0,0,0,0,0,0,0,0,,,0,0,,0,0,,False,0,True,True
00198299,0,0,0,0,0,0,0,0,,,0,0,,0,0,,False,0,True,True
00198430,4,4,4,4,2,2,2,2,1.0,1.0,2,2,1.0,4,4,1.0,False,0,True,True
00198436,4,4,4,4,2,2,2,2,1.0,1.0,2,2,1.0,4,4,1.0,False,0,True,True
00198604,4,4,4,4,2,2,2,2,1.0,1.0,2,2,1.0,4,4,1.0,False,0,True,True
00198869,12,12,12,12,0,4,0,4,,1.0,6,6,1.0,0,0,,False,0,True,True
00199116,10,10,10,10,8,2,7,2,0.875,1.0,22,29,0.7586206896551724,14,16,0.875,False,0,True,True
00199128,0,0,0,0,0,0,0,0,,,0,0,,0,0,,False,0,True,True
00199200,7,8,7,8,2,3,3,4,1.5,1.3333333333333333,1,1,1.0,0,0,,False,1,True,True
00199219,20,20,20,20,10,10,10,9,1.0,0.9,9,10,0.9,18,20,0.9,False,0,True,True
00199274,4,4,4,4,1,2,0,2,0.0,1.0,1,1,1.0,0,2,0.0,False,0,True,True
00199276,4,4,4,4,2,2,2,2,1.0,1.0,2,2,1.0,4,4,1.0,False,0,True,True
00199428,4,4,4,4,2,2,2,2,1.0,1.0,2,2,1.0,4,4,1.0,False,0,True,True
00199549,4,4,4,4,2,2,2,2,1.0,1.0,2,2,1.0,4,4,1.0,False,0,True,True
00199650,20,20,20,20,10,8,10,8,1.0,1.0,11,11,1.0,18,18,1.0,False,0,True,True
00199695,4,4,4,4,2,2,2,2,1.0,1.0,2,2,1.0,4,4,1.0,False,0,True,True
00199864,0,0,0,0,0,0,0,0,,,0,0,,0,0,,False,0,True,True
00199906,30,0,30,31,14,16,0,0,0.0,0.0,0,0,,0,0,,False,0,True,False
00199981,4,4,4,4,2,2,2,2,1.0,1.0,2,2,1.0,4,4,1.0,False,0,True,True
00200210,8,8,8,8,4,4,4,4,1.0,1.0,12,12,1.0,16,16,1.0,False,0,True,True
00200260,8,7,8,7,3,4,3,4,1.0,1.0,0,0,,0,0,,False,1,True,True
00200282,12,12,12,12,4,6,5,6,1.25,1.0,4,4,1.0,8,8,1.0,False,0,True,True
00200365,4,4,4,4,2,2,2,2,1.0,1.0,2,2,1.0,4,4,1.0,False,0,True,True
00200380,14,14,14,14,6,8,6,8,1.0,1.0,10,10,1.0,16,16,1.0,False,0,True,True
00200432,4,4,4,4,2,2,2,2,1.0,1.0,2,2,1.0,4,4,1.0,False,0,True,True
00200579,5,5,5,5,2,2,2,2,1.0,1.0,2,2,1.0,4,4,1.0,False,0,True,True
00200740,0,0,0,0,0,0,0,0,,,0,0,,0,0,,False,0,True,True
00200892,12,12,12,12,6,6,6,6,1.0,1.0,14,14,1.0,20,20,1.0,False,0,True,True
00201498,34,34,34,34,17,17,13,15,0.7647058823529411,0.8823529411764706,16,26,0.6153846153846154,37,43,0.8604651162790697,False,0,True,True
00201504,12,12,12,12,6,6,6,6,1.0,1.0,6,6,1.0,12,12,1.0,False,0,True,True
00201600,24,24,24,24,12,12,11,12,0.9166666666666666,1.0,11,12,0.9166666666666666,22,24,0.9166666666666666,False,0,True,True
00202012,4,4,4,4,2,2,2,2,1.0,1.0,2,2,1.0,4,4,1.0,False,0,True,True
00202163,2,2,2,2,0,2,0,2,,1.0,1,1,1.0,0,0,,False,0,True,True
00202507,12,12,12,12,6,6,6,6,1.0,1.0,14,14,1.0,20,20,1.0,False,0,True,True
00202531,8,8,8,8,4,4,4,4,1.0,1.0,12,12,1.0,16,16,1.0,False,0,True,True
00202675,4,4,4,4,2,2,2,2,1.0,1.0,2,2,1.0,4,4,1.0,False,0,True,True
00202771,4,4,4,4,2,2,2,2,1.0,1.0,2,2,1.0,4,4,1.0,False,0,True,True
00202884,8,8,8,8,4,4,4,4,1.0,1.0,4,4,1.0,8,8,1.0,False,0,True,True
00203365,4,4,4,4,2,2,2,2,1.0,1.0,2,2,1.0,4,4,1.0,False,0,True,True
00203369,4,4,4,4,2,2,2,2,1.0,1.0,2,2,1.0,4,4,1.0,False,0,True,True
00203888,0,0,0,0,0,0,0,0,,,0,0,,0,0,,False,0,True,True
00203949,0,0,0,0,0,0,0,0,,,0,0,,0,0,,False,0,True,True
00203990,4,4,4,4,2,2,2,2,1.0,1.0,2,2,1.0,4,4,1.0,False,0,True,True
00204144,0,0,0,0,0,0,0,0,,,0,0,,0,0,,False,0,True,True
00204237,4,4,4,4,2,2,2,2,1.0,1.0,2,2,1.0,4,4,1.0,False,0,True,True
00204349,4,4,4,4,2,2,2,2,1.0,1.0,2,2,1.0,4,4,1.0,False,0,True,True
00204424,8,8,8,8,4,4,4,4,1.0,1.0,12,12,1.0,16,16,1.0,False,0,True,True
00204902,8,8,8,8,4,4,4,4,1.0,1.0,4,4,1.0,8,8,1.0,False,0,True,True
00204926,16,19,16,16,10,6,10,6,1.0,1.0,2,2,1.0,4,4,1.0,False,2,True,True
00205078,0,0,0,0,0,0,0,0,,,0,0,,0,0,,False,0,True,True
00205199,0,0,0,0,0,0,0,0,,,0,0,,0,0,,False,0,True,True
00205239,20,23,20,23,10,10,7,10,0.7,1.0,2,2,1.0,7,9,0.7777777777777778,False,3,True,True
00205323,4,4,4,4,2,2,2,2,1.0,1.0,2,2,1.0,4,4,1.0,False,0,True,True
00205326,0,0,0,0,0,0,0,0,,,0,0,,0,0,,False,0,True,True
00205573,6,6,6,6,0,0,1,0,,,0,1,0.0,0,0,,False,0,True,True
00205579,0,0,0,0,0,0,0,0,,,0,0,,0,0,,False,0,True,True
00205776,2,2,2,2,2,0,2,0,1.0,,1,1,1.0,0,0,,False,0,True,True
00205894,10,10,10,10,2,4,2,3,1.0,0.75,1,2,0.5,3,4,0.75,False,0,True,True
00205986,35,35,35,35,15,6,15,9,1.0,1.5,5,10,0.5,9,11,0.8181818181818182,False,0,True,True
00206121,12,13,12,12,6,6,5,5,0.8333333333333334,0.8333333333333334,0,0,,0,0,,False,1,True,True
00206160,4,4,4,4,2,2,2,2,1.0,1.0,2,2,1.0,4,4,1.0,False,0,True,True
00206205,4,4,4,4,2,2,2,2,1.0,1.0,2,2,1.0,4,4,1.0,False,0,True,True
00206376,8,8,8,8,4,4,4,4,1.0,1.0,4,4,1.0,8,8,1.0,False,0,True,True
00206999,8,8,8,8,4,4,4,4,1.0,1.0,12,12,1.0,16,16,1.0,False,0,True,True
00207052,20,20,20,20,10,10,10,10,1.0,1.0,10,10,1.0,20,20,1.0,False,0,True,True
00207270,8,9,8,8,2,4,3,2,1.5,0.5,0,0,,0,0,,False,1,True,True
00207354,0,0,0,0,0,0,0,0,,,0,0,,0,0,,False,0,True,True
00207814,8,8,8,8,4,4,4,4,1.0,1.0,12,12,1.0,16,16,1.0,False,0,True,True
00207855,32,32,32,32,12,12,14,15,1.1666666666666667,1.25,12,12,1.0,25,26,0.9615384615384616,False,0,True,True
00207957,4,4,4,4,2,2,2,2,1.0,1.0,2,2,1.0,4,4,1.0,False,0,True,True
00208073,32,32,32,32,16,16,12,15,0.75,0.9375,28,40,0.7,40,56,0.7142857142857143,False,0,True,True
00208113,11,11,11,11,5,5,3,3,0.6,0.6,4,20,0.2,23,25,0.92,False,0,True,True
00208137,4,4,4,4,2,2,2,2,1.0,1.0,2,2,1.0,4,4,1.0,False,0,True,True
00208251,12,12,12,12,6,6,6,5,1.0,0.8333333333333334,5,6,0.8333333333333334,10,12,0.8333333333333334,False,0,True,True
00208275,9,9,9,9,3,4,2,4,0.6666666666666666,1.0,7,9,0.7777777777777778,12,12,1.0,False,0,True,True
00208437,4,4,4,4,2,2,2,2,1.0,1.0,2,2,1.0,4,4,1.0,False,0,True,True
00208497,0,0,0,0,0,0,0,0,,,0,0,,0,0,,False,0,True,True
00208627,24,24,24,24,12,12,9,11,0.75,0.9166666666666666,42,76,0.5526315789473685,47,72,0.6527777777777778,False,0,True,True
00208860,8,8,8,8,4,4,4,3,1.0,0.75,9,12,0.75,12,16,0.75,False,0,True,True
00209107,0,0,0,0,0,0,0,0,,,0,0,,0,0,,False,0,True,True
00209171,10,13,10,13,2,3,3,5,1.5,1.6666666666666667,0,0,,0,0,,False,1,True,True
00209228,12,12,12,12,6,6,6,6,1.0,1.0,30,30,1.0,36,36,1.0,False,0,True,True
00209307,4,4,4,4,2,2,2,2,1.0,1.0,2,2,1.0,4,4,1.0,False,0,True,True
00209324,0,0,0,0,0,0,0,0,,,0,0,,0,0,,False,0,True,True
00209335,0,0,0,0,0,0,0,0,,,0,0,,0,0,,False,0,True,True
00209620,10,10,10,10,4,4,4,4,1.0,1.0,4,4,1.0,8,8,1.0,False,0,True,True
00209711,8,8,8,8,4,4,4,4,1.0,1.0,4,4,1.0,8,8,1.0,False,0,True,True
00209748,7,7,7,7,3,2,3,2,1.0,1.0,2,2,1.0,4,4,1.0,False,0,True,True
00209768,0,0,0,0,0,0,0,0,,,0,0,,0,0,,False,0,True,True
00209856,18,18,18,18,10,8,9,6,0.9,0.75,10,25,0.4,19,32,0.59375,False,0,True,True
00209921,4,4,4,4,2,2,2,2,1.0,1.0,2,2,1.0,4,4,1.0,False,0,True,True
00210133,6,6,6,6,2,4,2,4,1.0,1.0,2,2,1.0,4,4,1.0,False,0,True,True
00210446,4,4,4,4,2,2,2,2,1.0,1.0,2,2,1.0,4,4,1.0,False,0,True,True
00210557,0,0,0,0,0,0,0,0,,,0,0,,0,0,,False,0,True,True
00210669,8,8,8,8,4,4,4,4,1.0,1.0,12,12,1.0,16,16,1.0,False,0,True,True
00210681,4,4,4,4,2,2,2,2,1.0,1.0,2,2,1.0,4,4,1.0,False,0,True,True
00211141,4,4,4,4,2,2,2,2,1.0,1.0,2,2,1.0,4,4,1.0,False,0,True,True
00211336,12,12,12,12,6,6,6,6,1.0,1.0,14,14,1.0,20,20,1.0,False,0,True,True
00211465,4,4,4,4,2,2,2,2,1.0,1.0,2,2,1.0,4,4,1.0,False,0,True,True
00211514,0,2,0,1,0,0,0,1,,,0,0,,0,0,,False,1,True,True
00211584,8,8,8,8,4,4,4,4,1.0,1.0,12,12,1.0,16,16,1.0,False,0,True,True
00211797,10,0,10,9,1,1,0,0,0.0,0.0,0,0,,0,0,,False,0,True,False
00212227,4,4,4,4,2,1,2,1,1.0,1.0,1,1,1.0,2,2,1.0,False,0,True,True
00212268,0,0,0,0,0,0,0,0,,,0,0,,0,0,,False,0,True,True
00212275,4,4,4,4,2,2,2,2,1.0,1.0,2,2,1.0,4,4,1.0,False,0,True,True
00212279,12,13,12,13,0,4,1,2,,0.5,0,0,,0,0,,False,3,True,True
00212409,6,6,6,6,2,1,2,1,1.0,1.0,0,2,0.0,1,2,0.5,False,0,True,True
00212594,4,4,4,4,2,2,2,2,1.0,1.0,2,2,1.0,4,4,1.0,False,0,True,True
00212725,6,6,6,6,2,2,2,2,1.0,1.0,2,2,1.0,4,4,1.0,False,0,True,True
00212792,4,4,4,4,2,2,2,2,1.0,1.0,2,2,1.0,4,4,1.0,False,0,True,True
00213209,8,8,8,8,4,4,4,4,1.0,1.0,4,4,1.0,8,8,1.0,False,0,True,True
00213394,7,7,7,7,3,4,3,3,1.0,0.75,6,9,0.6666666666666666,9,12,0.75,False,0,True,True
00213579,0,0,0,0,0,0,0,0,,,0,0,,0,0,,False,0,True,True
00213650,9,9,9,9,5,4,5,4,1.0,1.0,6,6,1.0,10,10,1.0,False,0,True,True
00214086,10,10,10,10,2,0,2,0,1.0,,0,0,,0,0,,False,0,True,True
00214145,12,12,12,12,0,0,0,3,,,1,2,0.5,0,0,,False,0,True,True
00214400,3,3,3,3,2,1,2,1,1.0,1.0,1,1,1.0,2,2,1.0,False,0,True,True
00214437,0,0,0,0,0,0,0,0,,,0,0,,0,0,,False,0,True,True
00214514,12,12,12,12,6,6,6,6,1.0,1.0,14,14,1.0,20,20,1.0,False,0,True,True
00214603,4,4,4,4,2,2,2,2,1.0,1.0,2,2,1.0,4,4,1.0,False,0,True,True
00214844,8,8,8,8,4,4,4,4,1.0,1.0,4,4,1.0,8,8,1.0,False,0,True,True
00214885,4,4,4,4,2,2,2,2,1.0,1.0,2,2,1.0,4,4,1.0,False,0,True,True
00214920,18,18,18,18,0,0,4,1,,,0,5,0.0,0,0,,False,0,True,True
00214982,0,0,0,0,0,0,0,0,,,0,0,,0,0,,False,0,True,True
00215384,4,4,4,4,2,2,2,2,1.0,1.0,2,2,1.0,4,4,1.0,False,0,True,True
00215502,4,4,4,4,2,2,2,2,1.0,1.0,2,2,1.0,4,4,1.0,False,0,True,True
00215697,4,4,4,4,2,2,2,2,1.0,1.0,2,2,1.0,4,4,1.0,False,0,True,True
00215699,4,4,4,4,2,2,2,2,1.0,1.0,2,2,1.0,4,4,1.0,False,0,True,True
00215802,4,4,4,4,2,2,2,2,1.0,1.0,2,2,1.0,4,4,1.0,False,0,True,True
00215827,4,4,4,4,2,2,2,2,1.0,1.0,2,2,1.0,4,4,1.0,False,0,True,True
00215870,2,2,2,2,0,0,0,0,,,0,0,,0,0,,False,0,True,True
00216099,4,4,4,4,2,2,2,2,1.0,1.0,2,2,1.0,4,4,1.0,False,0,True,True
00216265,4,4,4,4,2,2,2,2,1.0,1.0,2,2,1.0,4,4,1.0,False,0,True,True
00216274,4,4,4,4,2,2,2,2,1.0,1.0,2,2,1.0,4,4,1.0,False,0,True,True
00216367,8,8,8,8,4,4,4,4,1.0,1.0,12,12,1.0,16,16,1.0,False,0,True,True
00216381,4,4,4,4,2,2,2,2,1.0,1.0,2,2,1.0,4,4,1.0,False,0,True,True
00216388,2,2,2,2,0,2,0,2,,1.0,1,1,1.0,0,0,,False,0,True,True
00217029,0,0,0,0,0,0,0,0,,,0,0,,0,0,,False,0,True,True
00217105,0,0,0,0,0,0,0,0,,,0,0,,0,0,,False,0,True,True
00217111,28,28,28,28,14,14,14,14,1.0,1.0,14,14,1.0,28,28,1.0,False,0,True,True
00217116,0,0,0,0,0,0,0,0,,,0,0,,0,0,,False,0,True,True
00217119,4,4,4,4,2,2,2,2,1.0,1.0,2,2,1.0,4,4,1.0,False,0,True,True
00217200,0,0,0,0,0,0,0,0,,,0,0,,0,0,,False,0,True,True
00217235,8,8,8,8,4,4,4,4,1.0,1.0,4,4,1.0,8,8,1.0,False,0,True,True
00217248,0,0,0,0,0,0,0,0,,,0,0,,0,0,,False,0,True,True
00217249,0,0,0,0,0,0,0,0,,,0,0,,0,0,,False,0,True,True
00217333,28,28,28,28,14,14,14,14,1.0,1.0,14,14,1.0,28,28,1.0,False,0,True,True
00217731,6,6,6,6,0,2,0,3,,1.5,1,3,0.3333333333333333,0,0,,False,0,True,True
00218122,0,0,0,0,0,0,0,0,,,0,0,,0,0,,False,0,True,True
00218343,4,4,4,4,2,2,2,2,1.0,1.0,2,2,1.0,4,4,1.0,False,0,True,True
00218344,4,4,4,4,2,2,2,2,1.0,1.0,2,2,1.0,4,4,1.0,False,0,True,True
00218412,12,12,12,12,6,6,5,5,0.8333333333333334,0.8333333333333334,4,6,0.6666666666666666,11,12,0.9166666666666666,False,0,True,True
00218527,6,6,6,6,2,2,2,2,1.0,1.0,2,3,0.6666666666666666,4,4,1.0,False,0,True,True
00218731,4,4,4,4,2,2,2,2,1.0,1.0,2,2,1.0,4,4,1.0,False,0,True,True
00218886,4,4,4,4,2,2,2,2,1.0,1.0,2,2,1.0,4,4,1.0,False,0,True,True
00218887,8,8,8,8,6,2,6,2,1.0,1.0,4,4,1.0,4,4,1.0,False,0,True,True
00218958,6,6,6,6,4,2,4,2,1.0,1.0,3,3,1.0,4,4,1.0,False,0,True,True
00219081,2,0,2,0,0,2,0,0,,0.0,0,0,,0,0,,False,1,True,True
00219083,2,2,2,2,0,2,0,2,,1.0,1,1,1.0,0,0,,False,0,True,True
00219287,8,8,8,8,2,2,2,2,1.0,1.0,4,4,1.0,8,8,1.0,False,0,True,True
00219342,4,4,4,4,2,2,2,2,1.0,1.0,2,2,1.0,4,4,1.0,False,0,True,True
00219388,24,24,24,24,12,12,10,10,0.8333333333333334,0.8333333333333334,18,28,0.6428571428571429,40,40,1.0,False,0,True,True
00219557,22,22,22,22,12,4,11,5,0.9166666666666666,1.25,18,35,0.5142857142857142,20,24,0.8333333333333334,False,0,True,True
00219619,24,24,24,24,10,14,10,13,1.0,0.9285714285714286,17,19,0.8947368421052632,26,28,0.9285714285714286,False,0,True,True
00219759,4,4,4,4,2,2,2,2,1.0,1.0,2,2,1.0,4,4,1.0,False,0,True,True
00219891,4,4,4,4,2,2,2,2,1.0,1.0,2,2,1.0,4,4,1.0,False,0,True,True
00219937,9,9,9,9,3,5,3,5,1.0,1.0,2,2,1.0,5,5,1.0,False,0,True,True
00219954,4,4,4,4,2,2,2,2,1.0,1.0,2,2,1.0,4,4,1.0,False,0,True,True
00220601,6,6,6,6,4,2,4,2,1.0,1.0,2,2,1.0,4,4,1.0,False,0,True,True
00220668,10,10,10,10,4,4,4,4,1.0,1.0,2,2,1.0,6,6,1.0,False,0,True,True
00220683,4,4,4,4,2,2,2,2,1.0,1.0,2,2,1.0,4,4,1.0,False,0,True,True
00220724,6,6,6,6,3,2,3,2,1.0,1.0,1,1,1.0,3,3,1.0,False,0,True,True
00220767,4,4,4,4,2,2,2,2,1.0,1.0,2,2,1.0,4,4,1.0,False,0,True,True
00220863,4,4,4,4,2,2,2,2,1.0,1.0,2,2,1.0,4,4,1.0,False,0,True,True
00220926,4,4,4,4,2,2,2,2,1.0,1.0,2,2,1.0,4,4,1.0,False,0,True,True
00220936,0,0,0,0,0,0,0,0,,,0,0,,0,0,,False,0,True,True
00221011,4,4,4,4,2,2,2,2,1.0,1.0,2,2,1.0,4,4,1.0,False,0,True,True
00221028,9,9,9,9,4,4,5,4,1.25,1.0,4,4,1.0,8,8,1.0,False,0,True,True
00221191,4,4,4,4,2,2,2,2,1.0,1.0,2,2,1.0,4,4,1.0,False,0,True,True
00221383,4,4,4,4,2,2,2,2,1.0,1.0,2,2,1.0,4,4,1.0,False,0,True,True
00221384,4,4,4,4,2,2,2,2,1.0,1.0,2,2,1.0,4,4,1.0,False,0,True,True
00221504,4,4,4,4,2,2,2,2,1.0,1.0,2,2,1.0,4,4,1.0,False,0,True,True
00221688,4,4,4,4,2,2,2,2,1.0,1.0,2,2,1.0,4,4,1.0,False,0,True,True
00221744,4,4,4,4,0,2,0,2,,1.0,2,2,1.0,0,0,,False,0,True,True
00221867,2,2,2,2,1,0,1,0,1.0,,0,0,,0,0,,False,0,True,True
00221963,2,2,2,2,1,0,1,0,1.0,,0,0,,0,0,,False,0,True,True
00222047,4,4,4,4,2,2,2,2,1.0,1.0,2,2,1.0,4,4,1.0,False,0,True,True
00222146,4,4,4,4,2,2,2,2,1.0,1.0,2,2,1.0,4,4,1.0,False,0,True,True
00222170,4,4,4,4,2,2,2,2,1.0,1.0,2,2,1.0,4,4,1.0,False,0,True,True
00222285,0,0,0,0,0,0,0,0,,,0,0,,0,0,,False,0,True,True
00222307,10,10,10,10,4,6,4,6,1.0,1.0,9,9,1.0,12,12,1.0,False,0,True,True
00222310,16,16,16,16,8,8,8,8,1.0,1.0,8,8,1.0,16,16,1.0,False,0,True,True
00222327,10,10,10,10,4,6,4,6,1.0,1.0,9,9,1.0,12,12,1.0,False,0,True,True
00222336,10,10,10,10,4,6,4,6,1.0,1.0,9,9,1.0,12,12,1.0,False,0,True,True
00222356,30,30,30,30,12,18,12,18,1.0,1.0,27,27,1.0,36,36,1.0,False,0,True,True
00222362,20,20,20,20,8,12,8,12,1.0,1.0,18,18,1.0,24,24,1.0,False,0,True,True
00222753,16,16,16,16,8,8,8,8,1.0,1.0,8,8,1.0,16,16,1.0,False,0,True,True
00222985,6,6,6,6,4,2,4,2,1.0,1.0,2,2,1.0,4,4,1.0,False,0,True,True
00223102,8,8,8,8,4,4,4,4,1.0,1.0,4,4,1.0,8,8,1.0,False,0,True,True
00223354,8,8,8,8,4,4,4,4,1.0,1.0,4,4,1.0,8,8,1.0,False,0,True,True
00223409,4,4,4,4,2,2,2,2,1.0,1.0,2,2,1.0,4,4,1.0,False,0,True,True
00223430,8,8,8,8,4,4,4,4,1.0,1.0,12,12,1.0,16,16,1.0,False,0,True,True
00223436,0,0,0,0,0,0,0,0,,,0,0,,0,0,,False,0,True,True
00223482,0,0,0,0,0,0,0,0,,,0,0,,0,0,,False,0,True,True
00223483,0,0,0,0,0,0,0,0,,,0,0,,0,0,,False,0,True,True
00223640,9,9,9,9,3,6,3,6,1.0,1.0,4,4,1.0,6,6,1.0,False,0,True,True
00223657,0,0,0,0,0,0,0,0,,,0,0,,0,0,,False,0,True,True
00223685,4,4,4,4,2,2,2,2,1.0,1.0,2,2,1.0,4,4,1.0,False,0,True,True
00223808,6,6,6,6,4,2,4,2,1.0,1.0,2,2,1.0,4,4,1.0,False,0,True,True
00223827,4,4,4,4,2,2,2,2,1.0,1.0,2,2,1.0,4,4,1.0,False,0,True,True
00223857,2,2,2,2,1,0,1,0,1.0,,0,0,,0,0,,False,0,True,True
00223940,10,10,10,10,4,6,4,6,1.0,1.0,9,9,1.0,12,12,1.0,False,0,True,True
00223943,10,10,10,10,4,6,4,6,1.0,1.0,9,9,1.0,12,12,1.0,False,0,True,True
00223990,32,32,32,32,16,16,16,14,1.0,0.875,14,16,0.875,28,32,0.875,False,0,True,True
00224142,4,4,4,4,2,2,2,2,1.0,1.0,2,2,1.0,4,4,1.0,False,0,True,True
00224406,5,4,5,4,2,2,2,2,1.0,1.0,0,0,,0,0,,False,1,True,True
00224431,8,8,8,8,4,4,4,4,1.0,1.0,4,4,1.0,8,8,1.0,False,0,True,True
00224861,4,4,4,4,2,2,2,2,1.0,1.0,2,2,1.0,4,4,1.0,False,0,True,True
00224892,4,4,4,4,2,2,2,2,1.0,1.0,2,2,1.0,4,4,1.0,False,0,True,True
00225143,8,8,8,8,2,6,2,4,1.0,0.6666666666666666,7,16,0.4375,12,12,1.0,False,0,True,True
00225197,0,0,0,0,0,0,0,0,,,0,0,,0,0,,False,0,True,True
00225552,18,18,18,18,8,6,11,5,1.375,0.8333333333333334,14,15,0.9333333333333333,16,16,1.0,False,0,True,True
00225614,0,0,0,0,0,0,0,0,,,0,0,,0,0,,False,0,True,True
00225724,8,8,8,8,2,2,3,2,1.5,1.0,2,2,1.0,4,4,1.0,False,0,True,True
00226006,8,8,8,8,4,4,4,4,1.0,1.0,4,4,1.0,8,8,1.0,False,0,True,True
00226194,14,14,14,14,7,7,7,7,1.0,1.0,18,18,1.0,25,25,1.0,False,0,True,True
00226218,6,6,6,6,2,3,2,3,1.0,1.0,4,4,1.0,6,6,1.0,False,0,True,True
00226225,28,31,28,31,16,12,9,12,0.5625,1.0,12,42,0.2857142857142857,25,54,0.46296296296296297,False,2,True,True
00226231,6,6,6,6,2,4,2,4,1.0,1.0,1,1,1.0,0,0,,False,0,True,True
00226235,6,6,6,6,2,3,2,3,1.0,1.0,4,4,1.0,6,6,1.0,False,0,True,True
00226255,6,6,6,6,2,3,2,3,1.0,1.0,4,4,1.0,6,6,1.0,False,0,True,True
00226604,4,4,4,4,2,2,2,2,1.0,1.0,2,2,1.0,4,4,1.0,False,0,True,True
00226622,2,2,2,2,2,0,2,0,1.0,,1,1,1.0,0,0,,False,0,True,True
00226928,8,8,8,8,4,4,4,4,1.0,1.0,12,12,1.0,16,16,1.0,False,0,True,True
00227042,4,4,4,4,2,2,2,2,1.0,1.0,2,2,1.0,4,4,1.0,False,0,True,True
00227251,0,0,0,0,0,0,0,0,,,0,0,,0,0,,False,0,True,True
00227257,4,4,4,4,2,2,2,2,1.0,1.0,2,2,1.0,4,4,1.0,False,0,True,True
00227354,0,0,0,0,0,0,0,0,,,0,0,,0,0,,False,0,True,True
00227395,1,1,1,1,1,0,1,0,1.0,,0,0,,0,0,,False,0,True,True
00227541,10,10,10,10,5,5,5,5,1.0,1.0,20,20,1.0,25,25,1.0,False,0,True,True
00227736,6,6,6,6,3,3,3,3,1.0,1.0,6,6,1.0,9,9,1.0,False,0,True,True
00227919,4,4,4,4,2,2,2,2,1.0,1.0,2,2,1.0,4,4,1.0,False,0,True,True
00227930,6,6,6,6,2,0,2,0,1.0,,3,3,1.0,0,0,,False,0,True,True
00228076,0,0,0,0,0,0,0,0,,,0,0,,0,0,,False,0,True,True
00228229,12,12,12,12,6,6,5,5,0.8333333333333334,0.8333333333333334,8,12,0.6666666666666666,13,18,0.7222222222222222,False,0,True,True
00228330,4,4,4,4,2,2,2,2,1.0,1.0,2,2,1.0,4,4,1.0,False,0,True,True
00228401,11,11,11,11,5,6,3,6,0.6,1.0,18,25,0.72,30,30,1.0,False,0,True,True
00228542,30,30,30,30,18,12,18,12,1.0,1.0,59,59,1.0,56,56,1.0,False,0,True,True
00228567,8,8,8,8,4,4,4,4,1.0,1.0,12,12,1.0,16,16,1.0,False,0,True,True
00228635,0,0,0,0,0,0,0,0,,,0,0,,0,0,,False,0,True,True
00228661,4,4,4,4,2,2,2,2,1.0,1.0,2,2,1.0,4,4,1.0,False,0,True,True
00229156,0,0,0,0,0,0,0,0,,,0,0,,0,0,,False,0,True,True
00229197,2,2,2,2,0,0,0,0,,,0,0,,0,0,,False,0,True,True
00229199,13,15,13,14,2,2,4,2,2.0,1.0,0,2,0.0,3,4,0.75,False,2,True,True
00229260,4,4,4,4,2,2,2,2,1.0,1.0,2,2,1.0,4,4,1.0,False,0,True,True
00229541,0,0,0,0,0,0,0,0,,,0,0,,0,0,,False,0,True,True
00229544,4,4,4,4,2,2,2,2,1.0,1.0,2,2,1.0,4,4,1.0,False,0,True,True
00229690,4,4,4,4,2,2,2,2,1.0,1.0,2,2,1.0,4,4,1.0,False,0,True,True
00229827,0,0,0,0,0,0,0,0,,,0,0,,0,0,,False,0,True,True
00229884,16,16,16,16,8,8,8,8,1.0,1.0,8,8,1.0,16,16,1.0,False,0,True,True
00229919,0,0,0,0,0,0,0,0,,,0,0,,0,0,,False,0,True,True
00230036,3,3,3,3,0,1,0,1,,1.0,0,0,,0,0,,False,0,True,True
00230284,4,4,4,4,2,2,2,2,1.0,1.0,2,2,1.0,4,4,1.0,False,0,True,True
00230296,16,16,16,16,8,8,8,8,1.0,1.0,24,24,1.0,32,32,1.0,False,0,True,True
00230439,6,6,6,6,0,0,0,0,,,0,0,,0,0,,False,0,True,True
00230494,8,8,8,8,1,0,1,0,1.0,,0,0,,0,0,,False,0,True,True
00230498,4,4,4,4,2,2,2,2,1.0,1.0,2,2,1.0,4,4,1.0,False,0,True,True
00230542,4,4,4,4,2,2,2,2,1.0,1.0,2,2,1.0,4,4,1.0,False,0,True,True
00230545,5,5,5,5,3,2,3,2,1.0,1.0,4,4,1.0,6,6,1.0,False,0,True,True
00230569,5,5,5,5,3,2,3,2,1.0,1.0,4,4,1.0,6,6,1.0,False,0,True,True
00230577,5,5,5,5,3,2,3,2,1.0,1.0,4,4,1.0,6,6,1.0,False,0,True,True
00230612,4,4,4,4,2,2,2,2,1.0,1.0,2,2,1.0,4,4,1.0,False,0,True,True
00230620,4,4,4,4,2,2,2,2,1.0,1.0,2,2,1.0,4,4,1.0,False,0,True,True
00230623,0,0,0,0,0,0,0,0,,,0,0,,0,0,,False,0,True,True
00230628,4,4,4,4,2,2,2,2,1.0,1.0,2,2,1.0,4,4,1.0,False,0,True,True
00230633,4,4,4,4,2,2,2,2,1.0,1.0,2,2,1.0,4,4,1.0,False,0,True,True
00230656,0,0,0,0,0,0,0,0,,,0,0,,0,0,,False,0,True,True
00230818,4,4,4,4,2,2,2,2,1.0,1.0,2,2,1.0,4,4,1.0,False,0,True,True
00230879,20,20,20,20,10,10,9,10,0.9,1.0,15,18,0.8333333333333334,24,28,0.8571428571428571,False,0,True,True
00230897,5,4,5,4,3,2,2,2,0.6666666666666666,1.0,0,0,,0,0,,False,1,True,True
00230935,0,0,0,0,0,0,0,0,,,0,0,,0,0,,False,0,True,True
00231052,0,0,0,0,0,0,0,0,,,0,0,,0,0,,False,0,True,True
00231069,4,4,4,4,2,2,2,2,1.0,1.0,2,2,1.0,4,4,1.0,False,0,True,True
00231080,24,24,24,24,12,12,10,11,0.8333333333333334,0.9166666666666666,25,36,0.6944444444444444,39,48,0.8125,False,0,True,True
00231240,8,8,8,8,4,4,4,4,1.0,1.0,4,4,1.0,8,8,1.0,False,0,True,True
00231272,0,0,0,0,0,0,0,0,,,0,0,,0,0,,False,0,True,True
00231373,3,3,3,3,1,2,1,2,1.0,1.0,1,1,1.0,2,2,1.0,False,0,True,True
00231382,10,15,10,13,8,2,7,2,0.875,1.0,0,0,,0,0,,False,2,True,True
00231437,16,16,16,16,8,8,8,7,1.0,0.875,21,24,0.875,28,32,0.875,False,0,True,True
00231710,10,10,10,10,1,1,1,1,1.0,1.0,0,0,,0,0,,False,0,True,True
00231820,14,14,14,14,7,7,4,5,0.5714285714285714,0.7142857142857143,16,42,0.38095238095238093,27,49,0.5510204081632653,False,0,True,True
00231948,2,2,2,2,1,0,1,0,1.0,,0,0,,0,0,,False,0,True,True
00231959,1,1,1,1,1,0,1,0,1.0,,0,0,,0,0,,False,0,True,True
00232001,14,14,14,14,8,6,6,4,0.75,0.6666666666666666,21,43,0.4883720930232558,37,48,0.7708333333333334,False,0,True,True
00232040,6,6,6,6,0,2,0,2,,1.0,3,3,1.0,0,0,,False,0,True,True
00232063,4,4,4,4,2,2,2,2,1.0,1.0,2,2,1.0,4,4,1.0,False,0,True,True
00232088,4,4,4,4,2,2,2,2,1.0,1.0,2,2,1.0,4,4,1.0,False,0,True,True
00232349,4,5,4,4,4,0,2,0,0.5,,0,0,,0,0,,False,1,True,True
00232386,2,3,2,3,0,0,1,0,,,0,0,,0,0,,False,1,True,True
00232811,4,4,4,4,1,2,1,2,1.0,1.0,0,1,0.0,2,2,1.0,False,0,True,True
00232853,7,7,7,7,3,0,3,0,1.0,,1,1,1.0,0,0,,False,0,True,True
00232897,9,9,9,9,3,4,3,4,1.0,1.0,9,9,1.0,12,12,1.0,False,0,True,True
00232900,8,8,8,8,4,3,4,3,1.0,1.0,9,9,1.0,12,12,1.0,False,0,True,True
00232902,10,10,10,10,2,2,4,2,2.0,1.0,2,3,0.6666666666666666,4,4,1.0,False,0,True,True
00232960,8,8,8,8,4,4,4,3,1.0,0.75,9,12,0.75,12,16,0.75,False,0,True,True
00232962,0,0,0,0,0,0,0,0,,,0,0,,0,0,,False,0,True,True
00233023,4,4,4,4,2,1,2,1,1.0,1.0,1,1,1.0,2,2,1.0,False,0,True,True
00233025,12,12,12,12,4,3,3,4,0.75,1.3333333333333333,0,1,0.0,3,4,0.75,False,0,True,True
00233034,9,10,9,10,5,2,2,3,0.4,1.5,2,7,0.2857142857142857,6,8,0.75,False,1,True,True
00233206,4,4,4,4,2,2,2,2,1.0,1.0,2,2,1.0,4,4,1.0,False,0,True,True
00233251,4,4,4,4,2,2,2,2,1.0,1.0,2,2,1.0,4,4,1.0,False,0,True,True
00233269,4,4,4,4,2,0,2,0,1.0,,1,1,1.0,5,5,1.0,False,0,True,True
00233276,4,4,4,4,2,2,2,2,1.0,1.0,2,2,1.0,4,4,1.0,False,0,True,True
00233279,4,4,4,4,2,2,2,2,1.0,1.0,2,2,1.0,4,4,1.0,False,0,True,True
00233301,8,8,8,8,4,4,4,4,1.0,1.0,4,4,1.0,8,8,1.0,False,0,True,True
00233695,4,4,4,4,2,2,2,2,1.0,1.0,2,2,1.0,4,4,1.0,False,0,True,True
00234013,22,22,22,22,12,10,12,10,1.0,1.0,15,15,1.0,24,24,1.0,False,0,True,True
00234195,4,4,4,4,2,2,2,2,1.0,1.0,2,2,1.0,4,4,1.0,False,0,True,True
00234247,12,12,12,12,5,6,5,5,1.0,0.8333333333333334,7,10,0.7,14,15,0.9333333333333333,False,0,True,True
00234412,8,8,8,8,4,4,4,4,1.0,1.0,12,12,1.0,16,16,1.0,False,0,True,True
00234423,6,7,6,7,4,2,4,3,1.0,1.5,1,1,1.0,2,2,1.0,False,1,True,True
00234447,4,4,4,4,2,2,2,2,1.0,1.0,2,2,1.0,4,4,1.0,False,0,True,True
00234584,3,3,3,3,1,2,1,2,1.0,1.0,1,1,1.0,2,2,1.0,False,0,True,True
00234625,8,8,8,8,1,4,2,4,2.0,1.0,2,2,1.0,2,2,1.0,False,0,True,True
00234667,5,5,5,5,3,2,3,2,1.0,1.0,2,2,1.0,4,4,1.0,False,0,True,True
00234771,8,8,8,8,4,4,4,4,1.0,1.0,12,12,1.0,16,16,1.0,False,0,True,True
00234945,8,6,8,6,1,0,3,2,3.0,,0,0,,0,0,,True,4,True,True
00234977,4,4,4,4,2,2,2,2,1.0,1.0,2,2,1.0,4,4,1.0,False,0,True,True
00235228,4,4,4,4,2,2,2,2,1.0,1.0,2,2,1.0,4,4,1.0,False,0,True,True
00235279,9,9,9,9,3,0,3,0,1.0,,1,3,0.3333333333333333,0,0,,False,0,True,True
00235525,24,24,24,24,12,12,11,12,0.9166666666666666,1.0,28,30,0.9333333333333333,41,41,1.0,False,0,True,True
00235549,12,12,12,12,6,6,6,6,1.0,1.0,6,6,1.0,12,12,1.0,False,0,True,True
00235694,3,3,3,3,2,1,2,1,1.0,1.0,1,1,1.0,2,2,1.0,False,0,True,True
00235955,8,7,8,7,4,4,3,4,0.75,1.0,2,2,1.0,4,4,1.0,False,1,True,True
00235990,16,18,16,17,12,4,5,7,0.4166666666666667,1.75,0,0,,0,0,,False,2,True,True
00236015,8,8,8,8,4,4,4,4,1.0,1.0,4,4,1.0,8,8,1.0,False,0,True,True
00236385,4,4,4,4,2,2,2,2,1.0,1.0,2,2,1.0,4,4,1.0,False,0,True,True
00236422,7,7,7,7,5,2,5,2,1.0,1.0,5,5,1.0,6,6,1.0,False,0,True,True
00236689,16,16,16,16,8,8,8,8,1.0,1.0,8,8,1.0,16,16,1.0,False,0,True,True
00236806,24,24,24,24,10,14,10,14,1.0,1.0,20,20,1.0,28,28,1.0,False,0,True,True
00236841,4,4,4,4,2,2,2,2,1.0,1.0,2,2,1.0,4,4,1.0,False,0,True,True
00236865,6,0,6,5,6,0,0,0,0.0,,0,0,,0,0,,False,0,True,False
00236886,0,0,0,0,0,0,0,0,,,0,0,,0,0,,False,0,True,True
00237196,2,2,2,2,0,0,1,0,,,0,0,,0,0,,False,0,True,True
00237377,16,16,16,16,8,8,8,7,1.0,0.875,27,32,0.84375,40,40,1.0,False,0,True,True
00238109,6,6,6,6,3,3,3,3,1.0,1.0,6,6,1.0,9,9,1.0,False,0,True,True
00238163,6,6,6,6,2,2,2,2,1.0,1.0,2,2,1.0,13,13,1.0,False,0,True,True
00238233,4,5,4,4,0,4,0,3,,0.75,0,0,,0,0,,False,1,True,True
00238360,6,6,6,6,3,3,3,3,1.0,1.0,6,6,1.0,9,9,1.0,False,0,True,True
00238384,4,4,4,4,2,2,2,2,1.0,1.0,2,2,1.0,4,4,1.0,False,0,True,True
00238429,4,4,4,4,2,2,2,2,1.0,1.0,2,2,1.0,4,4,1.0,False,0,True,True
00238432,4,4,4,4,2,2,2,2,1.0,1.0,2,2,1.0,4,4,1.0,False,0,True,True
00238818,8,8,8,8,4,4,4,4,1.0,1.0,12,12,1.0,16,16,1.0,False,0,True,True
00238836,10,10,10,10,2,4,4,4,2.0,1.0,7,7,1.0,8,8,1.0,False,0,True,True
00238892,14,14,14,14,6,6,6,6,1.0,1.0,30,30,1.0,36,36,1.0,False,0,True,True
00238922,5,5,5,5,2,2,3,2,1.5,1.0,2,2,1.0,4,4,1.0,False,0,True,True
00239001,13,13,13,13,1,4,2,2,2.0,0.5,1,2,0.5,3,3,1.0,False,0,True,True
00239104,4,4,4,4,2,2,2,2,1.0,1.0,2,2,1.0,4,4,1.0,False,0,True,True
00239323,2,2,2,2,0,2,0,2,,1.0,1,1,1.0,0,0,,False,0,True,True
00239389,0,0,0,0,0,0,0,0,,,0,0,,0,0,,False,0,True,True
00239569,34,34,34,34,16,10,10,9,0.625,0.9,13,76,0.17105263157894737,57,80,0.7125,False,0,True,True
00239593,0,0,0,0,0,0,0,0,,,0,0,,0,0,,False,0,True,True
00239870,0,0,0,0,0,0,0,0,,,0,0,,0,0,,False,0,True,True
00239945,4,4,4,4,2,2,2,2,1.0,1.0,2,2,1.0,4,4,1.0,False,0,True,True
00239970,4,4,4,4,2,2,2,2,1.0,1.0,2,2,1.0,4,4,1.0,False,0,True,True
00239984,6,6,6,6,3,3,3,3,1.0,1.0,6,6,1.0,9,9,1.0,False,0,True,True
00240195,4,4,4,4,2,2,2,2,1.0,1.0,2,2,1.0,4,4,1.0,False,0,True,True
00240224,11,11,11,11,5,4,5,4,1.0,1.0,4,4,1.0,8,8,1.0,False,0,True,True
00240372,4,4,4,4,2,2,2,2,1.0,1.0,2,2,1.0,4,4,1.0,False,0,True,True
00240380,5,5,5,5,3,2,3,2,1.0,1.0,1,4,0.25,3,6,0.5,False,0,True,True
00240414,2,2,2,2,0,2,0,2,,1.0,1,1,1.0,0,0,,False,0,True,True
00240546,14,14,14,14,0,3,5,2,,0.6666666666666666,0,6,0.0,0,2,0.0,False,0,True,True
00240631,0,0,0,0,0,0,0,0,,,0,0,,0,0,,False,0,True,True
00240959,0,0,0,0,0,0,0,0,,,0,0,,0,0,,False,0,True,True
00241104,0,0,0,0,0,0,0,0,,,0,0,,0,0,,False,0,True,True
00241271,8,8,8,8,0,0,2,0,,,0,0,,0,0,,False,0,True,True
00241318,2,2,2,2,1,0,1,0,1.0,,0,0,,0,0,,False,0,True,True
00241553,4,4,4,4,2,2,2,2,1.0,1.0,2,2,1.0,4,4,1.0,False,0,True,True
00241570,15,14,15,14,1,4,5,3,5.0,0.75,0,0,,0,0,,False,1,True,True
00241762,0,0,0,0,0,0,0,0,,,0,0,,0,0,,False,0,True,True
00241861,0,0,0,0,0,0,0,0,,,0,0,,0,0,,False,0,True,True
00241862,0,0,0,0,0,0,0,0,,,0,0,,0,0,,False,0,True,True
00241916,12,12,12,12,6,6,6,6,1.0,1.0,6,6,1.0,12,12,1.0,False,0,True,True
00242128,21,23,21,22,9,12,8,7,0.8888888888888888,0.5833333333333334,0,0,,0,0,,False,5,True,True
00242361,10,10,10,10,2,6,2,6,1.0,1.0,8,8,1.0,9,9,1.0,False,0,True,True
00242441,4,4,4,4,2,2,2,2,1.0,1.0,2,2,1.0,4,4,1.0,False,0,True,True
00242463,4,4,4,4,2,0,3,0,1.5,,1,1,1.0,0,0,,False,0,True,True
00242465,4,4,4,4,2,2,2,2,1.0,1.0,2,2,1.0,4,4,1.0,False,0,True,True
00242476,4,4,4,4,1,2,1,2,1.0,1.0,1,1,1.0,2,2,1.0,False,0,True,True
00242537,4,4,4,4,2,2,2,2,1.0,1.0,2,2,1.0,4,4,1.0,False,0,True,True
00242670,0,0,0,0,0,0,0,0,,,0,0,,0,0,,False,0,True,True
00242688,0,0,0,0,0,0,0,0,,,0,0,,0,0,,False,0,True,True
00242735,13,13,13,13,5,6,6,6,1.2,1.0,5,5,1.0,10,10,1.0,False,0,True,True
00242755,4,4,4,4,2,2,2,2,1.0,1.0,2,2,1.0,4,4,1.0,False,0,True,True
00242839,12,12,12,12,6,6,6,6,1.0,1.0,30,30,1.0,36,36,1.0,False,0,True,True
00242879,4,4,4,4,2,2,2,2,1.0,1.0,2,2,1.0,4,4,1.0,False,0,True,True
00243000,4,5,4,5,2,2,2,2,1.0,1.0,0,0,,0,0,,False,1,True,True
00243049,4,4,4,4,2,2,2,2,1.0,1.0,2,2,1.0,4,4,1.0,False,0,True,True
00243064,7,7,7,7,4,3,4,3,1.0,1.0,3,3,1.0,6,6,1.0,False,0,True,True
00243077,7,7,7,7,4,3,4,3,1.0,1.0,3,3,1.0,6,6,1.0,False,0,True,True
00243226,12,12,12,12,6,6,6,6,1.0,1.0,30,30,1.0,36,36,1.0,False,0,True,True
00243429,0,0,0,0,0,0,0,0,,,0,0,,0,0,,False,0,True,True
00243852,5,5,5,5,3,2,3,2,1.0,1.0,2,2,1.0,4,4,1.0,False,0,True,True
00243943,10,10,10,10,6,4,5,4,0.8333333333333334,1.0,8,9,0.8888888888888888,10,12,0.8333333333333334,False,0,True,True
00243985,6,6,6,6,2,2,2,2,1.0,1.0,2,2,1.0,5,5,1.0,False,0,True,True
00244052,8,8,8,8,4,4,4,4,1.0,1.0,12,12,1.0,16,16,1.0,False,0,True,True
00244084,8,9,8,9,4,4,3,4,0.75,1.0,1,2,0.5,2,4,0.5,False,1,True,True
00244134,4,4,4,4,2,2,2,2,1.0,1.0,2,2,1.0,4,4,1.0,False,0,True,True
00244191,16,16,16,16,8,6,9,6,1.125,1.0,10,10,1.0,16,16,1.0,False,0,True,True
00244331,22,23,22,23,10,9,11,9,1.1,1.0,5,5,1.0,11,11,1.0,True,1,True,True
00244336,37,42,37,42,20,16,17,10,0.85,0.625,10,24,0.4166666666666667,25,36,0.6944444444444444,True,1,True,True
00244444,6,6,6,6,1,0,1,0,1.0,,1,1,1.0,0,0,,False,0,True,True
00244539,13,13,13,13,7,5,7,5,1.0,1.0,9,9,1.0,13,13,1.0,False,0,True,True
00244551,4,4,4,4,2,2,1,2,0.5,1.0,1,2,0.5,2,4,0.5,False,0,True,True
00245291,8,8,8,8,4,4,4,4,1.0,1.0,12,12,1.0,16,16,1.0,False,0,True,True
00245479,3,3,3,3,1,0,1,0,1.0,,0,0,,0,0,,False,0,True,True
00245499,4,4,4,4,2,2,2,2,1.0,1.0,2,2,1.0,4,4,1.0,False,0,True,True
00245874,26,37,26,37,12,10,15,11,1.25,1.1,4,4,1.0,8,8,1.0,True,1,True,True
00246036,15,15,15,15,7,7,6,7,0.8571428571428571,1.0,13,18,0.7222222222222222,18,25,0.72,False,0,True,True
00246091,8,8,8,8,4,4,4,4,1.0,1.0,4,4,1.0,8,8,1.0,False,0,True,True
00246095,16,16,16,16,8,8,8,8,1.0,1.0,8,8,1.0,16,16,1.0,False,0,True,True
00246216,0,0,0,0,0,0,0,0,,,0,0,,0,0,,False,0,True,True
00246258,16,16,16,16,8,8,8,8,1.0,1.0,16,16,1.0,24,24,1.0,False,0,True,True
00246332,8,8,8,8,4,4,4,4,1.0,1.0,4,4,1.0,8,8,1.0,False,0,True,True
00246729,4,4,4,4,1,3,1,3,1.0,1.0,3,3,1.0,3,3,1.0,False,0,True,True
00246776,4,4,4,4,2,2,2,2,1.0,1.0,2,2,1.0,4,4,1.0,False,0,True,True
00246846,10,10,10,10,6,4,5,3,0.8333333333333334,0.75,13,21,0.6190476190476191,21,24,0.875,False,0,True,True
00246959,20,20,20,20,10,10,10,10,1.0,1.0,10,10,1.0,20,20,1.0,False,0,True,True
00247181,36,0,36,37,16,19,0,0,0.0,0.0,0,0,,0,0,,False,0,True,False
00247324,12,12,12,12,6,6,6,6,1.0,1.0,6,6,1.0,12,12,1.0,False,0,True,True
00247338,14,14,14,14,5,6,5,5,1.0,0.8333333333333334,4,6,0.6666666666666666,9,11,0.8181818181818182,False,0,True,True
00248013,4,4,4,4,2,2,2,2,1.0,1.0,2,2,1.0,4,4,1.0,False,0,True,True
00248147,0,0,0,0,0,0,0,0,,,0,0,,0,0,,False,0,True,True
00248214,0,0,0,0,0,0,0,0,,,0,0,,0,0,,False,0,True,True
00248327,4,4,4,4,2,2,2,2,1.0,1.0,2,2,1.0,4,4,1.0,False,0,True,True
00248669,8,8,8,8,4,4,4,3,1.0,0.75,9,12,0.75,12,16,0.75,False,0,True,True
00248726,0,0,0,0,0,0,0,0,,,0,0,,0,0,,False,0,True,True
00248776,0,0,0,0,0,0,0,0,,,0,0,,0,0,,False,0,True,True
00248846,0,0,0,0,0,0,0,0,,,0,0,,0,0,,False,0,True,True
00249158,0,0,0,0,0,0,0,0,,,0,0,,0,0,,False,0,True,True
00249439,2,2,2,2,0,2,0,1,,0.5,0,1,0.0,0,0,,False,0,True,True
00249707,4,4,4,4,2,2,2,2,1.0,1.0,2,2,1.0,4,4,1.0,False,0,True,True
00249913,6,6,6,6,0,2,0,2,,1.0,1,1,1.0,0,0,,False,0,True,True
00250017,16,16,16,16,10,6,10,6,1.0,1.0,30,30,1.0,36,36,1.0,False,0,True,True
00250068,4,4,4,4,2,2,2,2,1.0,1.0,2,2,1.0,4,4,1.0,False,0,True,True
00250107,0,0,0,0,0,0,0,0,,,0,0,,0,0,,False,0,True,True
00250213,18,18,18,18,4,4,5,5,1.25,1.25,2,20,0.1,5,24,0.20833333333333334,False,0,True,True
00250276,4,4,4,4,2,2,2,2,1.0,1.0,2,2,1.0,4,4,1.0,False,0,True,True
00250456,4,4,4,4,2,2,2,2,1.0,1.0,2,2,1.0,4,4,1.0,False,0,True,True
00250487,4,4,4,4,2,2,2,2,1.0,1.0,2,2,1.0,4,4,1.0,False,0,True,True
00250516,4,4,4,4,2,2,2,2,1.0,1.0,2,2,1.0,4,4,1.0,False,0,True,True
00250565,0,0,0,0,0,0,0,0,,,0,0,,0,0,,False,0,True,True
00250804,4,4,4,4,2,2,2,2,1.0,1.0,2,2,1.0,4,4,1.0,False,0,True,True
00250821,0,0,0,0,0,0,0,0,,,0,0,,0,0,,False,0,True,True
00251089,9,9,9,9,5,4,5,4,1.0,1.0,6,6,1.0,10,10,1.0,False,0,True,True
00251372,20,22,20,22,8,8,8,8,1.0,1.0,2,2,1.0,4,4,1.0,True,2,True,True
00251807,4,4,4,4,2,2,2,2,1.0,1.0,2,2,1.0,4,4,1.0,False,0,True,True
00251852,3,3,3,3,1,2,1,2,1.0,1.0,1,1,1.0,2,2,1.0,False,0,True,True
00252125,12,12,12,12,6,6,6,6,1.0,1.0,6,6,1.0,12,12,1.0,False,0,True,True
00252140,0,0,0,0,0,0,0,0,,,0,0,,0,0,,False,0,True,True
00252176,24,24,24,24,12,12,12,12,1.0,1.0,12,12,1.0,24,24,1.0,False,0,True,True
00252234,4,4,4,4,2,2,2,2,1.0,1.0,2,2,1.0,4,4,1.0,False,0,True,True
00252827,4,4,4,4,0,0,0,0,,,0,0,,1,1,1.0,False,0,True,True
00253540,16,17,16,17,14,2,10,5,0.7142857142857143,2.5,3,5,0.6,2,4,0.5,False,4,True,True
00253828,4,4,4,4,2,2,2,2,1.0,1.0,2,2,1.0,4,4,1.0,False,0,True,True
00254244,0,0,0,0,0,0,0,0,,,0,0,,0,0,,False,0,True,True
00254300,0,0,0,0,0,0,0,0,,,0,0,,0,0,,False,0,True,True
00254308,4,4,4,4,2,2,2,2,1.0,1.0,2,2,1.0,4,4,1.0,False,0,True,True
00254314,0,0,0,0,0,0,0,0,,,0,0,,0,0,,False,0,True,True
00254344,0,0,0,0,0,0,0,0,,,0,0,,0,0,,False,0,True,True
00254353,0,0,0,0,0,0,0,0,,,0,0,,0,0,,False,0,True,True
00254402,4,4,4,4,2,2,2,2,1.0,1.0,2,2,1.0,4,4,1.0,False,0,True,True
00254788,20,20,20,20,10,10,10,10,1.0,1.0,16,16,1.0,24,24,1.0,False,0,True,True
00254873,4,4,4,4,2,2,2,2,1.0,1.0,2,2,1.0,4,4,1.0,False,0,True,True
00254881,2,0,2,0,2,0,0,0,0.0,,0,0,,0,0,,True,0,True,True
00254988,4,4,4,4,2,2,2,2,1.0,1.0,2,2,1.0,4,4,1.0,False,0,True,True
00255020,29,0,29,30,15,13,0,0,0.0,0.0,0,0,,0,0,,False,0,True,False
00255252,0,0,0,0,0,0,0,0,,,0,0,,0,0,,False,0,True,True
00255637,4,4,4,4,1,1,1,1,1.0,1.0,0,0,,1,1,1.0,False,0,True,True
00255895,4,4,4,4,2,2,2,2,1.0,1.0,2,2,1.0,4,4,1.0,False,0,True,True
00255935,6,6,6,6,2,0,2,0,1.0,,3,3,1.0,0,0,,False,0,True,True
00256189,7,6,7,6,5,2,2,2,0.4,1.0,0,0,,0,0,,True,2,True,True
00256322,4,4,4,4,2,2,2,2,1.0,1.0,2,2,1.0,4,4,1.0,False,0,True,True
00256333,4,4,4,4,2,2,2,2,1.0,1.0,2,2,1.0,4,4,1.0,False,0,True,True
00256362,10,10,10,10,5,5,5,5,1.0,1.0,20,20,1.0,25,25,1.0,False,0,True,True
00256514,24,27,24,27,12,12,11,11,0.9166666666666666,0.9166666666666666,8,10,0.8,17,20,0.85,True,2,True,True
00256560,12,12,12,12,6,4,6,4,1.0,1.0,5,5,1.0,8,8,1.0,False,0,True,True
00256640,16,16,16,16,8,8,8,8,1.0,1.0,8,8,1.0,16,16,1.0,False,0,True,True
00256712,14,15,14,15,6,8,6,9,1.0,1.125,4,4,1.0,8,8,1.0,False,1,True,True
00256738,0,0,0,0,0,0,0,0,,,0,0,,0,0,,False,0,True,True
00256774,8,8,8,8,4,4,4,4,1.0,1.0,4,4,1.0,8,8,1.0,False,0,True,True
00256804,0,0,0,0,0,0,0,0,,,0,0,,0,0,,False,0,True,True
00256824,26,26,26,26,10,16,10,12,1.0,0.75,15,37,0.40540540540540543,32,32,1.0,False,0,True,True
00256849,4,4,4,4,2,2,2,2,1.0,1.0,2,2,1.0,4,4,1.0,False,0,True,True
00257304,0,0,0,0,0,0,0,0,,,0,0,,0,0,,False,0,True,True
00257646,13,13,13,13,2,4,2,2,1.0,0.5,2,3,0.6666666666666666,5,5,1.0,False,0,True,True
00257739,15,15,15,15,7,7,7,7,1.0,1.0,6,6,1.0,13,13,1.0,False,0,True,True
00257778,14,14,14,14,6,5,6,4,1.0,0.8,12,25,0.48,26,31,0.8387096774193549,False,0,True,True
00257798,4,4,4,4,2,2,2,2,1.0,1.0,2,2,1.0,4,4,1.0,False,0,True,True
00257817,24,24,24,24,12,12,12,12,1.0,1.0,12,12,1.0,24,24,1.0,False,0,True,True
00257824,6,6,6,6,2,4,2,4,1.0,1.0,1,1,1.0,0,0,,False,2,True,True
00258261,14,14,14,14,8,6,8,6,1.0,1.0,6,6,1.0,12,12,1.0,False,0,True,True
00258356,14,15,14,15,6,8,6,2,1.0,0.25,1,1,1.0,0,0,,False,1,True,True
00258822,3,3,3,3,0,1,0,1,,1.0,0,0,,0,0,,False,0,True,True
00258869,4,4,4,4,0,0,1,0,,,0,0,,0,0,,False,0,True,True
00259372,5,4,5,4,0,0,1,1,,,0,0,,0,0,,False,1,True,True
00259505,0,0,0,0,0,0,0,0,,,0,0,,0,0,,False,0,True,True
00259617,0,0,0,0,0,0,0,0,,,0,0,,0,0,,False,0,True,True
00260276,25,25,25,25,12,12,12,12,1.0,1.0,10,12,0.8333333333333334,26,28,0.9285714285714286,False,0,True,True
00260285,4,4,4,4,2,2,2,2,1.0,1.0,2,2,1.0,4,4,1.0,False,0,True,True
00260361,4,4,4,4,2,2,2,2,1.0,1.0,2,2,1.0,4,4,1.0,False,0,True,True
00260372,0,0,0,0,0,0,0,0,,,0,0,,0,0,,False,0,True,True
00260521,4,4,4,4,2,2,2,2,1.0,1.0,2,2,1.0,4,4,1.0,False,0,True,True
00260991,5,5,5,5,1,2,2,2,2.0,1.0,1,1,1.0,2,2,1.0,False,0,True,True
00261031,4,4,4,4,2,2,2,2,1.0,1.0,2,2,1.0,4,4,1.0,False,0,True,True
00261068,4,4,4,4,2,2,2,2,1.0,1.0,2,2,1.0,4,4,1.0,False,0,True,True
00261242,4,4,4,4,2,2,2,2,1.0,1.0,2,2,1.0,4,4,1.0,False,0,True,True
00261287,15,16,15,16,4,4,5,6,1.25,1.5,0,1,0.0,1,3,0.3333333333333333,True,1,True,True
00261542,0,0,0,0,0,0,0,0,,,0,0,,0,0,,False,0,True,True
00261544,4,4,4,4,2,2,2,2,1.0,1.0,2,2,1.0,4,4,1.0,False,0,True,True
00261807,4,4,4,4,2,2,2,2,1.0,1.0,2,2,1.0,4,4,1.0,False,0,True,True
00261876,17,22,17,22,6,6,8,6,1.3333333333333333,1.0,0,0,,0,0,,False,1,True,True
00262126,0,0,0,0,0,0,0,0,,,0,0,,0,0,,False,0,True,True
00262329,24,21,24,21,12,10,8,8,0.6666666666666666,0.8,6,6,1.0,12,12,1.0,True,2,True,True
00262342,8,8,8,8,4,4,4,4,1.0,1.0,4,4,1.0,8,8,1.0,False,0,True,True
00262353,0,0,0,0,0,0,0,0,,,0,0,,0,0,,False,0,True,True
00262661,8,8,8,8,4,4,4,4,1.0,1.0,12,12,1.0,16,16,1.0,False,0,True,True
00262926,4,4,4,4,2,2,2,2,1.0,1.0,2,2,1.0,4,4,1.0,False,0,True,True
00263028,11,11,11,11,4,2,4,2,1.0,1.0,8,8,1.0,10,10,1.0,False,0,True,True
00263070,11,11,11,11,4,2,3,2,0.75,1.0,5,8,0.625,8,10,0.8,False,0,True,True
00263250,8,8,8,8,4,4,4,4,1.0,1.0,4,4,1.0,8,8,1.0,False,0,True,True
00263377,4,4,4,4,2,2,2,2,1.0,1.0,2,2,1.0,4,4,1.0,False,0,True,True
00263485,4,4,4,4,4,0,4,0,1.0,,1,1,1.0,0,0,,False,0,True,True
00263526,6,6,6,6,3,3,3,3,1.0,1.0,6,6,1.0,9,9,1.0,False,0,True,True
00263565,5,5,5,5,2,3,2,3,1.0,1.0,2,2,1.0,4,4,1.0,False,0,True,True
00263594,8,8,8,8,4,4,4,4,1.0,1.0,12,12,1.0,16,16,1.0,False,0,True,True
00263596,6,6,6,6,3,3,3,3,1.0,1.0,6,6,1.0,9,9,1.0,False,0,True,True
00263600,9,9,9,9,5,4,5,4,1.0,1.0,6,6,1.0,10,10,1.0,False,0,True,True
00263608,6,6,6,6,3,3,3,3,1.0,1.0,6,6,1.0,9,9,1.0,False,0,True,True
00263620,8,8,8,8,4,4,4,4,1.0,1.0,12,12,1.0,16,16,1.0,False,0,True,True
00263787,9,9,9,9,5,4,5,4,1.0,1.0,6,6,1.0,10,10,1.0,False,0,True,True
00263802,4,4,4,4,2,2,2,2,1.0,1.0,2,2,1.0,4,4,1.0,False,0,True,True
00264009,8,8,8,8,4,4,4,4,1.0,1.0,12,12,1.0,16,16,1.0,False,0,True,True
00264010,12,12,12,12,6,6,6,3,1.0,0.5,8,30,0.26666666666666666,21,36,0.5833333333333334,False,0,True,True
00264019,11,11,11,11,7,2,4,4,0.5714285714285714,2.0,7,22,0.3181818181818182,14,15,0.9333333333333333,False,0,True,True
00264027,8,8,8,8,2,4,2,4,1.0,1.0,3,3,1.0,4,4,1.0,False,0,True,True
00264037,4,4,4,4,2,2,2,2,1.0,1.0,2,2,1.0,4,4,1.0,False,0,True,True
00264347,4,4,4,4,2,2,2,2,1.0,1.0,2,2,1.0,4,4,1.0,False,0,True,True
00264381,0,0,0,0,0,0,0,0,,,0,0,,0,0,,False,0,True,True
00264386,0,0,0,0,0,0,0,0,,,0,0,,0,0,,False,0,True,True
00264580,4,4,4,4,2,2,2,2,1.0,1.0,2,2,1.0,4,4,1.0,False,0,True,True
00264594,8,8,8,8,4,4,4,4,1.0,1.0,4,4,1.0,8,8,1.0,False,0,True,True
00264611,28,28,28,28,14,14,14,14,1.0,1.0,14,14,1.0,28,28,1.0,False,0,True,True
00264646,21,26,21,26,11,10,11,11,1.0,1.1,14,22,0.6363636363636364,30,32,0.9375,True,0,True,True
00264864,16,18,16,17,10,6,8,5,0.8,0.8333333333333334,4,9,0.4444444444444444,8,12,0.6666666666666666,False,1,True,True
00264990,9,9,9,9,3,5,3,5,1.0,1.0,13,13,1.0,15,15,1.0,False,0,True,True
00265418,0,0,0,0,0,0,0,0,,,0,0,,0,0,,False,0,True,True
00265607,12,12,12,12,6,6,6,6,1.0,1.0,14,14,1.0,20,20,1.0,False,0,True,True
00265781,4,4,4,4,2,2,2,2,1.0,1.0,2,2,1.0,4,4,1.0,False,0,True,True
00265834,12,12,12,12,6,6,6,6,1.0,1.0,6,6,1.0,12,12,1.0,False,0,True,True
00265941,4,4,4,4,2,2,2,2,1.0,1.0,2,2,1.0,4,4,1.0,False,0,True,True
00266336,0,0,0,0,0,0,0,0,,,0,0,,0,0,,False,0,True,True
00266366,32,32,32,32,16,16,16,16,1.0,1.0,16,16,1.0,32,32,1.0,False,0,True,True
00266412,8,8,8,8,4,4,4,4,1.0,1.0,12,12,1.0,16,16,1.0,False,0,True,True
00266421,2,2,2,2,2,0,2,0,1.0,,1,1,1.0,0,0,,False,0,True,True
00266425,7,7,7,7,4,3,4,3,1.0,1.0,3,3,1.0,6,6,1.0,False,0,True,True
00266460,0,0,0,0,0,0,0,0,,,0,0,,0,0,,False,0,True,True
00266477,4,4,4,4,2,2,2,2,1.0,1.0,2,2,1.0,4,4,1.0,False,0,True,True
00266503,12,12,12,12,6,6,6,6,1.0,1.0,6,6,1.0,12,12,1.0,False,0,True,True
00266505,38,37,38,37,20,18,16,16,0.8,0.8888888888888888,25,40,0.625,38,56,0.6785714285714286,False,1,True,True
00266740,4,4,4,4,2,2,2,2,1.0,1.0,2,2,1.0,4,4,1.0,False,0,True,True
00267259,10,10,10,10,4,4,3,4,0.75,1.0,9,12,0.75,12,16,0.75,False,0,True,True
00267624,4,4,4,4,2,2,2,2,1.0,1.0,2,2,1.0,4,4,1.0,False,0,True,True
00267657,4,4,4,4,2,2,2,2,1.0,1.0,2,2,1.0,4,4,1.0,False,0,True,True
00267668,3,4,3,4,0,0,1,0,,,0,0,,0,0,,False,1,True,True
00267689,8,8,8,8,4,4,4,4,1.0,1.0,12,12,1.0,16,16,1.0,False,0,True,True
00267698,4,4,4,4,2,2,2,2,1.0,1.0,2,2,1.0,4,4,1.0,False,0,True,True
00267701,8,8,8,8,4,4,4,4,1.0,1.0,12,12,1.0,16,16,1.0,False,0,True,True
00267807,8,8,8,8,4,4,4,4,1.0,1.0,4,4,1.0,8,8,1.0,False,0,True,True
00267814,5,5,5,5,3,2,3,2,1.0,1.0,4,4,1.0,6,6,1.0,False,0,True,True
00267910,4,4,4,4,2,2,2,2,1.0,1.0,2,2,1.0,4,4,1.0,False,0,True,True
00267916,4,4,4,4,2,2,2,2,1.0,1.0,2,2,1.0,4,4,1.0,False,0,True,True
00267924,20,19,20,19,10,10,10,9,1.0,0.9,8,8,1.0,16,16,1.0,False,1,True,True
00268017,4,4,4,4,2,2,2,2,1.0,1.0,2,2,1.0,4,4,1.0,False,0,True,True
00268018,4,4,4,4,2,2,2,2,1.0,1.0,2,2,1.0,4,4,1.0,False,0,True,True
00268037,6,6,6,6,1,0,2,0,2.0,,0,0,,0,0,,False,0,True,True
00268141,34,38,34,38,18,16,17,18,0.9444444444444444,1.125,15,18,0.8333333333333334,24,24,1.0,True,2,True,True
00268230,0,0,0,0,0,0,0,0,,,0,0,,0,0,,False,0,True,True
00268260,2,2,2,2,2,0,2,0,1.0,,1,1,1.0,0,0,,False,0,True,True
00268284,4,4,4,4,2,2,2,2,1.0,1.0,2,2,1.0,4,4,1.0,False,0,True,True
00268485,15,15,15,15,5,4,4,4,0.8,1.0,3,4,0.75,6,8,0.75,False,0,True,True
00268672,12,12,12,12,6,6,6,6,1.0,1.0,6,6,1.0,12,12,1.0,False,0,True,True
00269293,4,4,4,4,2,2,2,2,1.0,1.0,0,0,,2,2,1.0,False,0,True,True
00269311,0,0,0,0,0,0,0,0,,,0,0,,0,0,,False,0,True,True
00269476,24,24,24,24,16,8,9,8,0.5625,1.0,12,76,0.15789473684210525,45,56,0.8035714285714286,False,0,True,True
00269653,8,8,8,8,4,4,4,4,1.0,1.0,12,12,1.0,16,16,1.0,False,0,True,True
00269708,0,0,0,0,0,0,0,0,,,0,0,,0,0,,False,0,True,True
00269795,4,4,4,4,2,2,2,2,1.0,1.0,2,2,1.0,4,4,1.0,False,0,True,True
00269918,4,4,4,4,2,2,2,2,1.0,1.0,2,2,1.0,4,4,1.0,False,0,True,True
00270008,4,4,4,4,2,2,2,2,1.0,1.0,2,2,1.0,4,4,1.0,False,0,True,True
00270189,5,5,5,5,2,2,2,2,1.0,1.0,2,2,1.0,4,4,1.0,False,0,True,True
00270271,0,0,0,0,0,0,0,0,,,0,0,,0,0,,False,0,True,True
00270325,13,13,13,13,5,0,4,0,0.8,,10,14,0.7142857142857143,0,0,,False,0,True,True
00270497,8,8,8,8,4,4,4,4,1.0,1.0,4,4,1.0,8,8,1.0,False,0,True,True
00270595,18,20,18,20,10,8,8,6,0.8,0.75,2,4,0.5,6,8,0.75,False,3,True,True
00270766,8,8,8,8,4,4,4,4,1.0,1.0,4,4,1.0,8,8,1.0,False,0,True,True
00270816,8,8,8,8,4,4,4,4,1.0,1.0,4,4,1.0,8,8,1.0,False,0,True,True
00270907,8,9,8,4,4,3,0,1,0.0,0.3333333333333333,0,0,,0,0,,True,1,True,True
00270951,8,8,8,8,4,4,4,4,1.0,1.0,4,4,1.0,8,8,1.0,False,0,True,True
00271117,8,8,8,8,4,4,4,4,1.0,1.0,4,4,1.0,8,8,1.0,False,0,True,True
00271137,8,8,8,8,4,4,4,4,1.0,1.0,4,4,1.0,8,8,1.0,False,0,True,True
00271164,12,12,12,12,6,6,6,6,1.0,1.0,6,6,1.0,12,12,1.0,False,0,True,True
00271175,4,4,4,4,3,1,3,1,1.0,1.0,3,3,1.0,3,3,1.0,False,0,True,True
00271186,12,12,12,12,5,7,4,6,0.8,0.8571428571428571,1,2,0.5,2,4,0.5,False,2,True,True
00271249,3,3,3,3,1,1,1,1,1.0,1.0,0,0,,1,1,1.0,False,0,True,True
00271275,3,3,3,3,1,0,1,0,1.0,,0,0,,0,0,,False,0,True,True
00271284,12,12,12,12,6,6,6,6,1.0,1.0,30,30,1.0,36,36,1.0,False,0,True,True
00271286,10,10,10,10,4,4,4,4,1.0,1.0,12,12,1.0,17,17,1.0,False,0,True,True
00271339,5,5,5,5,3,1,3,1,1.0,1.0,3,3,1.0,3,3,1.0,False,0,True,True
00271352,4,4,4,4,0,0,0,1,,,0,0,,0,0,,False,0,True,True
00271354,7,7,7,7,2,1,2,1,1.0,1.0,2,2,1.0,4,4,1.0,False,0,True,True
00271381,5,5,5,5,3,1,3,1,1.0,1.0,3,3,1.0,3,3,1.0,False,0,True,True
00271398,7,7,7,7,2,1,2,1,1.0,1.0,2,2,1.0,4,4,1.0,False,0,True,True
00271410,12,12,12,12,6,6,6,5,1.0,0.8333333333333334,25,30,0.8333333333333334,30,36,0.8333333333333334,False,0,True,True
00271415,10,10,10,10,4,4,4,4,1.0,1.0,12,12,1.0,17,17,1.0,False,0,True,True
00271418,7,7,7,7,2,1,2,1,1.0,1.0,2,2,1.0,4,4,1.0,False,0,True,True
00271444,8,8,8,8,4,4,4,4,1.0,1.0,4,4,1.0,8,8,1.0,False,0,True,True
00271875,0,0,0,0,0,0,0,0,,,0,0,,0,0,,False,0,True,True
00271985,4,4,4,4,2,2,2,2,1.0,1.0,2,2,1.0,4,4,1.0,False,0,True,True
00272001,4,4,4,4,2,2,2,2,1.0,1.0,2,2,1.0,4,4,1.0,False,0,True,True
00272091,4,4,4,4,2,2,2,2,1.0,1.0,2,2,1.0,4,4,1.0,False,0,True,True
00272092,4,4,4,4,2,2,2,2,1.0,1.0,2,2,1.0,4,4,1.0,False,0,True,True
00272343,8,8,8,8,4,4,4,4,1.0,1.0,4,4,1.0,8,8,1.0,False,0,True,True
00272357,10,10,10,10,4,4,4,4,1.0,1.0,2,2,1.0,5,6,0.8333333333333334,False,0,True,True
00272362,4,4,4,4,2,2,2,2,1.0,1.0,2,2,1.0,4,4,1.0,False,0,True,True
00272459,35,40,35,40,16,19,12,19,0.75,1.0,7,8,0.875,12,14,0.8571428571428571,True,4,True,True
00272471,20,20,20,20,10,10,10,9,1.0,0.9,15,16,0.9375,21,24,0.875,False,0,True,True
00272509,0,0,0,0,0,0,0,0,,,0,0,,0,0,,False,0,True,True
00272574,5,5,5,5,3,2,3,1,1.0,0.5,3,4,0.75,3,6,0.5,False,0,True,True
00272614,8,8,8,8,4,4,4,4,1.0,1.0,12,12,1.0,16,16,1.0,False,0,True,True
00272643,20,20,20,20,10,10,10,10,1.0,1.0,10,10,1.0,20,20,1.0,False,0,True,True
00272661,8,8,8,8,3,4,3,4,1.0,1.0,3,3,1.0,6,6,1.0,False,0,True,True
00272739,8,8,8,8,4,4,4,4,1.0,1.0,4,4,1.0,8,8,1.0,False,0,True,True
00272806,8,8,8,8,4,4,4,4,1.0,1.0,12,12,1.0,16,16,1.0,False,0,True,True
00272837,5,5,5,5,2,2,2,2,1.0,1.0,2,2,1.0,4,4,1.0,False,0,True,True
00272862,4,4,4,4,2,2,2,2,1.0,1.0,2,2,1.0,4,4,1.0,False,0,True,True
00272865,8,8,8,8,4,4,4,4,1.0,1.0,12,12,1.0,16,16,1.0,False,0,True,True
00272913,8,8,8,8,4,4,4,4,1.0,1.0,4,4,1.0,8,8,1.0,False,0,True,True
00272919,4,4,4,4,2,2,2,2,1.0,1.0,2,2,1.0,4,4,1.0,False,0,True,True
00272938,3,3,3,3,1,1,1,1,1.0,1.0,0,0,,1,1,1.0,False,0,True,True
00272939,5,5,5,5,2,2,2,2,1.0,1.0,2,2,1.0,4,4,1.0,False,0,True,True
00272950,6,6,6,6,3,3,3,3,1.0,1.0,6,6,1.0,9,9,1.0,False,0,True,True
00273038,6,6,6,6,3,3,3,3,1.0,1.0,6,6,1.0,9,9,1.0,False,0,True,True
00273102,6,6,6,6,2,0,2,0,1.0,,3,3,1.0,0,0,,False,0,True,True
00273166,12,12,12,12,6,6,6,6,1.0,1.0,30,30,1.0,36,36,1.0,False,0,True,True
00273188,4,4,4,4,0,1,0,1,,1.0,0,0,,0,0,,False,0,True,True
00273202,12,12,12,12,6,6,6,6,1.0,1.0,30,30,1.0,36,36,1.0,False,0,True,True
00273214,12,12,12,12,6,6,6,6,1.0,1.0,30,30,1.0,36,36,1.0,False,0,True,True
00273244,7,7,7,7,2,1,2,1,1.0,1.0,2,2,1.0,4,4,1.0,False,0,True,True
00273246,10,10,10,10,4,4,4,4,1.0,1.0,12,12,1.0,16,16,1.0,False,0,True,True
00273254,10,10,10,10,4,4,4,4,1.0,1.0,12,12,1.0,17,17,1.0,False,0,True,True
00273267,12,12,12,12,6,6,6,6,1.0,1.0,30,30,1.0,36,36,1.0,False,0,True,True
00273269,10,10,10,10,4,4,4,4,1.0,1.0,12,12,1.0,17,17,1.0,False,0,True,True
00273379,0,0,0,0,0,0,0,0,,,0,0,,0,0,,False,0,True,True
00273617,4,4,4,4,2,2,2,2,1.0,1.0,2,2,1.0,4,4,1.0,False,0,True,True
00273828,0,0,0,0,0,0,0,0,,,0,0,,0,0,,False,0,True,True
00273866,7,7,7,7,2,2,3,3,1.5,1.5,2,2,1.0,4,4,1.0,False,0,True,True
00274107,5,5,5,5,3,2,3,2,1.0,1.0,4,4,1.0,6,6,1.0,False,0,True,True
00274166,12,14,12,14,6,6,6,7,1.0,1.1666666666666667,6,6,1.0,12,12,1.0,False,2,True,True
00274306,1,1,1,1,1,0,1,0,1.0,,0,0,,0,0,,False,0,True,True
00274334,4,4,4,4,2,2,2,2,1.0,1.0,2,2,1.0,4,4,1.0,False,0,True,True
00274450,8,8,8,8,4,4,4,4,1.0,1.0,4,4,1.0,8,8,1.0,False,0,True,True
00274483,8,8,8,8,4,4,4,4,1.0,1.0,12,12,1.0,16,16,1.0,False,0,True,True
00274494,4,4,4,4,2,2,2,2,1.0,1.0,2,2,1.0,4,4,1.0,False,0,True,True
00274625,12,12,12,12,6,6,6,6,1.0,1.0,6,6,1.0,12,12,1.0,False,0,True,True
00274698,20,20,20,20,10,10,10,10,1.0,1.0,10,10,1.0,20,20,1.0,False,0,True,True
00274811,4,4,4,4,2,2,2,2,1.0,1.0,2,2,1.0,4,4,1.0,False,0,True,True
00274905,8,8,8,8,4,4,4,4,1.0,1.0,4,4,1.0,8,8,1.0,False,0,True,True
00275019,20,20,20,20,10,10,10,10,1.0,1.0,10,10,1.0,20,20,1.0,False,0,True,True
00275022,14,14,14,14,6,8,6,7,1.0,0.875,8,11,0.7272727272727273,14,16,0.875,False,0,True,True
00275106,7,7,7,7,3,4,3,4,1.0,1.0,9,9,1.0,12,12,1.0,False,0,True,True
00275147,6,6,6,6,2,3,2,3,1.0,1.0,4,4,1.0,6,6,1.0,False,0,True,True
00275587,4,4,4,4,2,2,2,2,1.0,1.0,2,2,1.0,4,4,1.0,False,0,True,True
00275628,0,0,0,0,0,0,0,0,,,0,0,,0,0,,False,0,True,True
00275668,26,26,26,26,13,13,12,13,0.9230769230769231,1.0,12,16,0.75,23,28,0.8214285714285714,False,0,True,True
00275704,8,8,8,8,2,4,2,4,1.0,1.0,3,3,1.0,4,4,1.0,False,0,True,True
00275842,0,0,0,0,0,0,0,0,,,0,0,,0,0,,False,0,True,True
00275990,4,4,4,4,2,2,2,2,1.0,1.0,2,2,1.0,4,4,1.0,False,0,True,True
00276035,0,0,0,0,0,0,0,0,,,0,0,,0,0,,False,0,True,True
00276736,0,0,0,0,0,0,0,0,,,0,0,,0,0,,False,0,True,True
00276831,3,3,3,3,2,1,2,1,1.0,1.0,1,1,1.0,2,2,1.0,False,0,True,True
00277017,8,8,8,8,4,2,4,2,1.0,1.0,7,7,1.0,9,9,1.0,False,0,True,True
00277122,0,0,0,0,0,0,0,0,,,0,0,,0,0,,False,0,True,True
00277207,0,0,0,0,0,0,0,0,,,0,0,,0,0,,False,0,True,True
00277356,4,4,4,4,2,2,2,2,1.0,1.0,2,2,1.0,4,4,1.0,False,0,True,True
00277425,30,31,30,31,16,14,13,14,0.8125,1.0,22,36,0.6111111111111112,30,46,0.6521739130434783,True,1,True,True
00277525,4,4,4,4,2,2,2,2,1.0,1.0,2,2,1.0,4,4,1.0,False,0,True,True
00277589,4,4,4,4,0,0,0,0,,,2,2,1.0,0,0,,False,0,True,True
00277892,4,4,4,4,2,2,2,2,1.0,1.0,2,2,1.0,4,4,1.0,False,0,True,True
00277921,19,20,19,20,10,9,7,10,0.7,1.1111111111111112,4,4,1.0,8,8,1.0,False,1,True,True
00278113,17,17,17,17,6,11,5,7,0.8333333333333334,0.6363636363636364,4,15,0.26666666666666666,17,18,0.9444444444444444,False,0,True,True
00278283,20,20,20,20,10,10,10,8,1.0,0.8,25,34,0.7352941176470589,44,44,1.0,False,0,True,True
00278303,10,10,10,10,0,0,1,4,,,0,2,0.0,0,0,,False,0,True,True
00278384,0,0,0,0,0,0,0,0,,,0,0,,0,0,,False,0,True,True
00278579,21,21,21,20,9,12,9,7,1.0,0.5833333333333334,15,27,0.5555555555555556,31,36,0.8611111111111112,False,0,True,True
00278940,0,0,0,0,0,0,0,0,,,0,0,,0,0,,False,0,True,True
00278961,0,0,0,0,0,0,0,0,,,0,0,,0,0,,False,0,True,True
00279029,24,24,24,24,12,12,11,10,0.9166666666666666,0.8333333333333334,13,20,0.65,23,32,0.71875,False,0,True,True
00279074,0,0,0,0,0,0,0,0,,,0,0,,0,0,,False,0,True,True
00279098,10,10,10,10,8,2,8,2,1.0,1.0,29,29,1.0,16,16,1.0,False,0,True,True
00279134,10,10,10,10,8,2,8,2,1.0,1.0,29,29,1.0,16,16,1.0,False,0,True,True
00279260,0,0,0,0,0,0,0,0,,,0,0,,0,0,,False,0,True,True
00279595,0,0,0,0,0,0,0,0,,,0,0,,0,0,,False,0,True,True
00279818,4,4,4,4,2,2,2,2,1.0,1.0,2,2,1.0,4,4,1.0,False,0,True,True
00279832,4,4,4,4,2,2,2,2,1.0,1.0,2,2,1.0,4,4,1.0,False,0,True,True
00280093,0,0,0,0,0,0,0,0,,,0,0,,0,0,,False,0,True,True
00280106,8,8,8,8,4,4,4,4,1.0,1.0,12,12,1.0,16,16,1.0,False,0,True,True
00280146,0,0,0,0,0,0,0,0,,,0,0,,0,0,,False,0,True,True
00280150,8,8,8,8,4,4,4,4,1.0,1.0,4,4,1.0,8,8,1.0,False,0,True,True
00280154,4,4,4,4,2,2,2,2,1.0,1.0,2,2,1.0,4,4,1.0,False,0,True,True
00280163,16,16,16,16,8,8,8,8,1.0,1.0,8,8,1.0,16,16,1.0,False,0,True,True
00280175,4,4,4,4,2,2,2,2,1.0,1.0,2,2,1.0,4,4,1.0,False,0,True,True
00280271,8,8,8,8,4,4,4,4,1.0,1.0,4,4,1.0,8,8,1.0,False,0,True,True
00280346,12,12,12,12,6,6,6,6,1.0,1.0,6,6,1.0,12,12,1.0,False,0,True,True
00280404,10,10,10,10,5,5,5,5,1.0,1.0,8,8,1.0,13,13,1.0,False,0,True,True
00280406,6,6,6,6,2,2,2,2,1.0,1.0,0,0,,2,2,1.0,False,0,True,True
00280418,6,6,6,6,3,3,3,3,1.0,1.0,6,6,1.0,9,9,1.0,False,0,True,True
00280453,7,7,7,7,3,3,3,3,1.0,1.0,2,2,1.0,5,5,1.0,False,0,True,True
00280470,6,6,6,6,3,3,3,3,1.0,1.0,6,6,1.0,9,9,1.0,False,0,True,True
00280531,11,11,11,11,6,5,6,5,1.0,1.0,13,13,1.0,18,18,1.0,False,0,True,True
00280686,10,10,10,10,8,2,8,2,1.0,1.0,29,29,1.0,16,16,1.0,False,0,True,True
00280782,10,10,10,10,8,2,8,2,1.0,1.0,29,29,1.0,16,16,1.0,False,0,True,True
00280969,14,14,14,14,8,4,5,4,0.625,1.0,6,14,0.42857142857142855,16,16,1.0,False,0,True,True
00281167,12,12,12,12,6,6,6,6,1.0,1.0,6,6,1.0,12,12,1.0,False,0,True,True
00281174,8,8,8,8,4,4,4,4,1.0,1.0,4,4,1.0,8,8,1.0,False,0,True,True
00281233,0,0,0,0,0,0,0,0,,,0,0,,0,0,,False,0,True,True
00281313,4,4,4,4,2,2,2,2,1.0,1.0,2,2,1.0,4,4,1.0,False,0,True,True
00281779,0,0,0,0,0,0,0,0,,,0,0,,0,0,,False,0,True,True
00281805,8,8,8,8,4,4,4,4,1.0,1.0,12,12,1.0,16,16,1.0,False,0,True,True
00281818,4,4,4,4,2,2,2,2,1.0,1.0,2,2,1.0,4,4,1.0,False,0,True,True
00281832,0,0,0,0,0,0,0,0,,,0,0,,0,0,,False,0,True,True
00281853,0,0,0,0,0,0,0,0,,,0,0,,0,0,,False,0,True,True
00281866,16,16,16,16,8,2,7,3,0.875,1.5,4,12,0.3333333333333333,5,8,0.625,False,0,True,True
00281938,8,8,8,8,4,4,4,4,1.0,1.0,12,12,1.0,16,16,1.0,False,0,True,True
00281964,8,8,8,8,4,4,4,4,1.0,1.0,12,12,1.0,16,16,1.0,False,0,True,True
00281979,8,8,8,8,4,4,4,4,1.0,1.0,4,4,1.0,8,8,1.0,False,0,True,True
00281990,4,4,4,4,2,2,2,2,1.0,1.0,2,2,1.0,4,4,1.0,False,0,True,True
00281991,0,0,0,0,0,0,0,0,,,0,0,,0,0,,False,0,True,True
00282048,4,4,4,4,2,2,2,2,1.0,1.0,2,2,1.0,4,4,1.0,False,0,True,True
00282104,7,7,7,7,3,3,3,3,1.0,1.0,2,2,1.0,5,5,1.0,False,0,True,True
00282117,9,8,9,8,3,6,2,6,0.6666666666666666,1.0,1,2,0.5,3,4,0.75,False,1,True,True
00282141,14,15,14,15,6,6,7,5,1.1666666666666667,0.8333333333333334,1,4,0.25,4,8,0.5,False,1,True,True
00282154,18,20,18,20,8,10,7,11,0.875,1.1,6,6,1.0,12,12,1.0,True,2,True,True
00282156,13,15,13,13,8,4,7,4,0.875,1.0,6,6,1.0,9,10,0.9,False,2,True,True
00282177,5,5,5,5,2,2,2,2,1.0,1.0,2,2,1.0,4,4,1.0,False,0,True,True
00282188,16,16,16,16,8,8,8,7,1.0,0.875,12,14,0.8571428571428571,19,21,0.9047619047619048,False,0,True,True
00282194,4,4,4,4,2,1,2,1,1.0,1.0,1,1,1.0,2,2,1.0,False,0,True,True
00282209,16,16,16,16,8,8,8,8,1.0,1.0,24,24,1.0,32,32,1.0,False,0,True,True
00282234,8,8,8,8,4,4,4,4,1.0,1.0,4,4,1.0,8,8,1.0,False,0,True,True
00282254,4,4,4,4,2,2,2,2,1.0,1.0,2,2,1.0,4,4,1.0,False,0,True,True
00282289,13,13,13,13,7,6,7,6,1.0,1.0,6,6,1.0,12,12,1.0,False,0,True,True
00282290,17,17,17,17,8,9,8,9,1.0,1.0,12,12,1.0,18,18,1.0,False,0,True,True
00282301,7,7,7,7,3,4,3,4,1.0,1.0,3,3,1.0,6,6,1.0,False,0,True,True
00282442,4,4,4,4,2,2,2,2,1.0,1.0,2,2,1.0,4,4,1.0,False,0,True,True
00282588,11,11,11,11,5,5,5,4,1.0,0.8,6,8,0.75,10,13,0.7692307692307693,False,0,True,True
00282768,5,5,5,5,2,2,2,2,1.0,1.0,2,2,1.0,4,4,1.0,False,0,True,True
00283067,4,4,4,4,2,2,2,2,1.0,1.0,2,2,1.0,4,4,1.0,False,0,True,True
00283287,0,0,0,0,0,0,0,0,,,0,0,,0,0,,False,0,True,True
00283385,24,24,24,24,10,14,9,14,0.9,1.0,41,44,0.9318181818181818,46,52,0.8846153846153846,False,0,True,True
00283762,2,1,2,0,0,0,0,0,,,0,0,,0,0,,False,1,True,True
00283879,8,8,8,8,4,4,4,4,1.0,1.0,12,12,1.0,16,16,1.0,False,0,True,True
00283957,12,12,12,12,2,0,4,2,2.0,,0,0,,0,0,,False,0,True,True
00283983,12,13,12,12,6,6,6,6,1.0,1.0,2,2,1.0,4,4,1.0,False,1,True,True
00283985,14,14,14,14,6,8,5,8,0.8333333333333334,1.0,10,11,0.9090909090909091,12,16,0.75,False,0,True,True
00284002,8,8,8,8,4,4,4,4,1.0,1.0,4,4,1.0,8,8,1.0,False,0,True,True
00284079,8,8,8,8,4,4,4,4,1.0,1.0,4,4,1.0,8,8,1.0,False,0,True,True
00284089,4,4,4,4,2,2,2,2,1.0,1.0,2,2,1.0,4,4,1.0,False,0,True,True
00284198,16,16,16,16,7,6,7,6,1.0,1.0,6,6,1.0,12,12,1.0,False,0,True,True
00284207,4,4,4,4,2,2,2,2,1.0,1.0,2,2,1.0,4,4,1.0,False,0,True,True
00284225,14,14,14,14,7,7,7,7,1.0,1.0,10,10,1.0,17,17,1.0,False,0,True,True
00284285,12,12,12,12,6,6,6,6,1.0,1.0,14,14,1.0,20,20,1.0,False,0,True,True
00284421,7,1,4,0,3,0,0,0,0.0,,0,0,,0,0,,False,4,True,True
00284476,4,4,4,4,2,2,2,2,1.0,1.0,2,2,1.0,4,4,1.0,False,0,True,True
00284593,0,0,0,0,0,0,0,0,,,0,0,,0,0,,False,0,True,True
00284915,4,5,4,5,2,0,1,2,0.5,,0,0,,0,0,,False,1,True,True
00284927,4,4,4,4,2,0,2,0,1.0,,1,1,1.0,0,0,,False,0,True,True
00285063,4,4,4,4,2,0,2,0,1.0,,1,1,1.0,0,0,,False,0,True,True
00285070,8,8,8,8,4,0,5,0,1.25,,2,2,1.0,0,0,,False,0,True,True
00285156,4,4,4,4,2,2,2,2,1.0,1.0,2,2,1.0,4,4,1.0,False,0,True,True
00285203,14,14,14,14,6,4,6,4,1.0,1.0,7,7,1.0,8,8,1.0,False,0,True,True
00285251,6,6,6,6,2,2,2,2,1.0,1.0,2,2,1.0,4,4,1.0,False,0,True,True
00285306,4,4,4,4,2,2,2,2,1.0,1.0,2,2,1.0,4,4,1.0,False,0,True,True
00285385,8,8,8,8,4,4,4,4,1.0,1.0,12,12,1.0,16,16,1.0,False,0,True,True
00285580,4,4,4,4,2,2,2,2,1.0,1.0,2,2,1.0,4,4,1.0,False,0,True,True
00285674,12,12,12,12,6,6,5,5,0.8333333333333334,0.8333333333333334,8,14,0.5714285714285714,17,20,0.85,False,0,True,True
00285864,3,3,3,3,2,0,2,0,1.0,,1,1,1.0,0,0,,False,0,True,True
00285970,0,0,0,0,0,0,0,0,,,0,0,,0,0,,False,0,True,True
00286033,4,4,4,4,2,2,2,2,1.0,1.0,2,2,1.0,4,4,1.0,False,0,True,True
00286095,4,4,4,4,2,2,2,2,1.0,1.0,2,2,1.0,4,4,1.0,False,0,True,True
00286335,1,1,1,1,0,0,0,0,,,0,0,,0,0,,False,0,True,True
00286353,3,3,3,3,1,0,2,0,2.0,,0,0,,0,0,,False,0,True,True
00286360,18,18,18,18,10,8,8,6,0.8,0.75,13,33,0.3939393939393939,22,40,0.55,False,0,True,True
00286425,11,11,11,11,3,5,3,5,1.0,1.0,13,13,1.0,15,15,1.0,False,0,True,True
00286920,0,0,0,0,0,0,0,0,,,0,0,,0,0,,False,0,True,True
00287056,0,0,0,0,0,0,0,0,,,0,0,,0,0,,False,0,True,True
00287096,2,2,2,2,2,0,2,0,1.0,,1,1,1.0,0,0,,False,0,True,True
00287139,4,4,4,4,2,0,2,0,1.0,,1,1,1.0,0,0,,False,0,True,True
00287456,6,6,6,6,2,0,3,0,1.5,,0,1,0.0,0,0,,False,0,True,True
00287594,0,0,0,0,0,0,0,0,,,0,0,,0,0,,False,0,True,True
00287621,12,12,12,12,6,6,6,6,1.0,1.0,14,14,1.0,20,20,1.0,False,0,True,True
00287841,5,7,5,7,0,5,0,6,,1.2,1,1,1.0,0,0,,False,1,True,True
00287901,12,12,12,12,6,6,6,5,1.0,0.8333333333333334,13,14,0.9285714285714286,18,20,0.9,False,0,True,True
00287949,13,13,13,13,10,3,9,2,0.9,0.6666666666666666,5,12,0.4166666666666667,7,12,0.5833333333333334,False,0,True,True
00288122,25,25,25,25,3,0,5,4,1.6666666666666667,,0,17,0.0,8,21,0.38095238095238093,False,0,True,True
00288314,0,0,0,0,0,0,0,0,,,0,0,,0,0,,False,0,True,True
00288647,8,8,8,8,4,4,4,4,1.0,1.0,12,12,1.0,16,16,1.0,False,0,True,True
00288659,4,4,4,4,2,2,2,2,1.0,1.0,2,2,1.0,4,4,1.0,False,0,True,True
00288783,0,0,0,0,0,0,0,0,,,0,0,,0,0,,False,0,True,True
00288909,4,4,4,4,2,0,2,0,1.0,,1,1,1.0,0,0,,False,0,True,True
00289004,16,17,16,17,4,6,4,5,1.0,0.8333333333333334,0,0,,1,1,1.0,True,3,True,True
00289243,4,4,4,4,2,2,2,2,1.0,1.0,2,2,1.0,4,4,1.0,False,0,True,True
00289271,16,16,16,16,8,8,8,8,1.0,1.0,8,8,1.0,16,16,1.0,False,0,True,True
00289312,16,16,16,16,8,8,8,7,1.0,0.875,21,24,0.875,28,32,0.875,False,0,True,True
00289365,0,0,0,0,0,0,0,0,,,0,0,,0,0,,False,0,True,True
00289387,12,12,12,12,6,6,6,6,1.0,1.0,6,6,1.0,12,12,1.0,False,0,True,True
00289601,8,8,8,8,2,2,4,1,2.0,0.5,0,0,,10,12,0.8333333333333334,False,0,True,True
00289733,14,15,12,10,7,2,5,2,0.7142857142857143,1.0,1,1,1.0,1,1,1.0,True,2,True,True
00289780,4,4,4,4,2,2,2,2,1.0,1.0,2,2,1.0,4,4,1.0,False,0,True,True
00289786,4,4,4,4,2,2,2,2,1.0,1.0,2,2,1.0,4,4,1.0,False,0,True,True
00289997,8,8,8,7,6,0,5,1,0.8333333333333334,,0,0,,0,0,,False,3,True,True
00290096,4,4,4,4,2,2,2,2,1.0,1.0,2,2,1.0,4,4,1.0,False,0,True,True
00290286,0,0,0,0,0,0,0,0,,,0,0,,0,0,,False,0,True,True
00290300,0,0,0,0,0,0,0,0,,,0,0,,0,0,,False,0,True,True
00290403,8,8,8,8,4,4,4,4,1.0,1.0,4,4,1.0,8,8,1.0,False,0,True,True
00290447,8,8,8,8,4,4,4,4,1.0,1.0,12,12,1.0,16,16,1.0,False,0,True,True
00290777,20,0,20,27,0,6,0,0,,0.0,0,0,,0,0,,True,0,True,True
00290895,9,9,9,9,2,5,3,5,1.5,1.0,11,11,1.0,10,10,1.0,False,0,True,True
00290969,0,0,0,0,0,0,0,0,,,0,0,,0,0,,False,0,True,True
00291077,4,4,4,4,2,2,2,2,1.0,1.0,2,2,1.0,4,4,1.0,False,0,True,True
00291081,4,4,4,4,2,2,2,2,1.0,1.0,2,2,1.0,4,4,1.0,False,0,True,True
00291304,24,24,24,24,14,10,14,10,1.0,1.0,20,20,1.0,28,28,1.0,False,0,True,True
00291512,16,16,16,16,8,8,8,6,1.0,0.75,43,56,0.7678571428571429,48,64,0.75,False,0,True,True
00291530,0,0,0,0,0,0,0,0,,,0,0,,0,0,,False,0,True,True
00291543,4,4,4,4,2,2,2,2,1.0,1.0,2,2,1.0,4,4,1.0,False,0,True,True
00291571,4,4,4,4,2,2,2,2,1.0,1.0,2,2,1.0,4,4,1.0,False,0,True,True
00291603,0,0,0,0,0,0,0,0,,,0,0,,0,0,,False,0,True,True
00291871,6,6,6,6,1,0,2,0,2.0,,0,0,,0,0,,False,2,True,True
00292024,6,6,6,6,0,0,0,0,,,3,3,1.0,0,0,,False,0,True,True
00292113,12,11,12,11,4,8,3,8,0.75,1.0,4,4,1.0,6,6,1.0,False,1,True,True
00292128,4,4,4,4,2,2,2,2,1.0,1.0,2,2,1.0,4,4,1.0,False,0,True,True
00292139,4,4,4,4,4,0,3,0,0.75,,3,6,0.5,0,0,,False,0,True,True
00292222,4,4,4,4,2,2,2,2,1.0,1.0,2,2,1.0,4,4,1.0,False,0,True,True
00292412,24,24,24,24,10,12,11,10,1.1,0.8333333333333334,10,14,0.7142857142857143,20,24,0.8333333333333334,False,0,True,True
00292583,7,7,7,7,4,3,4,3,1.0,1.0,4,4,1.0,6,6,1.0,False,0,True,True
00292992,4,4,4,4,2,2,2,2,1.0,1.0,2,2,1.0,4,4,1.0,False,0,True,True
00293249,0,0,0,0,0,0,0,0,,,0,0,,0,0,,False,0,True,True
00293310,4,4,4,4,2,0,2,0,1.0,,1,1,1.0,0,0,,False,0,True,True
00293398,14,14,14,14,2,6,3,6,1.5,1.0,0,0,,0,0,,False,2,True,True
00293490,4,4,4,4,2,2,2,2,1.0,1.0,2,2,1.0,4,4,1.0,False,0,True,True
00293501,6,6,6,6,1,0,1,0,1.0,,1,1,1.0,0,0,,False,0,True,True
00293717,4,4,4,4,2,2,2,2,1.0,1.0,2,2,1.0,4,4,1.0,False,0,True,True
00293766,28,28,28,28,14,8,14,11,1.0,1.375,20,32,0.625,30,36,0.8333333333333334,False,0,True,True
00293822,24,24,24,24,10,14,10,12,1.0,0.8571428571428571,35,40,0.875,40,44,0.9090909090909091,False,0,True,True
00293886,0,0,0,0,0,0,0,0,,,0,0,,0,0,,False,0,True,True
00294028,8,8,8,8,4,4,4,4,1.0,1.0,12,12,1.0,16,16,1.0,False,0,True,True
00294125,9,9,9,9,5,2,6,2,1.2,1.0,4,4,1.0,6,6,1.0,False,0,True,True
00294418,22,22,22,22,10,10,9,8,0.9,0.8,26,32,0.8125,33,42,0.7857142857142857,False,0,True,True
00294434,16,16,16,16,8,8,8,8,1.0,1.0,16,16,1.0,24,24,1.0,False,0,True,True
00294507,20,27,20,27,10,10,11,8,1.1,0.8,2,2,1.0,4,5,0.8,False,7,True,True
00294615,4,4,4,4,2,2,2,2,1.0,1.0,2,2,1.0,4,4,1.0,False,0,True,True
00294650,0,0,0,0,0,0,0,0,,,0,0,,0,0,,False,0,True,True
00294651,0,0,0,0,0,0,0,0,,,0,0,,0,0,,False,0,True,True
00294668,4,4,4,4,2,2,2,2,1.0,1.0,2,2,1.0,4,4,1.0,False,0,True,True
00294696,16,21,16,21,0,0,4,5,,,0,1,0.0,1,2,0.5,False,3,True,True
00294705,8,8,8,8,4,4,3,4,0.75,1.0,0,0,,2,4,0.5,False,0,True,True
00294881,4,4,4,4,2,2,2,2,1.0,1.0,2,2,1.0,4,4,1.0,False,0,True,True
00294943,24,25,24,22,12,12,8,8,0.6666666666666666,0.6666666666666666,1,6,0.16666666666666666,8,9,0.8888888888888888,False,3,True,True
00295085,12,12,12,12,6,6,5,6,0.8333333333333334,1.0,5,6,0.8333333333333334,10,12,0.8333333333333334,False,0,True,True
00295219,3,3,3,3,1,2,1,2,1.0,1.0,1,1,1.0,2,2,1.0,False,0,True,True
00295220,6,6,6,6,3,3,3,3,1.0,1.0,6,6,1.0,9,9,1.0,False,0,True,True
00295262,20,20,20,20,10,10,10,10,1.0,1.0,10,10,1.0,20,20,1.0,False,0,True,True
00295321,4,4,4,4,2,2,2,2,1.0,1.0,2,2,1.0,4,4,1.0,False,0,True,True
00295423,0,0,0,0,0,0,0,0,,,0,0,,0,0,,False,0,True,True
00295824,16,24,16,21,8,8,6,11,0.75,1.375,0,0,,0,0,,True,1,True,True
00296029,4,4,4,4,2,2,2,2,1.0,1.0,2,2,1.0,4,4,1.0,False,0,True,True
00296032,0,0,0,0,0,0,0,0,,,0,0,,0,0,,False,0,True,True
00296055,16,19,16,19,5,2,7,5,1.4,2.5,0,0,,0,1,0.0,False,3,True,True
00296107,4,4,4,4,2,2,2,2,1.0,1.0,2,2,1.0,4,4,1.0,False,0,True,True
00296136,4,4,4,4,2,2,2,2,1.0,1.0,2,2,1.0,4,4,1.0,False,0,True,True
00296650,0,0,0,0,0,0,0,0,,,0,0,,0,0,,False,0,True,True
00296830,28,0,28,29,12,16,0,0,0.0,0.0,0,0,,0,0,,False,0,True,False
00296925,7,7,7,7,3,2,3,2,1.0,1.0,4,4,1.0,6,6,1.0,False,0,True,True
00296928,8,8,8,8,4,4,4,4,1.0,1.0,12,12,1.0,16,16,1.0,False,0,True,True
00296942,22,22,22,22,10,12,9,11,0.9,0.9166666666666666,17,21,0.8095238095238095,26,31,0.8387096774193549,False,0,True,True
00296975,4,4,4,4,4,0,4,0,1.0,,6,6,1.0,0,0,,False,0,True,True
00297204,6,6,6,6,2,0,2,1,1.0,,1,1,1.0,0,0,,False,0,True,True
00297260,16,16,16,16,8,8,8,8,1.0,1.0,32,32,1.0,40,40,1.0,False,0,True,True
00297272,4,4,4,4,2,2,2,2,1.0,1.0,2,2,1.0,4,4,1.0,False,0,True,True
00297290,18,18,18,18,9,9,9,8,1.0,0.8888888888888888,20,24,0.8333333333333334,28,33,0.8484848484848485,False,0,True,True
00297416,8,8,8,8,4,4,4,4,1.0,1.0,4,4,1.0,8,8,1.0,False,0,True,True
00297665,4,4,4,4,2,2,2,2,1.0,1.0,2,2,1.0,4,4,1.0,False,0,True,True
00297714,4,4,4,4,2,2,2,2,1.0,1.0,2,2,1.0,4,4,1.0,False,0,True,True
00297744,6,6,6,6,0,0,0,0,,,3,3,1.0,0,0,,False,0,True,True
00297803,0,0,0,0,0,0,0,0,,,0,0,,0,0,,False,0,True,True
00297893,18,18,18,18,9,9,9,9,1.0,1.0,24,24,1.0,33,33,1.0,False,0,True,True
00297974,24,24,24,24,12,12,11,11,0.9166666666666666,0.9166666666666666,14,20,0.7,29,32,0.90625,False,0,True,True
00298888,4,4,4,4,2,2,2,2,1.0,1.0,2,2,1.0,4,4,1.0,False,0,True,True
00299037,4,4,4,4,2,2,2,2,1.0,1.0,2,2,1.0,4,4,1.0,False,0,True,True
00299078,4,4,4,4,2,2,2,2,1.0,1.0,2,2,1.0,4,4,1.0,False,0,True,True
00299095,4,4,4,4,2,2,2,2,1.0,1.0,2,2,1.0,4,4,1.0,False,0,True,True
00299099,4,4,4,4,2,2,2,2,1.0,1.0,2,2,1.0,4,4,1.0,False,0,True,True
00299107,4,4,4,4,2,2,2,2,1.0,1.0,2,2,1.0,4,4,1.0,False,0,True,True
00299228,4,4,4,4,2,2,2,2,1.0,1.0,2,2,1.0,4,4,1.0,False,0,True,True
00299309,4,4,4,4,2,2,2,2,1.0,1.0,2,2,1.0,4,4,1.0,False,0,True,True
00299363,13,13,13,13,6,7,6,7,1.0,1.0,8,8,1.0,14,14,1.0,False,0,True,True
00299397,4,4,4,4,2,2,2,2,1.0,1.0,2,2,1.0,4,4,1.0,False,0,True,True
00299523,12,12,12,12,6,6,4,3,0.6666666666666666,0.5,5,30,0.16666666666666666,24,36,0.6666666666666666,False,0,True,True
00299601,15,12,15,11,5,6,3,1,0.6,0.16666666666666666,0,0,,0,0,,False,3,True,True
00299643,22,27,22,26,6,10,9,6,1.5,0.6,0,0,,0,0,,True,3,True,True
00299705,0,0,0,0,0,0,0,0,,,0,0,,0,0,,False,0,True,True
00299706,0,0,0,0,0,0,0,0,,,0,0,,0,0,,False,0,True,True
00299865,19,19,19,19,9,3,9,6,1.0,2.0,4,7,0.5714285714285714,11,18,0.6111111111111112,False,0,True,True
00299978,0,0,0,0,0,0,0,0,,,0,0,,0,0,,False,0,True,True
00300035,16,16,16,16,7,8,7,8,1.0,1.0,6,7,0.8571428571428571,12,14,0.8571428571428571,False,0,True,True
00300069,4,4,4,4,2,2,2,2,1.0,1.0,2,2,1.0,4,4,1.0,False,0,True,True
00300214,4,4,4,4,2,2,2,2,1.0,1.0,2,2,1.0,4,4,1.0,False,0,True,True
00300424,4,4,4,4,2,2,2,2,1.0,1.0,2,2,1.0,4,4,1.0,False,0,True,True
00300499,4,4,4,4,2,2,2,2,1.0,1.0,2,2,1.0,4,4,1.0,False,0,True,True
00300553,20,20,20,20,10,10,10,10,1.0,1.0,10,10,1.0,20,20,1.0,False,0,True,True
00300613,8,8,8,8,4,4,4,4,1.0,1.0,4,4,1.0,8,8,1.0,False,0,True,True
00300933,0,0,0,0,0,0,0,0,,,0,0,,0,0,,False,0,True,True
00300982,24,25,24,24,18,4,15,5,0.8333333333333334,1.25,3,9,0.3333333333333333,4,6,0.6666666666666666,False,3,True,True
00301040,2,2,2,2,1,1,1,1,1.0,1.0,0,0,,1,1,1.0,False,0,True,True
00301062,2,2,2,2,2,0,2,0,1.0,,1,1,1.0,0,0,,False,0,True,True
00301137,4,4,4,4,1,2,1,2,1.0,1.0,1,1,1.0,2,2,1.0,False,0,True,True
00301148,2,2,2,2,2,0,2,0,1.0,,1,1,1.0,0,0,,False,0,True,True
00301325,10,11,10,11,4,4,4,5,1.0,1.25,2,2,1.0,4,4,1.0,False,1,True,True
00301329,8,8,8,8,2,4,2,4,1.0,1.0,7,7,1.0,8,8,1.0,False,0,True,True
00301338,8,8,8,8,2,4,2,4,1.0,1.0,7,7,1.0,8,8,1.0,False,0,True,True
00301339,6,6,6,6,2,2,2,2,1.0,1.0,2,2,1.0,4,4,1.0,False,0,True,True
00301435,6,6,6,6,2,2,2,2,1.0,1.0,2,2,1.0,4,4,1.0,False,0,True,True
00301470,0,0,0,0,0,0,0,0,,,0,0,,0,0,,False,0,True,True
00301565,18,18,18,18,9,9,9,8,1.0,0.8888888888888888,10,12,0.8333333333333334,21,21,1.0,False,0,True,True
00301568,6,6,6,6,2,0,2,0,1.0,,3,3,1.0,0,0,,False,0,True,True
00301925,4,4,4,4,2,2,2,2,1.0,1.0,2,2,1.0,4,4,1.0,False,0,True,True
00302191,7,7,7,7,3,3,3,3,1.0,1.0,2,2,1.0,5,5,1.0,False,0,True,True
00302233,6,6,6,6,0,0,0,0,,,1,1,1.0,0,0,,False,0,True,True
00302499,4,4,4,4,2,2,2,2,1.0,1.0,2,2,1.0,4,4,1.0,False,0,True,True
00302501,2,2,2,2,2,0,2,0,1.0,,1,1,1.0,0,0,,False,0,True,True
00302508,4,4,4,4,2,2,2,2,1.0,1.0,2,2,1.0,4,4,1.0,False,0,True,True
00302825,4,4,4,4,2,2,2,2,1.0,1.0,2,2,1.0,4,4,1.0,False,0,True,True
00302833,4,4,4,4,2,0,2,0,1.0,,1,1,1.0,5,5,1.0,False,0,True,True
00302880,0,0,0,0,0,0,0,0,,,0,0,,0,0,,False,0,True,True
00302891,24,24,24,24,12,12,12,12,1.0,1.0,12,12,1.0,24,24,1.0,False,0,True,True
00303021,9,9,9,9,3,1,2,1,0.6666666666666666,1.0,0,1,0.0,1,2,0.5,False,0,True,True
00303133,4,4,4,4,2,2,2,2,1.0,1.0,2,2,1.0,4,4,1.0,False,0,True,True
00303202,4,4,4,4,2,2,2,2,1.0,1.0,2,2,1.0,4,4,1.0,False,0,True,True
00303363,3,3,3,3,2,1,2,1,1.0,1.0,1,1,1.0,2,2,1.0,False,0,True,True
00303436,12,12,12,12,6,6,6,6,1.0,1.0,14,14,1.0,20,20,1.0,False,0,True,True
00303843,4,4,4,4,2,2,2,2,1.0,1.0,2,2,1.0,4,4,1.0,False,0,True,True
00303875,21,21,21,21,9,10,10,7,1.1111111111111112,0.7,49,82,0.5975609756097561,56,90,0.6222222222222222,False,0,True,True
00304028,0,0,0,0,0,0,0,0,,,0,0,,0,0,,False,0,True,True
00304077,20,23,20,21,2,16,2,16,1.0,1.0,2,2,1.0,0,0,,False,6,True,True
00304109,4,4,4,4,2,2,2,2,1.0,1.0,2,2,1.0,4,4,1.0,False,0,True,True
00304120,4,4,4,4,2,2,2,2,1.0,1.0,2,2,1.0,4,4,1.0,False,0,True,True
00304205,4,4,4,4,2,2,2,2,1.0,1.0,2,2,1.0,4,4,1.0,False,0,True,True
00304234,0,0,0,0,0,0,0,0,,,0,0,,0,0,,False,0,True,True
00304236,14,14,14,14,6,4,7,4,1.1666666666666667,1.0,8,8,1.0,13,14,0.9285714285714286,False,0,True,True
00304331,18,18,18,18,6,10,6,9,1.0,0.9,11,16,0.6875,28,33,0.8484848484848485,False,0,True,True
00304599,0,0,0,0,0,0,0,0,,,0,0,,0,0,,False,0,True,True
00304617,8,8,8,8,4,4,4,4,1.0,1.0,12,12,1.0,16,16,1.0,False,0,True,True
00305080,4,4,4,4,2,2,2,2,1.0,1.0,2,2,1.0,4,4,1.0,False,0,True,True
00305182,4,4,4,4,2,2,2,2,1.0,1.0,2,2,1.0,4,4,1.0,False,0,True,True
00305674,0,0,0,0,0,0,0,0,,,0,0,,0,0,,False,0,True,True
00305730,20,21,20,21,2,2,7,1,3.5,0.5,0,0,,0,0,,False,1,True,True
00305749,0,0,0,0,0,0,0,0,,,0,0,,0,0,,False,0,True,True
00305795,11,11,11,11,5,6,5,6,1.0,1.0,13,13,1.0,18,18,1.0,False,0,True,True
00306141,4,4,4,4,2,2,2,2,1.0,1.0,2,2,1.0,4,4,1.0,False,0,True,True
00306206,8,8,8,8,4,4,4,4,1.0,1.0,4,4,1.0,8,8,1.0,False,0,True,True
00306221,6,6,6,6,0,0,0,1,,,0,0,,0,0,,False,0,True,True
00306254,0,0,0,0,0,0,0,0,,,0,0,,0,0,,False,0,True,True
00306364,8,8,8,8,2,2,2,2,1.0,1.0,2,2,1.0,4,4,1.0,False,0,True,True
00306373,8,8,8,8,4,4,4,4,1.0,1.0,4,4,1.0,8,8,1.0,False,0,True,True
00306431,0,0,0,0,0,0,0,0,,,0,0,,0,0,,False,0,True,True
00306483,13,18,13,16,7,6,5,4,0.7142857142857143,0.6666666666666666,0,0,,0,0,,False,2,True,True
00306504,14,15,14,15,6,8,6,5,1.0,0.625,4,7,0.5714285714285714,7,9,0.7777777777777778,False,1,True,True
00306509,8,8,8,8,4,4,4,4,1.0,1.0,12,12,1.0,16,16,1.0,False,0,True,True
00306519,16,16,16,16,8,8,8,8,1.0,1.0,8,8,1.0,16,16,1.0,False,0,True,True
00306535,15,15,15,15,7,8,6,8,0.8571428571428571,1.0,11,12,0.9166666666666666,16,19,0.8421052631578947,False,0,True,True
00306552,12,12,12,11,6,6,3,2,0.5,0.3333333333333333,2,14,0.14285714285714285,15,16,0.9375,False,0,True,True
00306563,8,8,8,8,4,4,4,4,1.0,1.0,12,12,1.0,16,16,1.0,False,0,True,True
00306908,0,0,0,0,0,0,0,0,,,0,0,,0,0,,False,0,True,True
00306910,18,20,18,19,12,6,10,6,0.8333333333333334,1.0,11,14,0.7857142857142857,16,16,1.0,False,1,True,True
00307021,20,20,20,20,10,10,7,10,0.7,1.0,12,18,0.6666666666666666,26,28,0.9285714285714286,False,0,True,True
00307083,4,4,4,4,2,0,2,0,1.0,,1,1,1.0,0,0,,False,0,True,True
00307173,4,2,4,2,0,0,0,0,,,0,0,,0,0,,False,1,True,True
00307263,7,7,7,7,3,3,3,3,1.0,1.0,6,6,1.0,9,9,1.0,False,0,True,True
00307265,12,12,12,12,6,6,6,6,1.0,1.0,30,30,1.0,36,36,1.0,False,0,True,True
00307293,6,6,6,6,3,3,3,3,1.0,1.0,6,6,1.0,9,9,1.0,False,0,True,True
00307330,7,7,7,7,2,2,2,2,1.0,1.0,0,0,,2,2,1.0,False,0,True,True
00307496,10,10,10,10,4,6,4,5,1.0,0.8333333333333334,13,21,0.6190476190476191,15,24,0.625,False,0,True,True
00307736,12,12,12,12,6,6,6,6,1.0,1.0,6,6,1.0,12,12,1.0,False,0,True,True
00307787,6,6,6,6,2,0,2,0,1.0,,1,1,1.0,0,0,,False,0,True,True
00307840,12,12,12,12,6,6,6,6,1.0,1.0,14,14,1.0,20,20,1.0,False,0,True,True
00307844,6,6,6,6,3,3,3,3,1.0,1.0,6,6,1.0,9,9,1.0,False,0,True,True
00307868,12,12,12,12,6,6,6,6,1.0,1.0,30,30,1.0,36,36,1.0,False,0,True,True
00307869,6,6,6,6,3,3,3,3,1.0,1.0,6,6,1.0,9,9,1.0,False,0,True,True
00307895,6,6,6,6,0,0,0,0,,,3,3,1.0,3,3,1.0,False,0,True,True
00307923,8,11,8,8,7,0,6,0,0.8571428571428571,,6,10,0.6,0,0,,False,1,True,True
00308137,12,12,12,12,6,6,6,5,1.0,0.8333333333333334,25,30,0.8333333333333334,30,36,0.8333333333333334,False,0,True,True
00308156,8,8,8,8,4,4,4,4,1.0,1.0,12,12,1.0,16,16,1.0,False,0,True,True
00308158,7,7,7,7,3,3,3,3,1.0,1.0,6,6,1.0,9,9,1.0,False,0,True,True
00308160,4,4,4,4,2,2,2,2,1.0,1.0,2,2,1.0,4,4,1.0,False,0,True,True
00308173,0,0,0,0,0,0,0,0,,,0,0,,0,0,,False,0,True,True
00308239,12,12,12,12,6,6,5,4,0.8333333333333334,0.6666666666666666,16,30,0.5333333333333333,32,36,0.8888888888888888,False,0,True,True
00308247,4,4,4,4,1,2,1,2,1.0,1.0,1,1,1.0,2,2,1.0,False,0,True,True
00308263,10,10,10,10,4,5,4,5,1.0,1.0,7,7,1.0,11,11,1.0,False,0,True,True
00308267,10,10,10,10,5,5,5,5,1.0,1.0,8,8,1.0,13,13,1.0,False,0,True,True
00308282,5,5,5,5,2,2,2,2,1.0,1.0,2,2,1.0,4,4,1.0,False,0,True,True
00308291,4,4,4,4,2,2,2,2,1.0,1.0,2,2,1.0,4,4,1.0,False,0,True,True
00308332,10,10,10,10,4,2,4,2,1.0,1.0,3,3,1.0,4,4,1.0,False,0,True,True
00308342,0,0,0,0,0,0,0,0,,,0,0,,0,0,,False,0,True,True
00308435,14,14,14,14,6,6,6,6,1.0,1.0,6,6,1.0,12,12,1.0,False,0,True,True
00308437,8,8,8,8,4,4,4,4,1.0,1.0,12,12,1.0,16,16,1.0,False,0,True,True
00308444,18,18,18,18,7,7,8,7,1.1428571428571428,1.0,3,4,0.75,9,10,0.9,False,0,True,True
00308459,20,20,20,20,8,8,8,7,1.0,0.875,6,9,0.6666666666666666,13,16,0.8125,False,0,True,True
00308574,4,4,4,4,2,2,2,2,1.0,1.0,2,2,1.0,4,4,1.0,False,0,True,True
00308760,5,5,5,5,2,2,2,2,1.0,1.0,2,2,1.0,4,4,1.0,False,0,True,True
00309108,6,6,6,6,2,2,2,2,1.0,1.0,2,2,1.0,4,4,1.0,False,0,True,True
00309121,9,12,9,12,5,4,6,3,1.2,0.75,0,0,,1,1,1.0,False,3,True,True
00309151,33,37,33,37,22,0,18,2,0.8181818181818182,,0,0,,0,0,,True,4,True,True
00309284,7,7,7,7,3,2,3,2,1.0,1.0,4,4,1.0,6,6,1.0,False,0,True,True
00309414,4,4,4,4,2,2,2,2,1.0,1.0,2,2,1.0,4,4,1.0,False,0,True,True
00309456,0,0,0,0,0,0,0,0,,,0,0,,0,0,,False,0,True,True
00309458,6,7,6,6,2,1,1,1,0.5,1.0,0,0,,0,0,,False,1,True,True
00309537,17,17,17,17,6,6,7,7,1.1666666666666667,1.1666666666666667,4,4,1.0,9,9,1.0,False,0,True,True
00309630,28,27,28,27,2,0,11,4,5.5,,0,0,,0,0,,True,3,True,True
00309684,6,6,6,6,2,2,2,2,1.0,1.0,1,1,1.0,2,2,1.0,False,0,True,True
00309965,12,12,12,12,6,6,6,6,1.0,1.0,6,6,1.0,12,12,1.0,False,0,True,True
00310026,4,4,4,4,2,2,2,2,1.0,1.0,2,2,1.0,4,4,1.0,False,0,True,True
00310141,4,4,4,4,2,2,2,2,1.0,1.0,2,2,1.0,4,4,1.0,False,0,True,True
00310146,0,0,0,0,0,0,0,0,,,0,0,,0,0,,False,0,True,True
00310171,12,12,12,12,0,4,0,4,,1.0,1,1,1.0,0,0,,False,0,True,True
00310401,0,0,0,0,0,0,0,0,,,0,0,,0,0,,False,0,True,True
00310456,0,0,0,0,0,0,0,0,,,0,0,,0,0,,False,0,True,True
00310463,0,0,0,0,0,0,0,0,,,0,0,,0,0,,False,0,True,True
00310605,4,4,4,4,2,2,2,2,1.0,1.0,2,2,1.0,4,4,1.0,False,0,True,True
00310616,10,10,10,10,2,4,2,4,1.0,1.0,2,2,1.0,4,4,1.0,False,0,True,True
00310751,8,8,8,8,4,4,4,4,1.0,1.0,4,4,1.0,8,8,1.0,False,0,True,True
00310900,7,7,7,7,3,2,3,2,1.0,1.0,1,1,1.0,3,3,1.0,False,0,True,True
00310929,26,33,26,33,1,2,8,10,8.0,5.0,0,0,,0,0,,True,6,True,True
00310954,12,13,12,13,4,3,6,5,1.5,1.6666666666666667,0,1,0.0,1,2,0.5,False,1,True,True
00310967,0,0,0,0,0,0,0,0,,,0,0,,0,0,,False,0,True,True
00310968,0,0,0,0,0,0,0,0,,,0,0,,0,0,,False,0,True,True
00310978,0,0,0,0,0,0,0,0,,,0,0,,0,0,,False,0,True,True
00311417,4,4,4,4,3,1,3,1,1.0,1.0,3,3,1.0,3,3,1.0,False,0,True,True
00311446,14,0,14,12,2,8,0,0,0.0,0.0,0,0,,0,0,,False,0,True,False
00311613,5,6,5,5,3,1,2,0,0.6666666666666666,0.0,0,0,,0,0,,False,1,True,True
00311671,4,4,4,4,2,2,2,2,1.0,1.0,2,2,1.0,4,4,1.0,False,0,True,True
00311968,0,0,0,0,0,0,0,0,,,0,0,,0,0,,False,0,True,True
00311971,8,8,8,8,4,4,4,4,1.0,1.0,4,4,1.0,8,8,1.0,False,0,True,True
00312083,4,4,4,4,2,2,2,2,1.0,1.0,2,2,1.0,4,4,1.0,False,0,True,True
00312636,0,0,0,0,0,0,0,0,,,0,0,,0,0,,False,0,True,True
00312716,16,16,16,16,8,8,7,8,0.875,1.0,13,16,0.8125,20,24,0.8333333333333334,False,0,True,True
00312816,4,4,4,4,2,2,2,2,1.0,1.0,2,2,1.0,4,4,1.0,False,0,True,True
00312996,8,8,8,8,4,4,4,4,1.0,1.0,12,12,1.0,16,16,1.0,False,0,True,True
00312998,7,7,7,7,3,3,3,3,1.0,1.0,6,6,1.0,9,9,1.0,False,0,True,True
00313102,8,9,8,9,1,0,2,0,2.0,,0,0,,0,0,,False,1,True,True
00313220,0,0,0,0,0,0,0,0,,,0,0,,0,0,,False,0,True,True
00313399,7,7,7,7,3,2,3,2,1.0,1.0,4,4,1.0,6,6,1.0,False,0,True,True
00313402,7,7,7,7,3,3,3,3,1.0,1.0,6,6,1.0,9,9,1.0,False,0,True,True
00313407,7,7,7,7,3,3,3,3,1.0,1.0,6,6,1.0,9,9,1.0,False,0,True,True
00313415,10,10,10,10,4,4,4,4,1.0,1.0,4,4,1.0,8,8,1.0,False,0,True,True
00313419,4,4,4,4,2,1,2,1,1.0,1.0,1,1,1.0,2,2,1.0,False,0,True,True
00313532,8,8,8,8,4,1,4,1,1.0,1.0,2,3,0.6666666666666666,2,2,1.0,False,0,True,True
00313536,5,5,5,5,2,1,2,1,1.0,1.0,1,1,1.0,2,2,1.0,False,0,True,True
00313566,8,8,8,8,4,4,4,4,1.0,1.0,12,12,1.0,16,16,1.0,False,0,True,True
00313571,5,5,5,5,2,2,2,2,1.0,1.0,2,2,1.0,4,4,1.0,False,0,True,True
00313575,19,19,19,19,8,5,8,6,1.0,1.2,2,3,0.6666666666666666,6,8,0.75,False,0,True,True
00313605,7,7,7,7,2,2,2,2,1.0,1.0,2,2,1.0,4,4,1.0,False,0,True,True
00313607,11,11,11,11,6,2,5,2,0.8333333333333334,1.0,4,7,0.5714285714285714,6,6,1.0,False,0,True,True
00313632,5,5,5,5,2,2,2,2,1.0,1.0,2,2,1.0,4,4,1.0,False,0,True,True
00313929,6,6,6,6,0,0,0,0,,,3,3,1.0,0,0,,False,0,True,True
00313943,6,6,6,6,3,2,3,3,1.0,1.5,4,4,1.0,6,6,1.0,False,0,True,True
00313946,0,0,0,0,0,0,0,0,,,0,0,,0,0,,False,0,True,True
00313947,8,8,8,8,4,4,4,4,1.0,1.0,4,4,1.0,8,8,1.0,False,0,True,True
00313954,0,0,0,0,0,0,0,0,,,0,0,,0,0,,False,0,True,True
00314041,12,12,12,12,6,6,6,6,1.0,1.0,6,6,1.0,12,12,1.0,False,0,True,True
00314152,7,7,7,7,3,3,3,3,1.0,1.0,2,2,1.0,5,5,1.0,False,0,True,True
00314163,4,4,4,4,2,2,2,2,1.0,1.0,2,2,1.0,4,4,1.0,False,0,True,True
00314242,0,0,0,0,0,0,0,0,,,0,0,,0,0,,False,0,True,True
00314262,0,0,0,0,0,0,0,0,,,0,0,,0,0,,False,0,True,True
00314355,4,5,4,4,2,0,2,1,1.0,,0,0,,0,0,,False,1,True,True
00314413,4,4,4,4,2,2,2,2,1.0,1.0,2,2,1.0,4,4,1.0,False,0,True,True
00314630,7,7,7,7,3,3,3,3,1.0,1.0,2,2,1.0,5,5,1.0,False,0,True,True
00314660,15,15,15,15,1,2,2,2,2.0,1.0,0,0,,1,1,1.0,False,0,True,True
00314740,0,0,0,0,0,0,0,0,,,0,0,,0,0,,True,0,True,True
00314748,0,0,0,0,0,0,0,0,,,0,0,,0,0,,False,0,True,True
00314842,26,0,26,25,10,12,0,0,0.0,0.0,0,0,,0,0,,False,0,True,False
00314876,4,4,4,4,2,2,2,2,1.0,1.0,2,2,1.0,4,4,1.0,False,0,True,True
00314988,9,9,9,9,2,7,2,7,1.0,1.0,22,22,1.0,14,14,1.0,False,0,True,True
00315026,8,7,8,7,2,4,1,3,0.5,0.75,0,0,,0,1,0.0,False,1,True,True
00315269,36,36,36,36,18,18,17,15,0.9444444444444444,0.8333333333333334,34,50,0.68,49,68,0.7205882352941176,False,0,True,True
00315283,8,8,8,8,4,4,4,4,1.0,1.0,4,4,1.0,8,8,1.0,False,0,True,True
00315386,30,30,30,30,14,16,14,11,1.0,0.6875,10,18,0.5555555555555556,22,32,0.6875,False,0,True,True
00315564,16,16,16,16,8,8,7,8,0.875,1.0,7,8,0.875,14,16,0.875,False,0,True,True
00315650,0,0,0,0,0,0,0,0,,,0,0,,0,0,,False,0,True,True
00315812,0,0,0,0,0,0,0,0,,,0,0,,0,0,,False,0,True,True
00315857,0,0,0,0,0,0,0,0,,,0,0,,0,0,,False,0,True,True
00316178,4,4,4,4,2,2,2,2,1.0,1.0,2,2,1.0,4,4,1.0,False,0,True,True
00316429,30,32,30,31,14,16,11,13,0.7857142857142857,0.8125,18,34,0.5294117647058824,27,44,0.6136363636363636,True,1,True,True
00316496,4,4,4,4,2,2,2,2,1.0,1.0,2,2,1.0,4,4,1.0,False,0,True,True
00316635,8,8,8,8,4,4,4,4,1.0,1.0,4,4,1.0,8,8,1.0,False,0,True,True
00316697,4,4,2,2,0,2,0,2,,1.0,1,1,1.0,5,5,1.0,False,0,True,True
00316870,18,17,18,17,12,6,8,3,0.6666666666666666,0.5,8,34,0.23529411764705882,18,32,0.5625,False,2,True,True
00316981,6,6,6,6,0,0,0,0,,,0,0,,0,0,,False,0,True,True
00317011,4,4,4,4,2,2,2,2,1.0,1.0,2,2,1.0,4,4,1.0,False,0,True,True
00317172,8,8,8,8,4,4,4,4,1.0,1.0,4,4,1.0,8,8,1.0,False,0,True,True
00317479,0,0,0,0,0,0,0,0,,,0,0,,0,0,,False,0,True,True
00317533,19,19,19,19,15,4,13,1,0.8666666666666667,0.25,4,7,0.5714285714285714,6,6,1.0,False,2,True,True
00317552,4,4,4,4,2,2,2,2,1.0,1.0,2,2,1.0,4,4,1.0,False,0,True,True
00317674,19,19,19,19,9,7,9,8,1.0,1.1428571428571428,6,6,1.0,13,13,1.0,False,0,True,True
00317683,10,9,10,9,4,3,4,4,1.0,1.3333333333333333,3,3,1.0,6,6,1.0,False,1,True,True
00317811,12,12,12,12,6,6,6,6,1.0,1.0,30,30,1.0,36,36,1.0,False,0,True,True
00317812,5,5,5,5,2,3,2,3,1.0,1.0,4,4,1.0,6,6,1.0,False,0,True,True
00317942,14,14,14,14,7,7,6,7,0.8571428571428571,1.0,9,10,0.9,13,16,0.8125,False,0,True,True
00318149,12,12,12,12,6,6,5,6,0.8333333333333334,1.0,10,12,0.8333333333333334,15,18,0.8333333333333334,False,0,True,True
00318195,0,0,0,0,0,0,0,0,,,0,0,,0,0,,False,0,True,True
00318505,4,4,4,4,2,2,2,2,1.0,1.0,2,2,1.0,4,4,1.0,False,0,True,True
00318769,4,4,4,4,2,2,2,2,1.0,1.0,2,2,1.0,4,4,1.0,False,0,True,True
00318785,4,4,4,4,2,2,2,2,1.0,1.0,2,2,1.0,4,4,1.0,False,0,True,True
00318792,5,5,5,5,3,2,3,2,1.0,1.0,2,2,1.0,4,4,1.0,False,0,True,True
00319056,12,12,12,12,6,6,5,4,0.8333333333333334,0.6666666666666666,16,30,0.5333333333333333,26,36,0.7222222222222222,False,0,True,True
00319089,4,4,4,4,2,2,2,2,1.0,1.0,2,2,1.0,4,4,1.0,False,0,True,True
00319136,0,0,0,0,0,0,0,0,,,0,0,,0,0,,False,0,True,True
00319184,0,0,0,0,0,0,0,0,,,0,0,,0,0,,False,0,True,True
00319350,10,10,10,10,5,5,5,5,1.0,1.0,8,8,1.0,13,13,1.0,False,0,True,True
00319396,4,4,4,4,2,2,2,2,1.0,1.0,2,2,1.0,4,4,1.0,False,0,True,True
00319420,4,4,4,4,2,2,2,2,1.0,1.0,2,2,1.0,4,4,1.0,False,0,True,True
00319422,16,16,16,16,8,8,7,7,0.875,0.875,22,32,0.6875,29,40,0.725,False,0,True,True
00319479,5,5,5,4,1,4,0,3,0.0,0.75,3,6,0.5,0,0,,False,0,True,True
00319537,8,8,8,8,3,2,4,3,1.3333333333333333,1.5,4,4,1.0,6,6,1.0,False,0,True,True
00319565,10,10,10,10,5,5,5,5,1.0,1.0,8,8,1.0,13,13,1.0,False,0,True,True
00319690,10,10,10,10,5,4,5,5,1.0,1.25,6,6,1.0,10,10,1.0,False,0,True,True
00319711,16,16,16,16,8,8,8,8,1.0,1.0,16,16,1.0,24,24,1.0,False,0,True,True
00319712,13,13,13,13,7,6,6,5,0.8571428571428571,0.8333333333333334,11,18,0.6111111111111112,21,24,0.875,False,0,True,True
00319733,4,4,4,4,2,2,2,2,1.0,1.0,2,2,1.0,4,4,1.0,False,0,True,True
00319769,12,12,12,12,6,6,6,6,1.0,1.0,14,14,1.0,20,20,1.0,False,0,True,True
00319773,14,14,14,14,7,7,7,7,1.0,1.0,6,6,1.0,13,13,1.0,False,0,True,True
00319779,14,14,14,14,8,6,8,6,1.0,1.0,11,11,1.0,16,16,1.0,False,0,True,True
00319890,8,8,8,8,2,4,2,4,1.0,1.0,2,2,1.0,4,4,1.0,False,0,True,True
00319915,4,4,4,4,2,2,2,2,1.0,1.0,2,2,1.0,4,4,1.0,False,0,True,True
00319952,9,9,9,9,3,2,3,2,1.0,1.0,2,2,1.0,4,4,1.0,False,0,True,True
00319953,5,5,5,5,2,3,2,3,1.0,1.0,4,4,1.0,6,6,1.0,False,0,True,True
00319986,18,18,18,18,8,10,6,9,0.75,0.9,22,32,0.6875,32,40,0.8,False,0,True,True
00320090,33,38,33,38,11,21,11,11,1.0,0.5238095238095238,0,0,,0,0,,True,3,True,True
00320161,4,4,4,4,2,2,2,2,1.0,1.0,2,2,1.0,4,4,1.0,False,0,True,True
00320251,2,2,2,2,0,2,0,2,,1.0,1,1,1.0,0,0,,False,0,True,True
00320421,18,18,18,18,8,8,8,7,1.0,0.875,6,8,0.75,12,16,0.75,False,0,True,True
00320489,8,8,8,8,4,4,4,4,1.0,1.0,4,4,1.0,8,8,1.0,False,0,True,True
00320510,4,4,4,4,2,2,2,2,1.0,1.0,2,2,1.0,4,4,1.0,False,0,True,True
00320685,12,12,12,12,6,6,6,6,1.0,1.0,6,6,1.0,12,12,1.0,False,0,True,True
00320804,9,9,9,9,5,4,4,3,0.8,0.75,9,16,0.5625,17,20,0.85,False,0,True,True
00320812,12,12,12,12,6,6,6,6,1.0,1.0,6,6,1.0,12,12,1.0,False,0,True,True
00320818,10,10,10,10,5,5,5,5,1.0,1.0,8,8,1.0,13,13,1.0,False,0,True,True
00321024,12,12,12,12,6,6,5,5,0.8333333333333334,0.8333333333333334,8,14,0.5714285714285714,17,20,0.85,False,0,True,True
00321088,16,16,16,16,8,8,8,8,1.0,1.0,14,14,1.0,22,22,1.0,False,0,True,True
00321106,4,4,4,4,4,0,4,0,1.0,,2,2,1.0,0,0,,False,0,True,True
00321168,8,8,8,8,4,4,4,4,1.0,1.0,4,4,1.0,8,8,1.0,False,0,True,True
00321198,18,18,18,18,12,6,4,6,0.3333333333333333,1.0,4,11,0.36363636363636365,9,16,0.5625,False,0,True,True
00321267,10,10,10,10,5,5,5,5,1.0,1.0,8,8,1.0,13,13,1.0,False,0,True,True
00321300,12,12,12,12,6,6,6,6,1.0,1.0,14,14,1.0,20,20,1.0,False,0,True,True
00321368,6,6,6,6,3,3,3,3,1.0,1.0,6,6,1.0,9,9,1.0,False,0,True,True
00321555,8,8,8,8,4,4,4,4,1.0,1.0,12,12,1.0,16,16,1.0,False,0,True,True
00321573,10,10,10,10,5,4,5,4,1.0,1.0,6,6,1.0,10,10,1.0,False,0,True,True
00321574,11,11,11,11,5,5,5,5,1.0,1.0,12,12,1.0,17,17,1.0,False,0,True,True
00321869,4,4,4,4,2,2,2,2,1.0,1.0,2,2,1.0,4,4,1.0,False,0,True,True
00322156,6,6,6,6,0,6,0,6,,1.0,3,3,1.0,0,0,,False,0,True,True
00322315,13,13,13,13,6,5,4,3,0.6666666666666666,0.6,2,8,0.25,8,13,0.6153846153846154,False,0,True,True
00322332,19,19,19,19,9,8,6,6,0.6666666666666666,0.75,16,56,0.2857142857142857,29,64,0.453125,False,0,True,True
00322363,25,27,25,25,4,21,4,14,1.0,0.6666666666666666,4,7,0.5714285714285714,0,0,,False,4,True,True
00322378,4,4,4,4,2,2,2,2,1.0,1.0,2,2,1.0,4,4,1.0,False,0,True,True
00322455,0,0,0,0,0,0,0,0,,,0,0,,0,0,,False,0,True,True
00322508,5,5,5,5,1,2,1,2,1.0,1.0,1,1,1.0,2,2,1.0,False,0,True,True
00322641,12,12,12,12,2,10,2,10,1.0,1.0,6,6,1.0,4,4,1.0,False,0,True,True
00322655,16,16,16,16,8,8,8,8,1.0,1.0,8,8,1.0,16,16,1.0,False,0,True,True
00322746,28,28,28,28,14,14,13,11,0.9285714285714286,0.7857142857142857,23,38,0.6052631578947368,34,52,0.6538461538461539,False,0,True,True
00322804,5,5,5,5,1,2,1,2,1.0,1.0,1,1,1.0,2,2,1.0,False,0,True,True
00322807,14,14,14,14,6,4,5,4,0.8333333333333334,1.0,3,4,0.75,6,8,0.75,False,0,True,True
00322826,8,8,8,8,4,4,4,4,1.0,1.0,4,4,1.0,8,8,1.0,False,0,True,True
00322840,0,0,0,0,0,0,0,0,,,0,0,,0,0,,False,0,True,True
00323033,5,5,5,5,1,2,1,2,1.0,1.0,1,1,1.0,2,2,1.0,False,0,True,True
00323035,6,6,6,6,0,0,0,0,,,0,0,,0,0,,False,0,True,True
00323185,8,8,8,8,4,4,4,4,1.0,1.0,4,4,1.0,8,8,1.0,False,0,True,True
00323190,12,12,12,12,6,6,6,6,1.0,1.0,14,14,1.0,20,20,1.0,False,0,True,True
00323265,15,16,15,16,6,3,7,3,1.1666666666666667,1.0,0,0,,0,0,,False,3,True,True
00323267,18,19,18,19,9,9,9,9,1.0,1.0,16,16,1.0,24,24,1.0,False,1,True,True
00323315,8,8,8,8,4,4,4,4,1.0,1.0,4,4,1.0,8,8,1.0,False,0,True,True
00323389,11,11,11,11,5,5,5,5,1.0,1.0,12,12,1.0,17,17,1.0,False,0,True,True
00323393,8,8,8,8,4,4,4,4,1.0,1.0,12,12,1.0,16,16,1.0,False,0,True,True
00323520,9,9,9,9,4,4,4,4,1.0,1.0,12,12,1.0,16,16,1.0,False,0,True,True
00323535,8,8,8,8,3,4,3,4,1.0,1.0,3,3,1.0,6,6,1.0,False,0,True,True
00323544,18,18,18,18,9,9,8,8,0.8888888888888888,0.8888888888888888,14,20,0.7,22,29,0.7586206896551724,False,0,True,True
00323599,4,4,4,4,2,2,2,2,1.0,1.0,2,2,1.0,4,4,1.0,False,0,True,True
00323903,38,38,38,38,19,19,17,19,0.8947368421052632,1.0,27,32,0.84375,45,50,0.9,False,0,True,True
00323955,0,0,0,0,0,0,0,0,,,0,0,,0,0,,False,0,True,True
00323973,4,4,4,4,2,2,2,2,1.0,1.0,2,2,1.0,4,4,1.0,False,0,True,True
00324185,4,4,4,4,2,2,2,2,1.0,1.0,2,2,1.0,4,4,1.0,False,0,True,True
00324199,4,4,4,4,2,2,2,2,1.0,1.0,2,2,1.0,4,4,1.0,False,0,True,True
00324482,22,22,22,22,9,10,8,8,0.8888888888888888,0.8,6,14,0.42857142857142855,16,22,0.7272727272727273,False,0,True,True
00324675,4,4,4,4,2,2,2,2,1.0,1.0,2,2,1.0,4,4,1.0,False,0,True,True
00324689,0,0,0,0,0,0,0,0,,,0,0,,0,0,,False,0,True,True
00324920,5,5,5,5,3,2,3,2,1.0,1.0,4,4,1.0,6,6,1.0,False,0,True,True
00324981,8,8,8,8,4,4,4,4,1.0,1.0,12,12,1.0,16,16,1.0,False,0,True,True
00325242,28,28,28,28,14,14,7,8,0.5,0.5714285714285714,21,134,0.15671641791044777,46,148,0.3108108108108108,False,0,True,True
00325260,9,9,9,9,5,4,5,4,1.0,1.0,6,6,1.0,10,10,1.0,False,0,True,True
00325388,6,6,6,6,2,4,2,4,1.0,1.0,2,2,1.0,4,4,1.0,False,0,True,True
00325447,7,7,7,7,6,0,4,0,0.6666666666666666,,3,15,0.2,0,6,0.0,False,0,True,True
00325525,16,16,16,16,8,8,8,8,1.0,1.0,16,16,1.0,24,24,1.0,False,0,True,True
00325872,4,4,4,4,2,2,2,2,1.0,1.0,2,2,1.0,4,4,1.0,False,0,True,True
00326020,20,20,20,20,10,10,10,10,1.0,1.0,26,26,1.0,36,36,1.0,False,0,True,True
00326117,4,4,4,4,2,2,2,2,1.0,1.0,2,2,1.0,4,4,1.0,False,0,True,True
00326127,15,15,15,15,7,8,7,7,1.0,0.875,18,21,0.8571428571428571,25,28,0.8928571428571429,False,0,True,True
00326381,5,5,5,5,1,2,2,2,2.0,1.0,1,1,1.0,2,2,1.0,False,0,True,True
00326398,4,4,4,4,2,2,2,2,1.0,1.0,2,2,1.0,4,4,1.0,False,0,True,True
00326432,15,16,15,16,5,0,5,4,1.0,,1,6,0.16666666666666666,0,0,,False,1,True,True
00326520,3,5,3,3,1,2,1,2,1.0,1.0,0,0,,0,0,,False,1,True,True
00327014,36,36,36,36,18,18,18,18,1.0,1.0,18,18,1.0,36,36,1.0,False,0,True,True
00327377,4,4,4,4,2,2,2,2,1.0,1.0,2,2,1.0,4,4,1.0,False,0,True,True
00327390,4,4,4,4,2,2,2,2,1.0,1.0,2,2,1.0,4,4,1.0,False,0,True,True
00327724,4,4,4,4,2,2,2,2,1.0,1.0,2,2,1.0,4,4,1.0,False,0,True,True
00327728,12,12,12,12,6,6,6,6,1.0,1.0,6,6,1.0,12,12,1.0,False,0,True,True
00327812,4,4,4,4,2,2,2,2,1.0,1.0,2,2,1.0,4,4,1.0,False,0,True,True
00327816,6,6,6,6,2,3,2,3,1.0,1.0,4,4,1.0,6,6,1.0,False,0,True,True
00327984,3,3,3,0,1,0,0,0,0.0,,0,0,,0,0,,False,4,True,True
00328261,4,4,4,4,2,2,2,2,1.0,1.0,2,2,1.0,4,4,1.0,False,0,True,True
00328487,24,24,24,24,4,20,5,14,1.25,0.7,45,96,0.46875,36,40,0.9,False,0,True,True
00328554,11,11,11,11,4,3,5,3,1.25,1.0,4,9,0.4444444444444444,9,12,0.75,False,0,True,True
00328618,20,20,20,20,10,10,10,9,1.0,0.9,9,10,0.9,18,20,0.9,False,0,True,True
00328706,8,8,8,8,4,4,4,4,1.0,1.0,12,12,1.0,16,16,1.0,False,0,True,True
00328717,0,0,0,0,0,0,0,0,,,0,0,,0,0,,False,0,True,True
00328737,5,7,5,5,3,2,2,0,0.6666666666666666,0.0,0,0,,0,0,,False,1,True,True
00328894,3,4,3,3,0,1,0,1,,1.0,0,0,,0,0,,False,1,True,True
00329193,4,4,4,4,2,2,2,2,1.0,1.0,2,2,1.0,4,4,1.0,False,0,True,True
00329272,7,7,7,7,3,4,3,4,1.0,1.0,9,9,1.0,12,12,1.0,False,0,True,True
00329280,16,16,16,16,8,6,8,6,1.0,1.0,8,8,1.0,14,14,1.0,False,0,True,True
00329281,8,8,8,8,4,4,4,4,1.0,1.0,12,12,1.0,16,16,1.0,False,0,True,True
00329413,4,4,4,4,2,2,2,2,1.0,1.0,2,2,1.0,4,4,1.0,False,0,True,True
00329530,0,0,0,0,0,0,0,0,,,0,0,,0,0,,False,0,True,True
00329909,4,4,4,4,2,2,2,2,1.0,1.0,2,2,1.0,4,4,1.0,False,0,True,True
00329941,20,20,20,20,10,10,10,9,1.0,0.9,9,10,0.9,18,20,0.9,False,0,True,True
00330199,8,8,8,8,4,4,4,4,1.0,1.0,12,12,1.0,16,16,1.0,False,0,True,True
00330209,12,13,12,13,5,3,6,4,1.2,1.3333333333333333,1,1,1.0,2,2,1.0,False,1,True,True
00330553,0,0,0,0,0,0,0,0,,,0,0,,0,0,,False,0,True,True
00330844,4,4,4,4,2,2,2,2,1.0,1.0,2,2,1.0,4,4,1.0,False,0,True,True
00330918,4,4,4,4,2,2,2,2,1.0,1.0,2,2,1.0,4,4,1.0,False,0,True,True
00330921,4,4,4,4,2,2,2,2,1.0,1.0,2,2,1.0,4,4,1.0,False,0,True,True
00330948,10,10,10,10,8,2,5,2,0.625,1.0,11,29,0.3793103448275862,16,16,1.0,False,0,True,True
00331463,0,0,0,0,0,0,0,0,,,0,0,,0,0,,False,0,True,True
00331543,49,50,49,50,21,28,14,12,0.6666666666666666,0.42857142857142855,7,16,0.4375,8,20,0.4,True,1,True,True
00331775,0,0,0,0,0,0,0,0,,,0,0,,0,0,,False,0,True,True
00331910,0,0,0,0,0,0,0,0,,,0,0,,0,0,,False,0,True,True
00332174,5,5,5,5,3,2,3,2,1.0,1.0,4,4,1.0,6,6,1.0,False,0,True,True
00332318,4,4,4,4,2,2,2,2,1.0,1.0,2,2,1.0,4,4,1.0,False,0,True,True
00332418,0,0,0,0,0,0,0,0,,,0,0,,0,0,,False,0,True,True
00332445,8,7,7,6,4,3,3,2,0.75,0.6666666666666666,0,0,,1,1,1.0,False,1,True,True
00332479,4,4,4,4,0,0,0,0,,,2,2,1.0,0,0,,False,0,True,True
00332657,4,4,4,4,0,0,0,0,,,2,2,1.0,0,0,,False,0,True,True
00332859,20,20,20,20,12,8,9,6,0.75,0.75,9,29,0.3103448275862069,26,36,0.7222222222222222,False,0,True,True
00332908,8,8,8,8,4,4,4,3,1.0,0.75,9,12,0.75,12,16,0.75,False,0,True,True
00332973,4,4,4,4,2,2,2,2,1.0,1.0,2,2,1.0,4,4,1.0,False,0,True,True
00333001,4,4,4,4,1,2,1,2,1.0,1.0,1,1,1.0,2,2,1.0,False,0,True,True
00333069,7,7,7,7,3,3,3,3,1.0,1.0,6,6,1.0,9,9,1.0,False,0,True,True
00333072,4,4,4,4,2,2,2,2,1.0,1.0,2,2,1.0,4,4,1.0,False,0,True,True
00333176,6,6,6,6,2,0,2,0,1.0,,3,3,1.0,0,0,,False,0,True,True
00333191,16,16,16,16,10,6,10,6,1.0,1.0,20,20,1.0,20,20,1.0,False,0,True,True
00333483,10,10,10,10,5,5,5,5,1.0,1.0,20,20,1.0,25,25,1.0,False,0,True,True
00333484,15,14,15,14,8,6,7,4,0.875,0.6666666666666666,7,13,0.5384615384615384,13,16,0.8125,False,1,True,True
00333503,8,8,8,8,4,4,4,4,1.0,1.0,4,4,1.0,8,8,1.0,False,0,True,True
00333875,4,4,4,4,2,2,2,2,1.0,1.0,2,2,1.0,4,4,1.0,False,0,True,True
00334550,2,2,2,2,2,0,2,0,1.0,,1,1,1.0,0,0,,False,0,True,True
00334582,9,9,9,9,4,1,5,1,1.25,1.0,3,6,0.5,3,4,0.75,False,0,True,True
00334724,0,0,0,0,0,0,0,0,,,0,0,,0,0,,False,0,True,True
00334760,4,4,4,4,2,2,2,2,1.0,1.0,2,2,1.0,4,4,1.0,False,0,True,True
00334915,4,4,4,4,2,2,2,2,1.0,1.0,2,2,1.0,4,4,1.0,False,0,True,True
00335067,4,4,4,4,2,2,2,2,1.0,1.0,2,2,1.0,4,4,1.0,False,0,True,True
00335203,0,0,0,0,0,0,0,0,,,0,0,,0,0,,False,0,True,True
00335459,8,8,8,8,2,1,1,0,0.5,0.0,0,0,,0,1,0.0,False,0,True,True
00335622,24,24,24,24,10,14,10,14,1.0,1.0,20,20,1.0,28,28,1.0,False,0,True,True
00335899,4,4,4,4,2,2,2,2,1.0,1.0,2,2,1.0,4,4,1.0,False,0,True,True
00335965,4,4,4,4,2,2,2,2,1.0,1.0,2,2,1.0,4,4,1.0,False,0,True,True
00335970,7,7,7,7,3,4,3,4,1.0,1.0,3,3,1.0,6,6,1.0,False,0,True,True
00336011,8,8,8,8,4,3,4,3,1.0,1.0,3,3,1.0,6,6,1.0,False,0,True,True
00336071,4,4,4,4,2,2,2,2,1.0,1.0,2,2,1.0,4,4,1.0,False,0,True,True
00336103,0,0,0,0,0,0,0,0,,,0,0,,0,0,,False,0,True,True
00336200,4,4,4,4,2,2,2,2,1.0,1.0,2,2,1.0,4,4,1.0,False,0,True,True
00336279,11,11,11,11,3,7,3,7,1.0,1.0,11,13,0.8461538461538461,15,15,1.0,False,0,True,True
00336287,4,4,4,4,2,2,2,1,1.0,0.5,1,2,0.5,2,4,0.5,False,0,True,True
00336405,4,4,4,4,2,2,2,2,1.0,1.0,2,2,1.0,4,4,1.0,False,0,True,True
00336446,6,6,6,6,2,0,2,0,1.0,,3,3,1.0,0,0,,False,0,True,True
00336502,8,8,8,8,4,4,4,4,1.0,1.0,4,4,1.0,8,8,1.0,False,0,True,True
00336837,4,4,4,4,1,0,1,0,1.0,,0,0,,0,0,,False,0,True,True
00336882,2,2,2,2,1,0,1,0,1.0,,0,0,,0,0,,False,0,True,True
00336985,0,0,0,0,0,0,0,0,,,0,0,,0,0,,False,0,True,True
00337011,4,4,4,4,2,2,2,2,1.0,1.0,2,2,1.0,4,4,1.0,False,0,True,True
00337111,0,0,0,0,0,0,0,0,,,0,0,,0,0,,False,0,True,True
00337183,4,4,4,4,2,2,2,2,1.0,1.0,2,2,1.0,4,4,1.0,False,0,True,True
00337501,0,0,0,0,0,0,0,0,,,0,0,,0,0,,False,0,True,True
00337571,0,0,0,0,0,0,0,0,,,0,0,,0,0,,False,0,True,True
00338049,0,0,0,0,0,0,0,0,,,0,0,,0,0,,False,0,True,True
00338132,8,8,8,8,4,4,4,4,1.0,1.0,2,2,1.0,6,6,1.0,False,0,True,True
00338553,10,10,10,10,5,5,5,5,1.0,1.0,8,8,1.0,13,13,1.0,False,0,True,True
00338843,4,4,4,4,2,2,2,2,1.0,1.0,2,2,1.0,4,4,1.0,False,0,True,True
00338864,8,8,8,8,4,4,4,4,1.0,1.0,4,4,1.0,8,8,1.0,False,0,True,True
00338971,4,4,4,4,2,2,2,2,1.0,1.0,2,2,1.0,4,4,1.0,False,0,True,True
00339204,5,5,5,5,2,2,2,2,1.0,1.0,2,2,1.0,4,4,1.0,False,0,True,True
00339481,18,18,18,18,6,0,6,0,1.0,,7,9,0.7777777777777778,0,0,,False,0,True,True
00339538,34,0,34,36,18,11,0,0,0.0,0.0,0,0,,0,0,,False,0,True,False
00339564,6,6,6,6,3,3,3,3,1.0,1.0,6,6,1.0,9,9,1.0,False,0,True,True
00339583,8,8,8,8,4,4,4,4,1.0,1.0,4,4,1.0,8,8,1.0,False,0,True,True
00339603,8,8,8,8,3,2,0,1,0.0,0.5,0,4,0.0,2,6,0.3333333333333333,False,0,True,True
00339664,4,4,4,4,2,2,2,2,1.0,1.0,2,2,1.0,4,4,1.0,False,0,True,True
00339858,8,8,8,8,4,4,4,4,1.0,1.0,12,12,1.0,16,16,1.0,False,0,True,True
00340241,3,3,3,3,2,1,2,1,1.0,1.0,1,1,1.0,2,2,1.0,False,0,True,True
00340286,4,4,4,4,2,2,2,2,1.0,1.0,2,2,1.0,4,4,1.0,False,0,True,True
00340789,5,5,5,5,2,1,2,1,1.0,1.0,1,1,1.0,2,2,1.0,False,0,True,True
00340822,0,0,0,0,0,0,0,0,,,0,0,,0,0,,False,0,True,True
00341161,4,4,4,4,2,1,2,1,1.0,1.0,1,1,1.0,2,2,1.0,False,0,True,True
00341661,8,7,8,7,4,4,2,4,0.5,1.0,0,0,,0,0,,False,1,True,True
00341687,4,4,4,4,2,2,2,2,1.0,1.0,2,2,1.0,4,4,1.0,False,0,True,True
00341954,18,18,18,18,8,8,9,7,1.125,0.875,13,16,0.8125,20,24,0.8333333333333334,False,0,True,True
00341955,16,18,16,18,8,8,3,12,0.375,1.5,2,2,1.0,3,4,0.75,False,2,True,True
00342053,0,0,0,0,0,0,0,0,,,0,0,,0,0,,False,0,True,True
00342205,8,8,8,8,4,4,4,4,1.0,1.0,4,4,1.0,8,8,1.0,False,0,True,True
00342559,4,4,4,4,2,2,2,2,1.0,1.0,2,2,1.0,4,4,1.0,False,0,True,True
00342832,8,8,8,8,3,4,3,4,1.0,1.0,3,3,1.0,6,6,1.0,False,0,True,True
00342885,9,9,9,9,2,2,2,1,1.0,0.5,0,0,,0,1,0.0,False,0,True,True
00342897,5,5,5,5,1,2,1,2,1.0,1.0,1,1,1.0,2,2,1.0,False,0,True,True
00342946,16,16,16,16,8,7,8,8,1.0,1.1428571428571428,13,13,1.0,20,20,1.0,False,0,True,True
00342973,8,8,8,8,4,4,4,4,1.0,1.0,12,12,1.0,16,16,1.0,False,0,True,True
00342984,10,10,10,10,5,5,5,5,1.0,1.0,20,20,1.0,25,25,1.0,False,0,True,True
00343366,9,9,9,9,3,4,3,4,1.0,1.0,3,3,1.0,6,6,1.0,False,0,True,True
00343651,4,4,4,4,2,2,2,2,1.0,1.0,2,2,1.0,4,4,1.0,False,0,True,True
00343787,10,8,8,8,4,4,3,4,0.75,1.0,2,2,1.0,4,4,1.0,False,1,True,True
00343884,3,3,3,3,1,0,1,0,1.0,,0,0,,0,0,,False,0,True,True
00344628,28,28,28,28,14,14,14,14,1.0,1.0,14,14,1.0,28,28,1.0,False,0,True,True
00344690,4,4,4,4,2,2,2,2,1.0,1.0,2,2,1.0,4,4,1.0,False,0,True,True
00344795,0,0,0,0,0,0,0,0,,,0,0,,0,0,,False,0,True,True
00344819,4,4,4,4,2,2,2,2,1.0,1.0,2,2,1.0,4,4,1.0,False,0,True,True
00344861,16,16,16,16,8,8,7,8,0.875,1.0,12,14,0.8571428571428571,19,22,0.8636363636363636,False,0,True,True
00344937,4,4,4,4,0,0,0,0,,,2,2,1.0,0,0,,False,0,True,True
00344993,9,10,9,10,4,3,5,4,1.25,1.3333333333333333,2,2,1.0,4,4,1.0,False,1,True,True
00345035,4,4,4,4,2,2,2,2,1.0,1.0,2,2,1.0,4,4,1.0,False,0,True,True
00345874,0,0,0,0,0,0,0,0,,,0,0,,0,0,,False,0,True,True
00345970,8,8,8,8,3,4,3,4,1.0,1.0,9,9,1.0,12,12,1.0,False,0,True,True
00346059,8,8,8,8,4,0,4,0,1.0,,3,6,0.5,0,0,,False,0,True,True
00346141,4,4,4,4,2,2,2,2,1.0,1.0,2,2,1.0,4,4,1.0,False,0,True,True
00346234,4,4,4,4,2,2,2,2,1.0,1.0,2,2,1.0,4,4,1.0,False,0,True,True
00346241,4,4,4,4,2,2,2,2,1.0,1.0,2,2,1.0,4,4,1.0,False,0,True,True
00346278,0,0,0,0,0,0,0,0,,,0,0,,0,0,,False,0,True,True
00346563,20,20,20,19,12,8,9,7,0.75,0.875,17,38,0.4473684210526316,35,40,0.875,False,0,True,True
00346684,0,0,0,0,0,0,0,0,,,0,0,,0,0,,False,0,True,True
00346706,0,0,0,0,0,0,0,0,,,0,0,,0,0,,False,0,True,True
00346830,6,6,6,6,0,2,0,2,,1.0,1,1,1.0,0,0,,False,0,True,True
00346957,0,0,0,0,0,0,0,0,,,0,0,,0,0,,False,0,True,True
00347074,4,4,4,4,2,2,2,2,1.0,1.0,2,2,1.0,4,4,1.0,False,0,True,True
00347105,4,4,4,4,2,2,2,2,1.0,1.0,2,2,1.0,4,4,1.0,False,0,True,True
00347202,4,4,4,4,2,0,2,0,1.0,,1,1,1.0,0,0,,False,0,True,True
00347236,36,36,36,36,18,18,15,15,0.8333333333333334,0.8333333333333334,21,32,0.65625,43,50,0.86,False,0,True,True
00347457,4,4,4,4,2,2,2,2,1.0,1.0,2,2,1.0,4,4,1.0,False,0,True,True
00347464,4,4,4,4,2,2,2,2,1.0,1.0,2,2,1.0,4,4,1.0,False,0,True,True
00347562,9,9,9,9,5,4,5,4,1.0,1.0,6,6,1.0,10,10,1.0,False,0,True,True
00347615,19,23,19,23,9,10,8,10,0.8888888888888888,1.0,0,0,,0,0,,True,3,True,True
00347841,17,17,17,17,8,8,9,7,1.125,0.875,11,16,0.6875,21,32,0.65625,False,0,True,True
00347950,4,4,4,4,2,2,2,2,1.0,1.0,2,2,1.0,4,4,1.0,False,0,True,True
00348003,8,8,8,8,4,4,4,4,1.0,1.0,12,12,1.0,16,16,1.0,False,0,True,True
00348381,4,4,4,4,2,2,2,2,1.0,1.0,2,2,1.0,4,4,1.0,False,0,True,True
00348413,4,4,4,4,2,2,2,2,1.0,1.0,2,2,1.0,4,4,1.0,False,0,True,True
00348509,6,6,6,6,2,0,2,0,1.0,,3,3,1.0,0,0,,False,0,True,True
00348611,4,4,4,4,2,2,2,2,1.0,1.0,2,2,1.0,4,4,1.0,False,0,True,True
00348643,4,4,4,4,2,2,2,2,1.0,1.0,2,2,1.0,4,4,1.0,False,0,True,True
00348704,0,0,0,0,0,0,0,0,,,0,0,,0,0,,False,0,True,True
00349022,0,0,0,0,0,0,0,0,,,0,0,,0,0,,False,0,True,True
00349126,3,3,3,3,1,1,1,1,1.0,1.0,0,0,,1,1,1.0,False,0,True,True
00349143,3,3,3,3,2,1,2,1,1.0,1.0,1,1,1.0,2,2,1.0,False,0,True,True
00349162,0,0,0,0,0,0,0,0,,,0,0,,0,0,,False,0,True,True
00349178,4,4,4,4,2,2,2,2,1.0,1.0,2,2,1.0,4,4,1.0,False,0,True,True
00349358,4,4,4,4,2,2,2,2,1.0,1.0,2,2,1.0,4,4,1.0,False,0,True,True
00349449,14,14,14,14,6,6,6,6,1.0,1.0,4,4,1.0,10,10,1.0,False,0,True,True
00349743,4,4,4,4,2,2,2,2,1.0,1.0,2,2,1.0,4,4,1.0,False,0,True,True
00349838,0,0,0,0,0,0,0,0,,,0,0,,0,0,,False,0,True,True
00349937,12,12,12,12,6,6,6,6,1.0,1.0,6,6,1.0,12,12,1.0,False,0,True,True
00349946,16,19,16,19,10,4,10,2,1.0,0.5,0,0,,1,1,1.0,False,3,True,True
00349965,32,32,32,32,16,16,16,14,1.0,0.875,20,24,0.8333333333333334,34,40,0.85,False,0,True,True
00350088,4,4,4,4,2,2,2,2,1.0,1.0,2,2,1.0,4,4,1.0,False,0,True,True
00350195,4,4,4,4,2,2,2,2,1.0,1.0,2,2,1.0,4,4,1.0,False,0,True,True
00350196,4,4,4,4,2,2,2,2,1.0,1.0,2,2,1.0,4,4,1.0,False,0,True,True
00350559,18,18,18,18,8,8,7,7,0.875,0.875,10,16,0.625,21,24,0.875,False,0,True,True
00350604,4,4,4,4,2,2,2,2,1.0,1.0,2,2,1.0,4,4,1.0,False,0,True,True
00350616,4,4,4,4,2,2,2,2,1.0,1.0,2,2,1.0,4,4,1.0,False,0,True,True
00350813,33,34,33,34,17,16,13,17,0.7647058823529411,1.0625,14,14,1.0,20,20,1.0,True,1,True,True
00350983,4,4,4,4,2,2,2,2,1.0,1.0,2,2,1.0,4,4,1.0,False,0,True,True
00351243,8,8,8,8,4,4,4,4,1.0,1.0,4,4,1.0,8,8,1.0,False,0,True,True
00351288,15,14,15,14,7,0,8,1,1.1428571428571428,,3,3,1.0,0,0,,False,2,True,True
00351327,14,14,14,14,8,6,7,5,0.875,0.8333333333333334,27,43,0.627906976744186,36,48,0.75,False,0,True,True
00351386,0,0,0,0,0,0,0,0,,,0,0,,0,0,,False,0,True,True
00351402,0,0,0,0,0,0,0,0,,,0,0,,0,0,,False,0,True,True
00351406,9,9,9,9,4,5,4,5,1.0,1.0,6,6,1.0,10,10,1.0,False,0,True,True
00351484,12,12,12,12,6,6,0,2,0.0,0.3333333333333333,1,30,0.03333333333333333,36,36,1.0,False,0,True,True
00351503,0,0,0,0,0,0,0,0,,,0,0,,0,0,,False,0,True,True
00351535,0,0,0,0,0,0,0,0,,,0,0,,0,0,,False,0,True,True
00351852,12,12,12,12,6,6,6,5,1.0,0.8333333333333334,11,14,0.7857142857142857,16,20,0.8,False,0,True,True
00351921,12,12,12,12,6,6,6,6,1.0,1.0,14,14,1.0,20,20,1.0,False,0,True,True
00351934,12,12,12,12,6,6,5,6,0.8333333333333334,1.0,11,14,0.7857142857142857,16,20,0.8,False,0,True,True
00351990,0,0,0,0,0,0,0,0,,,0,0,,0,0,,False,0,True,True
00352037,32,32,32,32,16,16,15,15,0.9375,0.9375,14,16,0.875,29,32,0.90625,False,0,True,True
00352224,3,3,3,3,2,1,2,1,1.0,1.0,1,1,1.0,2,2,1.0,False,0,True,True
00352272,6,6,6,6,0,0,0,0,,,0,1,0.0,0,0,,False,0,True,True
00352424,4,4,4,4,2,2,2,2,1.0,1.0,2,2,1.0,4,4,1.0,False,0,True,True
00352587,12,12,12,12,4,4,4,4,1.0,1.0,12,12,1.0,17,17,1.0,False,0,True,True
00352687,4,4,4,4,2,2,2,2,1.0,1.0,2,2,1.0,4,4,1.0,False,0,True,True
00353639,6,6,6,6,3,3,3,3,1.0,1.0,6,6,1.0,9,9,1.0,False,0,True,True
00353646,9,9,9,9,4,4,4,4,1.0,1.0,6,6,1.0,10,10,1.0,False,0,True,True
00353694,4,4,4,4,2,2,2,2,1.0,1.0,2,2,1.0,4,4,1.0,False,0,True,True
00353697,4,4,4,4,2,2,2,2,1.0,1.0,2,2,1.0,4,4,1.0,False,0,True,True
00353920,6,6,6,6,2,2,2,2,1.0,1.0,2,2,1.0,4,4,1.0,False,0,True,True
00354124,8,8,8,8,0,0,1,1,,,0,0,,0,0,,False,0,True,True
00354125,12,12,12,12,6,6,6,6,1.0,1.0,6,6,1.0,12,12,1.0,False,0,True,True
00354170,8,8,8,8,1,0,1,0,1.0,,0,0,,0,0,,False,0,True,True
00354257,9,8,9,8,1,1,2,0,2.0,0.0,0,0,,0,0,,False,1,True,True
00354342,0,0,0,0,0,0,0,0,,,0,0,,0,0,,False,0,True,True
00354469,0,0,0,0,0,0,0,0,,,0,0,,0,0,,False,0,True,True
00354759,2,2,2,2,1,1,1,1,1.0,1.0,0,0,,1,1,1.0,False,0,True,True
00354876,4,4,4,4,2,2,2,2,1.0,1.0,2,2,1.0,4,4,1.0,False,0,True,True
00355052,12,12,12,12,8,4,8,4,1.0,1.0,34,34,1.0,32,32,1.0,False,0,True,True
00355393,3,3,3,3,1,1,1,1,1.0,1.0,0,0,,1,1,1.0,False,0,True,True
00355498,0,0,0,0,0,0,0,0,,,0,0,,0,0,,False,0,True,True
00355660,6,6,6,6,2,0,2,0,1.0,,3,3,1.0,0,0,,False,0,True,True
00355709,4,4,4,4,2,2,2,2,1.0,1.0,2,2,1.0,4,4,1.0,False,0,True,True
00355988,14,14,14,14,4,2,4,2,1.0,1.0,2,2,1.0,4,4,1.0,False,0,True,True
00356183,0,0,0,0,0,0,0,0,,,0,0,,0,0,,False,0,True,True
00356251,4,4,4,4,2,2,2,2,1.0,1.0,2,2,1.0,4,4,1.0,False,0,True,True
00356329,8,8,8,8,4,4,4,4,1.0,1.0,12,12,1.0,16,16,1.0,False,0,True,True
00356355,6,6,6,6,3,3,3,3,1.0,1.0,6,6,1.0,9,9,1.0,False,0,True,True
00356399,4,4,4,4,2,2,2,2,1.0,1.0,2,2,1.0,4,4,1.0,False,0,True,True
00356436,4,4,4,4,2,2,2,2,1.0,1.0,2,2,1.0,4,4,1.0,False,0,True,True
00356581,12,12,12,12,6,6,6,6,1.0,1.0,30,30,1.0,36,36,1.0,False,0,True,True
00356596,12,12,12,12,6,6,6,6,1.0,1.0,6,6,1.0,12,12,1.0,False,0,True,True
00356644,4,4,4,4,2,2,2,2,1.0,1.0,2,2,1.0,4,4,1.0,False,0,True,True
00356670,8,8,8,8,4,4,4,4,1.0,1.0,4,4,1.0,8,8,1.0,False,0,True,True
00356815,6,6,6,4,0,6,1,1,,0.16666666666666666,0,0,,0,0,,False,3,True,True
00356908,4,4,4,4,2,2,2,2,1.0,1.0,2,2,1.0,4,4,1.0,False,0,True,True
00356968,20,19,20,19,12,6,12,5,1.0,0.8333333333333334,15,15,1.0,18,18,1.0,False,1,True,True
00357042,6,6,6,6,3,3,3,3,1.0,1.0,6,6,1.0,9,9,1.0,False,0,True,True
00357129,5,5,5,5,2,2,2,2,1.0,1.0,2,2,1.0,4,4,1.0,False,0,True,True
00357171,4,4,4,4,2,1,2,2,1.0,2.0,1,1,1.0,2,2,1.0,False,0,True,True
00357185,5,6,5,4,5,0,1,0,0.2,,0,0,,0,0,,False,1,True,True
00357356,4,4,4,4,2,2,2,2,1.0,1.0,2,2,1.0,4,4,1.0,False,0,True,True
00357537,15,15,15,15,7,8,7,7,1.0,0.875,7,8,0.875,13,14,0.9285714285714286,False,0,True,True
00357674,4,4,4,4,2,2,2,2,1.0,1.0,2,2,1.0,4,4,1.0,False,0,True,True
00358097,4,4,4,4,2,2,2,2,1.0,1.0,2,2,1.0,4,4,1.0,False,0,True,True
00358335,0,0,0,0,0,0,0,0,,,0,0,,0,0,,False,0,True,True
00358571,0,0,0,0,0,0,0,0,,,0,0,,0,0,,False,0,True,True
00358648,0,0,0,0,0,0,0,0,,,0,0,,0,0,,False,0,True,True
00358741,8,8,8,8,4,2,4,2,1.0,1.0,7,7,1.0,9,9,1.0,False,0,True,True
00359058,7,7,7,7,3,3,3,3,1.0,1.0,2,2,1.0,5,5,1.0,False,0,True,True
00359093,16,16,16,16,8,8,8,8,1.0,1.0,24,24,1.0,32,32,1.0,False,0,True,True
00359094,16,16,16,16,8,8,8,8,1.0,1.0,24,24,1.0,32,32,1.0,False,0,True,True
00359099,8,8,8,8,4,2,4,2,1.0,1.0,7,7,1.0,8,8,1.0,False,0,True,True
00359105,6,6,6,6,3,3,3,3,1.0,1.0,6,6,1.0,9,9,1.0,False,0,True,True
00359117,4,4,4,4,2,2,2,2,1.0,1.0,2,2,1.0,4,4,1.0,False,0,True,True
00359129,6,6,6,6,3,3,3,3,1.0,1.0,6,6,1.0,9,9,1.0,False,0,True,True
00359133,6,6,6,6,2,2,2,2,1.0,1.0,2,2,1.0,4,4,1.0,False,0,True,True
00359148,4,4,4,4,2,2,2,2,1.0,1.0,2,2,1.0,4,4,1.0,False,0,True,True
00359158,11,13,11,13,5,4,5,5,1.0,1.25,4,7,0.5714285714285714,8,8,1.0,False,2,True,True
00359173,6,6,6,6,3,3,3,3,1.0,1.0,6,6,1.0,9,9,1.0,False,0,True,True
00359203,4,4,4,4,2,2,2,2,1.0,1.0,2,2,1.0,4,4,1.0,False,0,True,True
00359271,0,0,0,0,0,0,0,0,,,0,0,,0,0,,False,0,True,True
00359338,4,4,4,4,2,2,2,2,1.0,1.0,2,2,1.0,4,4,1.0,False,0,True,True
00359385,0,0,0,0,0,0,0,0,,,0,0,,0,0,,False,0,True,True
00359391,8,8,8,8,4,4,4,4,1.0,1.0,12,12,1.0,16,16,1.0,False,0,True,True
00359414,12,12,12,12,5,5,5,5,1.0,1.0,4,4,1.0,9,9,1.0,False,0,True,True
00359422,12,12,12,12,6,6,5,5,0.8333333333333334,0.8333333333333334,4,4,1.0,10,10,1.0,False,0,True,True
00359456,4,4,4,4,2,2,2,2,1.0,1.0,2,2,1.0,4,4,1.0,False,0,True,True
00359640,6,6,6,6,2,0,2,0,1.0,,3,3,1.0,0,0,,False,0,True,True
00359786,16,16,16,16,8,8,8,8,1.0,1.0,8,8,1.0,16,16,1.0,False,0,True,True
00359822,8,8,8,8,4,4,4,4,1.0,1.0,12,12,1.0,16,16,1.0,False,0,True,True
00359832,8,8,8,8,4,3,4,3,1.0,1.0,3,3,1.0,6,6,1.0,False,0,True,True
00359836,8,8,8,8,4,4,4,4,1.0,1.0,12,12,1.0,16,16,1.0,False,0,True,True
00359846,16,16,16,16,8,8,8,8,1.0,1.0,24,24,1.0,32,32,1.0,False,0,True,True
00359874,6,6,6,6,3,3,3,3,1.0,1.0,6,6,1.0,9,9,1.0,False,0,True,True
00359884,8,8,8,8,4,4,4,4,1.0,1.0,12,12,1.0,16,16,1.0,False,0,True,True
00359944,3,3,3,3,0,1,0,1,,1.0,0,0,,0,0,,False,0,True,True
00360103,8,8,8,8,4,4,4,4,1.0,1.0,12,12,1.0,16,16,1.0,False,0,True,True
00360139,22,22,22,22,10,10,10,9,1.0,0.9,8,8,1.0,17,18,0.9444444444444444,False,0,True,True
00360141,11,11,11,11,4,7,4,6,1.0,0.8571428571428571,6,9,0.6666666666666666,12,12,1.0,False,0,True,True
00360415,0,0,0,0,0,0,0,0,,,0,0,,0,0,,False,0,True,True
00360658,4,4,4,4,0,0,0,0,,,0,0,,0,0,,False,0,True,True
00360703,4,4,4,4,2,2,2,2,1.0,1.0,2,2,1.0,4,4,1.0,False,0,True,True
00360745,8,8,8,8,4,4,4,4,1.0,1.0,4,4,1.0,8,8,1.0,False,0,True,True
00360880,35,35,35,35,13,8,12,7,0.9230769230769231,0.875,3,24,0.125,23,26,0.8846153846153846,False,0,True,True
00361037,20,21,20,21,10,10,10,9,1.0,0.9,2,2,1.0,4,4,1.0,True,3,True,True
00361123,4,4,4,4,2,2,2,2,1.0,1.0,2,2,1.0,4,4,1.0,False,0,True,True
00361159,8,8,8,8,4,4,4,1,1.0,0.25,3,12,0.25,7,16,0.4375,False,0,True,True
00361171,32,32,32,32,8,8,12,12,1.5,1.5,7,12,0.5833333333333334,18,26,0.6923076923076923,False,0,True,True
00361175,6,6,6,6,3,3,3,2,1.0,0.6666666666666666,4,6,0.6666666666666666,6,9,0.6666666666666666,False,0,True,True
00361363,4,4,4,4,2,2,2,2,1.0,1.0,2,2,1.0,4,4,1.0,False,0,True,True
00361371,9,9,9,9,4,5,4,4,1.0,0.8,12,16,0.75,20,20,1.0,False,0,True,True
00361382,7,7,7,7,3,2,3,2,1.0,1.0,1,1,1.0,3,3,1.0,False,0,True,True
00361419,8,8,8,8,4,4,4,4,1.0,1.0,12,12,1.0,16,16,1.0,False,0,True,True
00361544,4,4,4,4,2,2,2,2,1.0,1.0,2,2,1.0,4,4,1.0,False,0,True,True
00361551,3,3,3,3,0,1,1,1,,1.0,0,0,,0,0,,False,0,True,True
00361568,8,8,8,8,4,4,4,4,1.0,1.0,12,12,1.0,16,16,1.0,False,0,True,True
00361572,6,6,6,6,3,2,3,2,1.0,1.0,4,4,1.0,6,6,1.0,False,0,True,True
00361673,0,0,0,0,0,0,0,0,,,0,0,,0,0,,False,0,True,True
00361848,0,0,0,0,0,0,0,0,,,0,0,,0,0,,False,0,True,True
00361947,20,20,20,20,2,2,2,4,1.0,2.0,2,10,0.2,4,4,1.0,False,0,True,True
00361954,4,4,4,4,2,2,2,2,1.0,1.0,2,2,1.0,4,4,1.0,False,0,True,True
00361958,25,25,25,25,8,9,4,14,0.5,1.5555555555555556,21,70,0.3,28,81,0.345679012345679,True,0,True,True
00361990,0,0,0,0,0,0,0,0,,,0,0,,0,0,,False,0,True,True
00362002,12,12,12,12,6,6,6,6,1.0,1.0,6,6,1.0,12,12,1.0,False,0,True,True
00362120,4,4,4,4,2,2,2,2,1.0,1.0,2,2,1.0,4,4,1.0,False,0,True,True
00362573,17,19,17,19,9,8,9,8,1.0,1.0,3,10,0.3,10,14,0.7142857142857143,False,2,True,True
00362952,2,2,2,2,2,0,2,0,1.0,,1,1,1.0,0,0,,False,0,True,True
00363273,16,16,16,16,10,6,10,6,1.0,1.0,30,30,1.0,36,36,1.0,False,0,True,True
00363552,6,6,6,6,2,0,2,0,1.0,,3,3,1.0,0,0,,False,0,True,True
00363627,4,4,4,4,2,2,2,2,1.0,1.0,2,2,1.0,4,4,1.0,False,0,True,True
00363755,8,8,8,8,4,4,4,4,1.0,1.0,12,12,1.0,16,16,1.0,False,0,True,True
00363811,8,8,8,8,4,4,4,4,1.0,1.0,12,12,1.0,16,16,1.0,False,0,True,True
00363973,0,0,0,0,0,0,0,0,,,0,0,,0,0,,False,0,True,True
00363974,0,0,0,0,0,0,0,0,,,0,0,,0,0,,False,0,True,True
00364020,0,0,0,0,0,0,0,0,,,0,0,,0,0,,False,0,True,True
00364031,8,8,8,8,4,4,4,4,1.0,1.0,4,4,1.0,8,8,1.0,False,0,True,True
00364157,8,8,8,8,4,4,4,4,1.0,1.0,4,4,1.0,8,8,1.0,False,0,True,True
00364570,0,0,0,0,0,0,0,0,,,0,0,,0,0,,False,0,True,True
00364694,10,10,10,10,5,5,5,5,1.0,1.0,8,8,1.0,13,13,1.0,False,0,True,True
00364798,0,0,0,0,0,0,0,0,,,0,0,,0,0,,False,0,True,True
00364911,0,0,0,0,0,0,0,0,,,0,0,,0,0,,False,0,True,True
00364969,4,4,4,4,2,2,2,2,1.0,1.0,2,2,1.0,4,4,1.0,False,0,True,True
00365223,16,16,16,16,6,10,6,9,1.0,0.9,7,8,0.875,12,12,1.0,False,0,True,True
00365228,8,8,8,8,4,4,4,4,1.0,1.0,12,12,1.0,16,16,1.0,False,0,True,True
00365529,28,28,28,28,14,14,14,14,1.0,1.0,14,14,1.0,28,28,1.0,False,0,True,True
00365675,5,6,5,6,1,3,1,3,1.0,1.0,0,0,,0,0,,False,1,True,True
00366030,4,4,4,4,2,2,2,2,1.0,1.0,2,2,1.0,4,4,1.0,False,0,True,True
00366129,29,0,29,30,15,10,0,0,0.0,0.0,0,0,,0,0,,False,0,True,False
00366331,8,8,8,8,4,2,4,2,1.0,1.0,7,7,1.0,8,8,1.0,False,0,True,True
00366367,8,8,8,8,4,4,4,4,1.0,1.0,12,12,1.0,16,16,1.0,False,0,True,True
00366462,4,4,4,4,2,2,2,2,1.0,1.0,2,2,1.0,4,4,1.0,False,0,True,True
00366615,0,0,0,0,0,0,0,0,,,0,0,,0,0,,False,0,True,True
00366633,8,8,8,8,4,4,4,4,1.0,1.0,4,4,1.0,8,8,1.0,False,0,True,True
00366817,0,0,0,0,0,0,0,0,,,0,0,,0,0,,False,0,True,True
00366820,8,8,8,8,4,4,4,4,1.0,1.0,12,12,1.0,16,16,1.0,False,0,True,True
00366841,0,0,0,0,0,0,0,0,,,0,0,,0,0,,False,0,True,True
00366872,0,0,0,0,0,0,0,0,,,0,0,,0,0,,False,0,True,True
00366902,5,5,5,5,1,2,1,2,1.0,1.0,1,1,1.0,2,2,1.0,False,0,True,True
00367053,5,5,5,5,2,2,2,2,1.0,1.0,2,2,1.0,4,4,1.0,False,0,True,True
00367072,4,4,4,4,2,2,2,2,1.0,1.0,2,2,1.0,4,4,1.0,False,0,True,True
00367665,0,0,0,0,0,0,0,0,,,0,0,,0,0,,False,0,True,True
00367687,6,6,6,6,2,0,2,0,1.0,,3,3,1.0,0,0,,False,0,True,True
00367823,4,4,4,4,2,2,2,2,1.0,1.0,2,2,1.0,4,4,1.0,False,0,True,True
00367911,9,9,9,9,4,1,4,1,1.0,1.0,6,6,1.0,4,4,1.0,False,0,True,True
00368241,4,4,4,4,2,2,2,2,1.0,1.0,2,2,1.0,4,4,1.0,False,0,True,True
00368394,36,36,36,36,18,18,17,18,0.9444444444444444,1.0,17,18,0.9444444444444444,34,36,0.9444444444444444,False,0,True,True
00368539,15,15,15,15,6,9,6,8,1.0,0.8888888888888888,11,13,0.8461538461538461,16,18,0.8888888888888888,False,0,True,True
00368540,15,15,15,15,6,9,6,8,1.0,0.8888888888888888,10,13,0.7692307692307693,16,18,0.8888888888888888,False,0,True,True
00368603,5,5,5,5,2,3,2,3,1.0,1.0,4,4,1.0,6,6,1.0,False,0,True,True
00368641,6,6,6,6,3,3,3,3,1.0,1.0,6,6,1.0,9,9,1.0,False,0,True,True
00368788,4,4,4,4,2,2,2,2,1.0,1.0,2,2,1.0,4,4,1.0,False,0,True,True
00368858,0,0,0,0,0,0,0,0,,,0,0,,0,0,,False,0,True,True
00368998,4,4,4,4,2,2,2,2,1.0,1.0,2,2,1.0,4,4,1.0,False,0,True,True
00369024,8,8,8,8,4,4,4,4,1.0,1.0,4,4,1.0,8,8,1.0,False,0,True,True
00369046,4,4,4,4,2,2,2,2,1.0,1.0,2,2,1.0,4,4,1.0,False,0,True,True
00369072,4,4,4,4,2,1,2,1,1.0,1.0,1,1,1.0,2,2,1.0,False,0,True,True
00369116,4,4,4,4,2,2,2,2,1.0,1.0,2,2,1.0,4,4,1.0,False,0,True,True
00369178,12,12,12,12,6,6,6,6,1.0,1.0,6,6,1.0,12,12,1.0,False,0,True,True
00369190,0,0,0,0,0,0,0,0,,,0,0,,0,0,,False,0,True,True
00369267,4,4,4,4,2,2,2,2,1.0,1.0,2,2,1.0,4,4,1.0,False,0,True,True
00369704,4,4,4,4,2,2,2,2,1.0,1.0,2,2,1.0,4,4,1.0,False,0,True,True
00369720,12,12,12,12,6,6,6,6,1.0,1.0,6,6,1.0,12,12,1.0,False,0,True,True
00369734,8,8,8,8,4,4,4,4,1.0,1.0,12,12,1.0,16,16,1.0,False,0,True,True
00369812,4,4,4,4,2,2,2,2,1.0,1.0,2,2,1.0,4,4,1.0,False,0,True,True
00369830,4,4,4,4,2,2,2,2,1.0,1.0,2,2,1.0,4,4,1.0,False,0,True,True
00369856,4,4,4,4,1,0,1,0,1.0,,1,1,1.0,0,0,,False,0,True,True
00369938,16,16,16,16,8,8,6,7,0.75,0.875,10,24,0.4166666666666667,14,32,0.4375,False,0,True,True
00369976,23,0,23,27,10,13,0,0,0.0,0.0,0,0,,0,0,,False,0,True,False
00370296,32,34,32,34,14,13,13,11,0.9285714285714286,0.8461538461538461,15,20,0.75,22,30,0.7333333333333333,False,1,True,True
00370442,16,16,16,16,8,8,8,8,1.0,1.0,56,56,1.0,64,64,1.0,False,0,True,True
00370730,5,5,5,5,3,2,3,2,1.0,1.0,4,4,1.0,6,6,1.0,False,0,True,True
00370802,5,5,5,5,2,2,2,2,1.0,1.0,2,2,1.0,4,4,1.0,False,0,True,True
00370817,5,5,5,5,2,2,2,2,1.0,1.0,2,2,1.0,4,4,1.0,False,0,True,True
00370991,6,6,6,6,4,2,4,2,1.0,1.0,2,2,1.0,4,4,1.0,False,0,True,True
00371115,32,32,32,32,16,16,15,16,0.9375,1.0,15,16,0.9375,30,32,0.9375,False,0,True,True
00371451,4,4,4,4,2,2,2,2,1.0,1.0,2,2,1.0,4,4,1.0,False,0,True,True
00371513,5,5,5,5,1,3,1,3,1.0,1.0,3,3,1.0,3,3,1.0,False,0,True,True
00371557,4,4,4,4,2,2,2,2,1.0,1.0,2,2,1.0,4,4,1.0,False,0,True,True
00371592,4,4,4,4,2,1,2,1,1.0,1.0,1,1,1.0,2,2,1.0,False,0,True,True
00371709,8,8,8,8,4,4,4,4,1.0,1.0,4,4,1.0,8,8,1.0,False,0,True,True
00372057,4,4,4,4,0,0,1,0,,,0,2,0.0,0,0,,False,0,True,True
00372113,8,8,8,8,4,4,4,4,1.0,1.0,4,4,1.0,8,8,1.0,False,0,True,True
00372281,12,12,12,12,6,6,6,6,1.0,1.0,6,6,1.0,12,12,1.0,False,0,True,True
00372518,6,6,6,6,2,4,2,4,1.0,1.0,7,7,1.0,8,8,1.0,False,0,True,True
00372633,30,30,30,30,14,16,12,13,0.8571428571428571,0.8125,12,25,0.48,29,36,0.8055555555555556,False,0,True,True
00372804,0,0,0,0,0,0,0,0,,,0,0,,0,0,,False,0,True,True
00372950,4,4,4,4,2,2,2,2,1.0,1.0,2,2,1.0,4,4,1.0,False,0,True,True
00372998,4,4,4,4,2,2,2,2,1.0,1.0,2,2,1.0,4,4,1.0,False,0,True,True
00373146,8,8,8,8,4,2,4,2,1.0,1.0,7,7,1.0,8,8,1.0,False,0,True,True
00373165,5,5,5,5,3,2,3,2,1.0,1.0,4,4,1.0,6,6,1.0,False,0,True,True
00373351,6,7,6,7,0,0,1,0,,,0,0,,0,0,,False,1,True,True
00373550,4,4,4,4,2,2,2,2,1.0,1.0,2,2,1.0,4,4,1.0,False,0,True,True
00374148,7,7,7,7,5,2,5,2,1.0,1.0,11,11,1.0,10,10,1.0,False,0,True,True
00374199,17,16,17,16,10,5,9,3,0.9,0.6,10,14,0.7142857142857143,12,16,0.75,False,1,True,True
00374201,8,8,8,8,4,4,4,4,1.0,1.0,4,4,1.0,8,8,1.0,False,0,True,True
00374273,14,15,14,15,4,4,5,4,1.25,1.0,4,4,1.0,8,8,1.0,False,1,True,True
00374663,12,12,12,12,6,6,6,6,1.0,1.0,6,6,1.0,12,12,1.0,False,0,True,True
00374765,8,9,8,9,4,0,5,2,1.25,,0,0,,0,0,,False,6,True,True
00374892,7,8,6,6,2,3,2,2,1.0,0.6666666666666666,0,0,,0,0,,False,1,True,True
00375296,15,15,15,15,7,0,6,0,0.8571428571428571,,6,9,0.6666666666666666,0,0,,False,0,True,True
00375328,18,21,18,20,8,10,6,8,0.75,0.8,4,4,1.0,6,6,1.0,False,3,True,True
00375556,22,22,22,22,10,8,9,8,0.9,1.0,4,9,0.4444444444444444,8,12,0.6666666666666666,False,2,True,True
00375626,5,5,5,5,3,2,3,2,1.0,1.0,4,4,1.0,6,6,1.0,False,0,True,True
00375802,6,6,6,6,3,3,3,3,1.0,1.0,6,6,1.0,9,9,1.0,False,0,True,True
00375857,4,4,4,4,2,2,2,2,1.0,1.0,2,2,1.0,4,4,1.0,False,0,True,True
00375887,0,0,0,0,0,0,0,0,,,0,0,,0,0,,False,0,True,True
00376038,4,4,4,4,2,2,2,2,1.0,1.0,2,2,1.0,4,4,1.0,False,0,True,True
00376130,12,12,12,12,6,6,6,6,1.0,1.0,6,6,1.0,12,12,1.0,False,0,True,True
00376274,4,4,4,4,2,2,2,2,1.0,1.0,1,1,1.0,2,2,1.0,False,0,True,True
00376541,0,0,0,0,0,0,0,0,,,0,0,,0,0,,False,0,True,True
00376613,24,24,24,24,12,12,12,12,1.0,1.0,20,20,1.0,32,32,1.0,False,0,True,True
00376629,5,5,5,5,2,2,2,2,1.0,1.0,2,2,1.0,4,4,1.0,False,0,True,True
00376706,10,10,10,10,5,2,5,2,1.0,1.0,4,4,1.0,5,5,1.0,False,0,True,True
00376788,4,4,4,4,2,2,2,2,1.0,1.0,2,2,1.0,4,4,1.0,False,0,True,True
00377187,0,0,0,0,0,0,0,0,,,0,0,,0,0,,False,0,True,True
00377676,6,6,6,6,4,2,4,2,1.0,1.0,7,7,1.0,8,8,1.0,False,0,True,True
00377725,8,7,8,7,4,4,3,4,0.75,1.0,0,0,,0,0,,False,1,True,True
00378185,8,8,8,8,4,4,4,4,1.0,1.0,12,12,1.0,16,16,1.0,False,0,True,True
00378356,20,20,20,20,10,10,10,9,1.0,0.9,9,10,0.9,18,20,0.9,False,0,True,True
00378357,4,4,4,4,2,2,2,2,1.0,1.0,2,2,1.0,4,4,1.0,False,0,True,True
00378401,4,4,4,4,2,2,2,2,1.0,1.0,2,2,1.0,4,4,1.0,False,0,True,True
00378535,4,4,4,4,2,2,2,2,1.0,1.0,2,2,1.0,4,4,1.0,False,0,True,True
00378626,4,4,4,4,2,2,2,2,1.0,1.0,2,2,1.0,4,4,1.0,False,0,True,True
00379117,4,4,4,4,2,2,2,2,1.0,1.0,2,2,1.0,4,4,1.0,False,0,True,True
00379127,4,4,4,4,2,2,2,2,1.0,1.0,2,2,1.0,4,4,1.0,False,0,True,True
00379233,2,2,2,2,0,0,0,0,,,0,0,,0,0,,False,0,True,True
00379362,8,8,8,8,4,4,4,4,1.0,1.0,12,12,1.0,16,16,1.0,False,0,True,True
00379407,4,5,4,2,2,2,0,0,0.0,0.0,0,0,,0,0,,False,1,True,True
00379437,4,4,4,4,2,2,2,2,1.0,1.0,2,2,1.0,4,4,1.0,False,0,True,True
00379459,36,36,36,36,16,20,15,13,0.9375,0.65,9,18,0.5,21,30,0.7,False,2,True,True
00379466,4,4,4,4,2,2,2,2,1.0,1.0,2,2,1.0,4,4,1.0,False,0,True,True
00379686,4,4,4,4,2,2,2,2,1.0,1.0,2,2,1.0,4,4,1.0,False,0,True,True
00379756,6,7,6,7,4,2,4,3,1.0,1.5,2,2,1.0,4,4,1.0,False,1,True,True
00379797,4,4,4,4,2,2,2,2,1.0,1.0,2,2,1.0,4,4,1.0,False,0,True,True
00379839,4,4,4,4,2,2,2,2,1.0,1.0,2,2,1.0,4,4,1.0,False,0,True,True
00379841,4,4,4,4,2,2,2,2,1.0,1.0,2,2,1.0,4,4,1.0,False,0,True,True
00380071,16,16,16,16,8,8,7,8,0.875,1.0,21,24,0.875,28,32,0.875,False,0,True,True
00380284,0,0,0,0,0,0,0,0,,,0,0,,0,0,,False,0,True,True
00380584,5,5,5,5,2,3,2,3,1.0,1.0,2,2,1.0,4,4,1.0,False,0,True,True
00380658,0,0,0,0,0,0,0,0,,,0,0,,0,0,,False,0,True,True
00380741,24,24,24,24,12,12,12,12,1.0,1.0,20,20,1.0,32,32,1.0,False,0,True,True
00380945,3,3,3,3,1,0,1,0,1.0,,0,0,,0,0,,False,0,True,True
00381507,0,0,0,0,0,0,0,0,,,0,0,,0,0,,False,0,True,True
00381605,7,7,7,7,0,3,1,3,,1.0,3,3,1.0,0,0,,False,0,True,True
00381705,0,0,0,0,0,0,0,0,,,0,0,,0,0,,False,0,True,True
00381706,2,3,2,1,0,2,0,1,,0.5,0,0,,0,0,,False,1,True,True
00381742,0,0,0,0,0,0,0,0,,,0,0,,0,0,,False,0,True,True
00381803,24,24,24,24,12,12,12,12,1.0,1.0,36,36,1.0,48,48,1.0,False,0,True,True
00381805,8,8,8,8,2,2,2,2,1.0,1.0,4,4,1.0,8,8,1.0,False,0,True,True
00381863,0,0,0,0,0,0,0,0,,,0,0,,0,0,,False,0,True,True
00381906,0,0,0,0,0,0,0,0,,,0,0,,0,0,,False,0,True,True
00382027,0,0,0,0,0,0,0,0,,,0,0,,0,0,,False,0,True,True
00382092,4,4,4,4,2,2,2,2,1.0,1.0,2,2,1.0,4,4,1.0,False,0,True,True
00382136,0,0,0,0,0,0,0,0,,,0,0,,0,0,,False,0,True,True
00382246,0,0,0,0,0,0,0,0,,,0,0,,0,0,,False,0,True,True
00382275,0,0,0,0,0,0,0,0,,,0,0,,0,0,,False,0,True,True
00382346,4,4,4,4,2,2,2,2,1.0,1.0,2,2,1.0,4,4,1.0,False,0,True,True
00382400,6,6,6,6,2,2,2,2,1.0,1.0,2,2,1.0,4,4,1.0,False,0,True,True
00382408,8,9,8,8,2,3,2,3,1.0,1.0,2,2,1.0,4,4,1.0,False,1,True,True
00382747,8,8,8,8,4,4,4,4,1.0,1.0,4,4,1.0,8,8,1.0,False,0,True,True
00382944,0,0,0,0,0,0,0,0,,,0,0,,0,0,,False,0,True,True
00383538,20,22,20,22,10,10,8,9,0.8,0.9,2,6,0.3333333333333333,11,14,0.7857142857142857,False,2,True,True
00383937,13,12,13,12,6,6,7,2,1.1666666666666667,0.3333333333333333,0,0,,0,0,,False,1,True,True
00384000,4,4,4,4,2,2,2,2,1.0,1.0,2,2,1.0,4,4,1.0,False,0,True,True
00384083,0,0,0,0,0,0,0,0,,,0,0,,0,0,,False,0,True,True
00384131,4,4,4,4,2,2,2,2,1.0,1.0,2,2,1.0,4,4,1.0,False,0,True,True
00384208,0,0,0,0,0,0,0,0,,,0,0,,0,0,,False,0,True,True
00384222,32,32,32,32,16,16,16,16,1.0,1.0,16,16,1.0,32,32,1.0,False,0,True,True
00384448,4,4,4,4,2,2,2,2,1.0,1.0,2,2,1.0,4,4,1.0,False,0,True,True
00384517,6,6,6,6,2,3,3,2,1.5,0.6666666666666666,2,4,0.5,4,6,0.6666666666666666,False,0,True,True
00384531,7,7,7,7,4,3,4,3,1.0,1.0,9,9,1.0,12,12,1.0,False,0,True,True
00384541,6,6,6,6,3,3,3,3,1.0,1.0,6,6,1.0,9,9,1.0,False,0,True,True
00385112,4,4,4,4,2,2,2,2,1.0,1.0,2,2,1.0,4,4,1.0,False,0,True,True
00385142,6,6,6,6,3,3,3,3,1.0,1.0,2,2,1.0,5,5,1.0,False,0,True,True
00385241,3,4,3,3,3,0,3,0,1.0,,0,0,,0,0,,False,1,True,True
00385319,8,8,8,8,4,4,4,4,1.0,1.0,4,4,1.0,8,8,1.0,False,0,True,True
00385476,8,8,8,8,2,2,2,2,1.0,1.0,4,4,1.0,8,8,1.0,False,0,True,True
00385525,4,4,4,4,2,2,2,2,1.0,1.0,2,2,1.0,4,4,1.0,False,0,True,True
00385693,8,8,8,8,4,4,4,4,1.0,1.0,12,12,1.0,16,16,1.0,False,0,True,True
00385701,0,0,0,0,0,0,0,0,,,0,0,,0,0,,False,0,True,True
00385726,4,4,4,4,2,2,2,2,1.0,1.0,2,2,1.0,4,4,1.0,False,0,True,True
00385804,0,0,0,0,0,0,0,0,,,0,0,,0,0,,False,0,True,True
00385923,4,4,4,4,2,2,2,2,1.0,1.0,2,2,1.0,4,4,1.0,False,0,True,True
00386227,8,8,8,8,4,4,4,4,1.0,1.0,12,12,1.0,16,16,1.0,False,0,True,True
00386307,4,4,4,4,2,2,2,2,1.0,1.0,2,2,1.0,4,4,1.0,False,0,True,True
00386530,0,0,0,0,0,0,0,0,,,0,0,,0,0,,False,0,True,True
00386810,2,2,2,2,0,2,0,2,,1.0,1,1,1.0,0,0,,False,0,True,True
00386883,14,14,14,14,8,6,8,6,1.0,1.0,11,11,1.0,16,16,1.0,False,0,True,True
00387042,38,36,38,36,17,14,10,12,0.5882352941176471,0.8571428571428571,5,14,0.35714285714285715,16,29,0.5517241379310345,True,3,True,True
00387059,0,0,0,0,0,0,0,0,,,0,0,,0,0,,False,0,True,True
00387287,21,21,21,21,11,10,11,10,1.0,1.0,12,12,1.0,22,22,1.0,False,0,True,True
00387289,12,12,12,12,6,6,6,6,1.0,1.0,6,6,1.0,12,12,1.0,False,0,True,True
00387350,4,4,4,4,2,2,2,2,1.0,1.0,2,2,1.0,4,4,1.0,False,0,True,True
00387371,16,21,16,21,4,8,7,6,1.75,0.75,0,0,,0,0,,False,2,True,True
00387441,24,24,24,24,12,12,12,12,1.0,1.0,20,20,1.0,32,32,1.0,False,0,True,True
00387488,2,2,2,2,2,0,2,0,1.0,,1,1,1.0,0,0,,False,0,True,True
00387509,4,4,4,4,2,2,2,2,1.0,1.0,2,2,1.0,4,4,1.0,False,0,True,True
00387732,0,0,0,0,0,0,0,0,,,0,0,,0,0,,False,0,True,True
00388168,4,4,4,4,2,2,2,2,1.0,1.0,2,2,1.0,4,4,1.0,False,0,True,True
00388261,4,4,4,4,2,2,2,2,1.0,1.0,2,2,1.0,4,4,1.0,False,0,True,True
00388341,21,22,21,22,7,10,9,10,1.2857142857142858,1.0,6,6,1.0,12,12,1.0,False,1,True,True
00388568,0,0,0,0,0,0,0,0,,,0,0,,0,0,,False,0,True,True
00388569,0,0,0,0,0,0,0,0,,,0,0,,0,0,,False,0,True,True
00388674,0,0,0,0,0,0,0,0,,,0,0,,0,0,,False,0,True,True
00388715,8,8,8,8,4,4,4,4,1.0,1.0,4,4,1.0,8,8,1.0,False,0,True,True
00388799,8,8,8,8,4,4,4,4,1.0,1.0,4,4,1.0,8,8,1.0,False,0,True,True
00388964,0,0,0,0,0,0,0,0,,,0,0,,0,0,,False,0,True,True
00389135,0,0,0,0,0,0,0,0,,,0,0,,0,0,,False,0,True,True
00389338,2,2,2,2,0,0,1,0,,,0,0,,0,0,,False,0,True,True
00389418,7,7,7,7,3,4,3,4,1.0,1.0,3,3,1.0,6,6,1.0,False,0,True,True
00389426,16,16,16,16,8,8,8,8,1.0,1.0,8,8,1.0,16,16,1.0,False,0,True,True
00389453,16,24,16,24,0,0,8,7,,,0,0,,0,0,,False,4,True,True
00389490,4,4,4,4,2,2,2,2,1.0,1.0,2,2,1.0,4,4,1.0,False,0,True,True
00389600,6,6,6,6,4,2,4,2,1.0,1.0,2,2,1.0,4,4,1.0,False,0,True,True
00389727,13,13,13,13,7,6,7,6,1.0,1.0,8,8,1.0,14,14,1.0,False,0,True,True
00389742,4,4,4,4,2,2,2,2,1.0,1.0,2,2,1.0,4,4,1.0,False,0,True,True
00389761,2,2,2,2,0,2,0,2,,1.0,1,1,1.0,0,0,,False,0,True,True
00389765,28,28,28,28,14,14,14,14,1.0,1.0,14,14,1.0,28,28,1.0,False,0,True,True
00389801,16,16,16,16,8,8,7,8,0.875,1.0,13,16,0.8125,24,24,1.0,False,0,True,True
00390273,4,4,4,4,2,2,2,2,1.0,1.0,2,2,1.0,4,4,1.0,False,0,True,True
00390281,12,12,12,12,3,5,5,6,1.6666666666666667,1.2,3,3,1.0,6,6,1.0,False,0,True,True
00390339,12,12,12,12,6,6,6,6,1.0,1.0,14,14,1.0,20,20,1.0,False,0,True,True
00390435,0,0,0,0,0,0,0,0,,,0,0,,0,0,,False,0,True,True
00390446,6,6,6,6,2,4,2,4,1.0,1.0,7,7,1.0,8,8,1.0,False,0,True,True
00390625,0,0,0,0,0,0,0,0,,,0,0,,0,0,,False,0,True,True
00390881,1,1,1,1,1,0,1,0,1.0,,0,0,,0,0,,False,0,True,True
00390891,0,0,0,0,0,0,0,0,,,0,0,,0,0,,False,0,True,True
00391239,16,16,16,16,4,4,6,6,1.5,1.5,4,4,1.0,1,4,0.25,False,0,True,True
00391264,4,4,4,4,2,2,2,2,1.0,1.0,2,2,1.0,4,4,1.0,False,0,True,True
00391339,28,28,28,28,14,14,12,12,0.8571428571428571,0.8571428571428571,13,20,0.65,30,34,0.8823529411764706,False,0,True,True
00391391,4,4,4,4,2,2,2,2,1.0,1.0,2,2,1.0,4,4,1.0,False,0,True,True
00391410,8,8,8,8,4,4,4,4,1.0,1.0,4,4,1.0,8,8,1.0,False,0,True,True
00391466,3,3,3,3,2,1,2,1,1.0,1.0,1,1,1.0,2,2,1.0,False,0,True,True
00391552,4,4,4,4,2,2,2,2,1.0,1.0,2,2,1.0,4,4,1.0,False,0,True,True
00391576,0,0,0,0,0,0,0,0,,,0,0,,0,0,,False,0,True,True
00391777,4,4,4,4,2,2,2,2,1.0,1.0,2,2,1.0,4,4,1.0,False,0,True,True
00391783,3,3,3,3,1,1,1,1,1.0,1.0,0,0,,1,1,1.0,False,0,True,True
00391788,0,0,0,0,0,0,0,0,,,0,0,,0,0,,False,0,True,True
00392274,0,0,0,0,0,0,0,0,,,0,0,,0,0,,False,0,True,True
00392592,4,4,4,4,2,2,2,2,1.0,1.0,2,2,1.0,4,4,1.0,False,0,True,True
00392613,4,4,4,4,2,2,2,2,1.0,1.0,2,2,1.0,4,4,1.0,False,0,True,True
00392761,12,12,12,12,6,6,6,5,1.0,0.8333333333333334,25,30,0.8333333333333334,30,36,0.8333333333333334,False,0,True,True
00392891,10,10,10,10,2,8,1,8,0.5,1.0,8,9,0.8888888888888888,4,8,0.5,False,0,True,True
00392919,4,4,4,4,2,2,2,2,1.0,1.0,2,2,1.0,4,4,1.0,False,0,True,True
00392973,12,12,12,12,6,6,6,6,1.0,1.0,14,14,1.0,20,20,1.0,False,0,True,True
00392998,4,4,4,4,2,2,2,2,1.0,1.0,2,2,1.0,4,4,1.0,False,0,True,True
00393000,4,4,4,4,2,2,2,2,1.0,1.0,2,2,1.0,4,4,1.0,False,0,True,True
00393006,4,4,4,4,2,2,2,2,1.0,1.0,2,2,1.0,4,4,1.0,False,0,True,True
00393166,4,4,4,4,2,2,2,2,1.0,1.0,2,2,1.0,4,4,1.0,False,0,True,True
00393768,10,10,10,10,4,6,4,6,1.0,1.0,21,21,1.0,24,24,1.0,False,0,True,True
00394092,0,0,0,0,0,0,0,0,,,0,0,,0,0,,False,0,True,True
00394288,17,19,17,19,6,10,7,9,1.1666666666666667,0.9,3,4,0.75,8,8,1.0,False,1,True,True
00394372,10,10,10,10,6,4,6,4,1.0,1.0,9,9,1.0,12,12,1.0,False,0,True,True
00394554,0,0,0,0,0,0,0,0,,,0,0,,0,0,,False,0,True,True
00394587,4,4,4,4,2,2,2,2,1.0,1.0,2,2,1.0,4,4,1.0,False,0,True,True
00394620,0,0,0,0,0,0,0,0,,,0,0,,0,0,,False,0,True,True
00394660,4,4,4,4,2,2,2,2,1.0,1.0,2,2,1.0,4,4,1.0,False,0,True,True
00394929,0,0,0,0,0,0,0,0,,,0,0,,0,0,,False,0,True,True
00395049,8,8,8,8,4,4,4,4,1.0,1.0,4,4,1.0,8,8,1.0,False,0,True,True
00395051,4,4,4,4,2,2,2,2,1.0,1.0,2,2,1.0,4,4,1.0,False,0,True,True
00395160,0,0,0,0,0,0,0,0,,,0,0,,0,0,,False,0,True,True
00395231,4,4,4,4,2,2,2,2,1.0,1.0,2,2,1.0,4,4,1.0,False,0,True,True
00395312,4,4,4,4,2,2,2,2,1.0,1.0,2,2,1.0,4,4,1.0,False,0,True,True
00395399,4,4,4,4,2,2,2,2,1.0,1.0,2,2,1.0,4,4,1.0,False,0,True,True
00395475,4,4,4,4,2,2,2,2,1.0,1.0,2,2,1.0,4,4,1.0,False,0,True,True
00395818,0,0,0,0,0,0,0,0,,,0,0,,0,0,,False,0,True,True
00395949,0,1,0,1,0,0,1,0,,,0,0,,0,0,,True,1,True,True
00396068,8,8,8,8,4,4,4,4,1.0,1.0,12,12,1.0,16,16,1.0,False,0,True,True
00396073,12,12,12,12,6,6,4,3,0.6666666666666666,0.5,6,30,0.2,20,36,0.5555555555555556,False,0,True,True
00396075,12,12,12,12,6,6,5,2,0.8333333333333334,0.3333333333333333,5,30,0.16666666666666666,30,36,0.8333333333333334,False,0,True,True
00396404,4,4,4,4,2,2,2,2,1.0,1.0,2,2,1.0,4,4,1.0,False,0,True,True
00396633,12,12,12,12,6,6,6,6,1.0,1.0,14,14,1.0,20,20,1.0,False,0,True,True
00396669,8,8,8,8,4,4,4,4,1.0,1.0,4,4,1.0,8,8,1.0,False,0,True,True
00396694,15,15,15,15,9,5,9,6,1.0,1.2,14,14,1.0,13,13,1.0,False,0,True,True
00396768,4,4,4,4,2,2,2,2,1.0,1.0,2,2,1.0,4,4,1.0,False,0,True,True
00396775,8,8,8,8,4,4,4,4,1.0,1.0,4,4,1.0,8,8,1.0,False,0,True,True
00396784,0,0,0,0,0,0,0,0,,,0,0,,0,0,,False,0,True,True
00396800,0,0,0,0,0,0,0,0,,,0,0,,0,0,,False,0,True,True
00396913,8,8,8,8,4,4,3,4,0.75,1.0,3,4,0.75,6,8,0.75,False,0,True,True
00396937,0,0,0,0,0,0,0,0,,,0,0,,0,0,,False,0,True,True
00396939,0,0,0,0,0,0,0,0,,,0,0,,0,0,,False,0,True,True
00397237,0,0,0,0,0,0,0,0,,,0,0,,0,0,,False,0,True,True
00397261,4,4,4,4,2,2,2,2,1.0,1.0,2,2,1.0,4,4,1.0,False,0,True,True
00397272,0,0,0,0,0,0,0,0,,,0,0,,0,0,,False,0,True,True
00398005,8,8,8,8,4,4,4,4,1.0,1.0,4,4,1.0,8,8,1.0,False,0,True,True
00398023,20,20,20,20,10,10,10,10,1.0,1.0,10,10,1.0,20,20,1.0,False,0,True,True
00398183,4,4,4,4,2,2,2,2,1.0,1.0,2,2,1.0,4,4,1.0,False,0,True,True
00398357,0,0,0,0,0,0,0,0,,,0,0,,0,0,,False,0,True,True
00398470,0,0,0,0,0,0,0,0,,,0,0,,0,0,,False,0,True,True
00398661,8,8,8,8,4,4,4,4,1.0,1.0,4,4,1.0,8,8,1.0,False,0,True,True
00398688,36,36,36,36,18,18,18,18,1.0,1.0,18,18,1.0,36,36,1.0,False,0,True,True
00398793,12,12,12,12,6,6,6,6,1.0,1.0,30,30,1.0,36,36,1.0,False,0,True,True
00398974,4,4,4,4,2,2,2,2,1.0,1.0,2,2,1.0,4,4,1.0,False,0,True,True
00399207,9,9,9,9,4,3,4,3,1.0,1.0,3,3,1.0,6,6,1.0,False,0,True,True
00399233,0,0,0,0,0,0,0,0,,,0,0,,0,0,,False,0,True,True
00399241,10,9,10,9,4,6,3,6,0.75,1.0,0,0,,0,0,,False,1,True,True
00399603,4,4,4,4,2,2,2,2,1.0,1.0,2,2,1.0,4,4,1.0,False,0,True,True
00399722,4,4,4,4,2,2,2,2,1.0,1.0,2,2,1.0,4,4,1.0,False,0,True,True
00399723,4,4,4,4,2,2,2,2,1.0,1.0,2,2,1.0,4,4,1.0,False,0,True,True
00399871,0,0,0,0,0,0,0,0,,,0,0,,0,0,,False,0,True,True
00399913,0,0,0,0,0,0,0,0,,,0,0,,0,0,,False,0,True,True
00400200,4,4,4,4,2,2,2,2,1.0,1.0,2,2,1.0,4,4,1.0,False,0,True,True
00400286,4,4,4,4,2,2,2,2,1.0,1.0,2,2,1.0,4,4,1.0,False,0,True,True
00400311,4,4,4,4,2,2,2,2,1.0,1.0,2,2,1.0,4,4,1.0,False,0,True,True
00400479,4,4,4,4,2,2,2,2,1.0,1.0,2,2,1.0,4,4,1.0,False,0,True,True
00400672,5,5,5,5,3,2,2,2,0.6666666666666666,1.0,2,4,0.5,6,6,1.0,False,0,True,True
00400733,12,12,12,12,6,6,6,6,1.0,1.0,14,14,1.0,20,20,1.0,False,0,True,True
00400889,0,0,0,0,0,0,0,0,,,0,0,,0,0,,False,0,True,True
00400958,4,4,4,4,2,2,2,2,1.0,1.0,2,2,1.0,4,4,1.0,False,0,True,True
00401318,8,8,8,8,2,2,2,2,1.0,1.0,4,4,1.0,8,8,1.0,False,0,True,True
00401367,4,4,4,4,2,2,2,2,1.0,1.0,2,2,1.0,4,4,1.0,False,0,True,True
00401465,0,0,0,0,0,0,0,0,,,0,0,,0,0,,False,0,True,True
00401580,8,8,8,8,4,4,4,4,1.0,1.0,12,12,1.0,16,16,1.0,False,0,True,True
00401648,0,0,0,0,0,0,0,0,,,0,0,,0,0,,False,0,True,True
00401658,4,4,4,4,2,2,2,2,1.0,1.0,2,2,1.0,4,4,1.0,False,0,True,True
00401927,4,4,4,4,2,2,2,2,1.0,1.0,2,2,1.0,4,4,1.0,False,0,True,True
00402019,0,0,0,0,0,0,0,0,,,0,0,,0,0,,False,0,True,True
00402215,4,4,4,4,2,2,2,2,1.0,1.0,2,2,1.0,4,4,1.0,False,0,True,True
00402364,4,4,4,4,2,2,2,2,1.0,1.0,2,2,1.0,4,4,1.0,False,0,True,True
00402625,4,4,4,4,2,2,2,2,1.0,1.0,2,2,1.0,4,4,1.0,False,0,True,True
00402733,13,13,13,13,2,2,4,3,2.0,1.5,3,5,0.6,4,4,1.0,False,0,True,True
00402853,8,8,8,8,4,4,4,4,1.0,1.0,4,4,1.0,8,8,1.0,False,0,True,True
00402859,8,8,8,8,4,4,4,4,1.0,1.0,4,4,1.0,8,8,1.0,False,0,True,True
00403211,4,4,4,4,2,2,2,2,1.0,1.0,2,2,1.0,4,4,1.0,False,0,True,True
00403274,28,35,28,35,14,14,11,15,0.7857142857142857,1.0714285714285714,3,4,0.75,6,8,0.75,False,7,True,True
00403280,6,6,6,6,3,2,3,2,1.0,1.0,4,4,1.0,6,6,1.0,False,0,True,True
00403396,0,0,0,0,0,0,0,0,,,0,0,,0,0,,False,0,True,True
00403478,5,8,5,8,3,2,4,4,1.3333333333333333,2.0,2,2,1.0,4,4,1.0,False,1,True,True
00403544,10,10,10,10,6,2,6,3,1.0,1.5,3,3,1.0,4,4,1.0,False,0,True,True
00404155,4,4,4,4,2,2,2,2,1.0,1.0,2,2,1.0,4,4,1.0,False,0,True,True
00404317,4,4,4,4,2,2,2,2,1.0,1.0,2,2,1.0,4,4,1.0,False,0,True,True
00404442,8,8,8,8,4,4,4,4,1.0,1.0,12,12,1.0,16,16,1.0,False,0,True,True
00404483,8,8,8,8,4,4,4,4,1.0,1.0,12,12,1.0,16,16,1.0,False,0,True,True
00404513,4,4,4,4,2,2,2,2,1.0,1.0,2,2,1.0,4,4,1.0,False,0,True,True
00404569,16,16,16,16,6,7,6,7,1.0,1.0,6,7,0.8571428571428571,12,12,1.0,False,0,True,True
00405009,4,4,4,4,2,2,2,2,1.0,1.0,2,2,1.0,4,4,1.0,False,0,True,True
00405301,10,10,10,10,4,4,4,5,1.0,1.25,12,12,1.0,16,16,1.0,False,0,True,True
00405413,0,0,0,0,0,0,0,0,,,0,0,,0,0,,False,0,True,True
00405485,20,20,20,20,10,10,9,7,0.9,0.7,10,24,0.4166666666666667,21,34,0.6176470588235294,False,0,True,True
00405517,8,8,8,8,4,4,4,4,1.0,1.0,12,12,1.0,16,16,1.0,False,0,True,True
00405731,20,20,20,20,10,10,10,10,1.0,1.0,10,10,1.0,20,20,1.0,False,0,True,True
00405758,0,0,0,0,0,0,0,0,,,0,0,,0,0,,False,0,True,True
00406104,4,4,4,4,2,2,2,2,1.0,1.0,2,2,1.0,4,4,1.0,False,0,True,True
00406637,12,12,12,12,6,6,6,6,1.0,1.0,6,6,1.0,12,12,1.0,False,0,True,True
00406716,12,12,12,12,6,6,6,6,1.0,1.0,30,30,1.0,36,36,1.0,False,0,True,True
00406766,8,8,8,8,4,4,4,4,1.0,1.0,4,4,1.0,8,8,1.0,False,0,True,True
00406876,4,4,4,4,2,2,2,2,1.0,1.0,2,2,1.0,4,4,1.0,False,0,True,True
00406977,16,16,16,16,7,9,5,5,0.7142857142857143,0.5555555555555556,10,43,0.23255813953488372,19,49,0.3877551020408163,False,0,True,True
00407264,20,20,20,20,0,5,1,2,,0.4,0,0,,0,1,0.0,False,0,True,True
00407412,4,4,4,4,2,2,2,2,1.0,1.0,2,2,1.0,4,4,1.0,False,0,True,True
00407463,0,0,0,0,0,0,0,0,,,0,0,,0,0,,False,0,True,True
00408096,4,4,4,4,2,2,2,2,1.0,1.0,2,2,1.0,4,4,1.0,False,0,True,True
00408167,3,3,3,3,0,0,0,0,,,0,0,,0,0,,False,0,True,True
00408210,28,28,28,28,12,16,11,15,0.9166666666666666,0.9375,17,21,0.8095238095238095,30,32,0.9375,False,0,True,True
00408312,8,8,8,8,4,4,3,3,0.75,0.75,6,12,0.5,13,16,0.8125,False,0,True,True
00408724,0,0,0,0,0,0,0,0,,,0,0,,0,0,,False,0,True,True
00408849,0,0,0,0,0,0,0,0,,,0,0,,0,0,,False,0,True,True
00409477,4,4,4,4,2,2,2,2,1.0,1.0,2,2,1.0,4,4,1.0,False,0,True,True
00409751,24,24,24,24,12,12,12,11,1.0,0.9166666666666666,11,12,0.9166666666666666,22,24,0.9166666666666666,False,0,True,True
00409941,3,3,3,3,1,2,1,2,1.0,1.0,1,1,1.0,2,2,1.0,False,0,True,True
00409992,10,10,10,10,6,4,6,4,1.0,1.0,21,21,1.0,24,24,1.0,False,0,True,True
00410256,4,4,4,4,2,2,2,2,1.0,1.0,2,2,1.0,4,4,1.0,False,0,True,True
00410456,4,4,4,4,2,2,2,2,1.0,1.0,2,2,1.0,4,4,1.0,False,0,True,True
00410461,20,20,20,20,10,10,10,10,1.0,1.0,10,10,1.0,20,20,1.0,False,0,True,True
00410476,19,19,19,19,0,5,0,4,,0.8,1,2,0.5,4,7,0.5714285714285714,False,0,True,True
00410588,4,4,4,4,2,2,2,2,1.0,1.0,2,2,1.0,4,4,1.0,False,0,True,True
00410674,14,14,14,14,8,6,8,6,1.0,1.0,43,43,1.0,48,48,1.0,False,0,True,True
00410721,25,27,25,27,16,9,8,10,0.5,1.1111111111111112,3,12,0.25,9,18,0.5,False,2,True,True
00410761,16,16,16,16,8,8,8,8,1.0,1.0,8,8,1.0,16,16,1.0,False,0,True,True
00410883,24,24,24,24,12,12,12,12,1.0,1.0,12,12,1.0,24,24,1.0,False,0,True,True
00410954,6,6,6,6,4,0,4,0,1.0,,6,6,1.0,0,0,,False,0,True,True
00411252,4,4,4,4,2,2,2,2,1.0,1.0,2,2,1.0,4,4,1.0,False,0,True,True
00411382,0,0,0,0,0,0,0,0,,,0,0,,0,0,,False,0,True,True
00411527,12,12,12,12,6,6,6,6,1.0,1.0,6,6,1.0,12,12,1.0,False,0,True,True
00411533,4,4,4,4,2,2,2,2,1.0,1.0,2,2,1.0,4,4,1.0,False,0,True,True
00411556,0,0,0,0,0,0,0,0,,,0,0,,0,0,,False,0,True,True
00411574,3,3,3,3,1,2,1,2,1.0,1.0,1,1,1.0,2,2,1.0,False,0,True,True
00411666,2,2,2,2,0,2,0,2,,1.0,1,1,1.0,0,0,,False,0,True,True
00411684,0,0,0,0,0,0,0,0,,,0,0,,0,0,,False,0,True,True
00411797,6,8,6,7,2,3,5,1,2.5,0.3333333333333333,1,2,0.5,2,4,0.5,False,1,True,True
00411895,28,28,28,28,14,14,11,14,0.7857142857142857,1.0,16,22,0.7272727272727273,26,36,0.7222222222222222,False,0,True,True
00411901,16,16,16,16,8,8,8,8,1.0,1.0,16,16,1.0,24,24,1.0,False,0,True,True
00411903,16,16,16,16,8,8,8,8,1.0,1.0,8,8,1.0,16,16,1.0,False,0,True,True
00411995,8,8,8,8,4,4,4,4,1.0,1.0,12,12,1.0,16,16,1.0,False,0,True,True
00412047,4,4,4,4,2,2,2,2,1.0,1.0,2,2,1.0,4,4,1.0,False,0,True,True
00412086,12,12,12,11,8,4,6,4,0.75,1.0,8,14,0.5714285714285714,14,16,0.875,False,0,True,True
00412137,6,6,6,6,2,0,2,0,1.0,,3,3,1.0,0,0,,False,0,True,True
00412172,24,24,24,24,12,12,12,12,1.0,1.0,20,20,1.0,32,32,1.0,False,0,True,True
00412254,24,24,24,24,12,12,12,12,1.0,1.0,20,20,1.0,32,32,1.0,False,0,True,True
00412279,13,13,13,13,5,6,7,5,1.4,0.8333333333333334,20,25,0.8,25,30,0.8333333333333334,False,0,True,True
00412425,0,0,0,0,0,0,0,0,,,0,0,,0,0,,False,0,True,True
00412533,6,6,6,6,0,2,0,2,,1.0,3,3,1.0,0,0,,False,0,True,True
00412872,6,6,6,6,2,0,2,0,1.0,,3,3,1.0,0,0,,False,0,True,True
00413092,24,24,24,24,12,12,12,12,1.0,1.0,36,36,1.0,48,48,1.0,False,0,True,True
00413151,0,0,0,0,0,0,0,0,,,0,0,,0,0,,False,0,True,True
00413164,0,0,0,0,0,0,0,0,,,0,0,,0,0,,False,0,True,True
00413192,20,22,20,21,12,6,9,6,0.75,1.0,1,1,1.0,2,2,1.0,True,2,True,True
00413643,4,4,4,4,2,2,2,2,1.0,1.0,2,2,1.0,4,4,1.0,False,0,True,True
00413740,0,0,0,0,0,0,0,0,,,0,0,,0,0,,False,0,True,True
00413796,14,14,14,14,8,6,4,3,0.5,0.5,9,43,0.20930232558139536,40,48,0.8333333333333334,False,0,True,True
00414055,9,9,9,9,4,5,4,5,1.0,1.0,6,6,1.0,10,10,1.0,False,0,True,True
00414289,4,4,4,4,2,2,2,2,1.0,1.0,2,2,1.0,4,4,1.0,False,0,True,True
00414566,4,4,4,4,2,2,2,2,1.0,1.0,2,2,1.0,4,4,1.0,False,0,True,True
00414704,8,8,8,8,2,2,2,2,1.0,1.0,4,4,1.0,8,8,1.0,False,0,True,True
00415052,4,4,4,4,2,2,2,2,1.0,1.0,2,2,1.0,4,4,1.0,False,0,True,True
00415721,8,8,8,8,4,4,4,4,1.0,1.0,12,12,1.0,16,16,1.0,False,0,True,True
00415795,0,0,0,0,0,0,0,0,,,0,0,,0,0,,False,0,True,True
00415865,6,0,6,0,0,0,0,0,,,0,0,,0,0,,False,3,True,True
00416071,0,0,0,0,0,0,0,0,,,0,0,,0,0,,False,0,True,True
00416358,8,8,8,8,4,4,4,4,1.0,1.0,12,12,1.0,16,16,1.0,False,0,True,True
00416460,0,0,0,0,0,0,0,0,,,0,0,,0,0,,False,0,True,True
00416967,38,0,38,41,16,22,0,0,0.0,0.0,0,0,,0,0,,False,0,True,False
00417142,8,8,8,8,4,4,4,4,1.0,1.0,12,12,1.0,16,16,1.0,False,0,True,True
00417145,8,8,8,8,4,4,4,4,1.0,1.0,12,12,1.0,16,16,1.0,False,0,True,True
00417177,16,16,16,16,9,7,4,5,0.4444444444444444,0.7142857142857143,6,57,0.10526315789473684,19,63,0.30158730158730157,False,0,True,True
00417243,40,39,40,39,22,18,18,16,0.8181818181818182,0.8888888888888888,29,42,0.6904761904761905,48,48,1.0,False,1,True,True
00417409,0,0,0,0,0,0,0,0,,,0,0,,0,0,,False,0,True,True
00417437,12,12,12,12,0,4,1,3,,0.75,1,2,0.5,0,0,,False,0,True,True
00417580,8,8,8,8,4,4,4,4,1.0,1.0,4,4,1.0,8,8,1.0,False,0,True,True
00417918,0,0,0,0,0,0,0,0,,,0,0,,0,0,,False,0,True,True
00418031,0,0,0,0,0,0,0,0,,,0,0,,0,0,,False,0,True,True
00418117,8,8,8,8,4,4,4,4,1.0,1.0,4,4,1.0,8,8,1.0,False,0,True,True
00418182,14,14,14,14,0,1,2,3,,3.0,0,6,0.0,0,0,,False,0,True,True
00418203,5,5,5,5,2,3,2,3,1.0,1.0,4,4,1.0,6,6,1.0,False,0,True,True
00418586,16,16,16,16,8,8,6,7,0.75,0.875,25,56,0.44642857142857145,39,64,0.609375,False,0,True,True
00418628,0,0,0,0,0,0,0,0,,,0,0,,0,0,,False,0,True,True
00418756,10,11,10,11,4,6,4,7,1.0,1.1666666666666667,3,3,1.0,4,4,1.0,False,1,True,True
00418764,4,4,4,4,2,2,2,2,1.0,1.0,2,2,1.0,4,4,1.0,False,0,True,True
00418766,6,6,6,6,3,3,3,3,1.0,1.0,6,6,1.0,9,9,1.0,False,0,True,True
00418774,8,8,8,8,4,4,4,4,1.0,1.0,4,4,1.0,8,8,1.0,False,0,True,True
00418786,3,3,3,3,1,1,1,1,1.0,1.0,0,0,,1,1,1.0,False,0,True,True
00418793,12,12,12,12,6,6,6,6,1.0,1.0,6,6,1.0,12,12,1.0,False,0,True,True
00418824,8,8,8,8,4,4,4,4,1.0,1.0,12,12,1.0,16,16,1.0,False,0,True,True
00418846,4,4,4,4,2,2,2,2,1.0,1.0,2,2,1.0,4,4,1.0,False,0,True,True
00418893,12,12,12,12,6,6,6,6,1.0,1.0,6,6,1.0,12,12,1.0,False,0,True,True
00418907,4,4,4,4,2,2,2,2,1.0,1.0,2,2,1.0,4,4,1.0,False,0,True,True
00418962,8,8,8,8,4,4,4,4,1.0,1.0,4,4,1.0,8,8,1.0,False,0,True,True
00418997,3,3,3,3,1,1,1,1,1.0,1.0,0,0,,1,1,1.0,False,0,True,True
00419048,5,5,5,5,3,2,3,2,1.0,1.0,2,2,1.0,4,4,1.0,False,0,True,True
00419082,5,5,5,5,2,2,2,2,1.0,1.0,2,2,1.0,4,4,1.0,False,0,True,True
00419100,4,4,4,4,2,2,2,2,1.0,1.0,2,2,1.0,4,4,1.0,False,0,True,True
00419119,8,8,8,8,4,4,4,4,1.0,1.0,4,4,1.0,8,8,1.0,False,0,True,True
00419232,8,8,8,8,4,4,4,4,1.0,1.0,12,12,1.0,16,16,1.0,False,0,True,True
00419267,5,5,5,5,2,2,2,2,1.0,1.0,2,2,1.0,4,4,1.0,False,0,True,True
00419270,8,8,8,8,4,4,4,4,1.0,1.0,12,12,1.0,16,16,1.0,False,0,True,True
00419350,3,3,3,3,1,1,1,1,1.0,1.0,0,0,,1,1,1.0,False,0,True,True
00419363,8,8,8,8,4,4,4,4,1.0,1.0,12,12,1.0,16,16,1.0,False,0,True,True
00419389,5,5,5,5,3,2,3,2,1.0,1.0,4,4,1.0,6,6,1.0,False,0,True,True
00419591,4,4,4,4,2,2,2,2,1.0,1.0,2,2,1.0,4,4,1.0,False,0,True,True
00419618,6,6,6,6,3,3,3,3,1.0,1.0,6,6,1.0,9,9,1.0,False,0,True,True
00419626,8,8,8,8,4,4,4,4,1.0,1.0,12,12,1.0,16,16,1.0,False,0,True,True
00419761,1,1,1,1,1,0,1,0,1.0,,0,0,,0,0,,False,0,True,True
00419816,4,4,4,4,2,2,2,2,1.0,1.0,2,2,1.0,4,4,1.0,False,0,True,True
00419857,16,22,16,22,8,8,6,5,0.75,0.625,0,0,,0,0,,False,1,True,True
00419913,8,8,8,8,4,4,4,4,1.0,1.0,4,4,1.0,8,8,1.0,False,0,True,True
00419941,28,28,28,28,14,14,14,14,1.0,1.0,14,14,1.0,28,28,1.0,False,0,True,True
00419948,0,0,0,0,0,0,0,0,,,0,0,,0,0,,False,0,True,True
00420069,0,0,0,0,0,0,0,0,,,0,0,,0,0,,False,0,True,True
00420130,4,4,4,4,2,2,2,2,1.0,1.0,2,2,1.0,4,4,1.0,False,0,True,True
00420302,3,3,3,3,1,2,1,0,1.0,0.0,0,1,0.0,2,2,1.0,False,0,True,True
00420303,13,16,13,16,9,4,10,6,1.1111111111111112,1.5,4,4,1.0,6,6,1.0,False,3,True,True
00420464,4,4,4,4,2,2,2,2,1.0,1.0,2,2,1.0,4,4,1.0,False,0,True,True
00420544,4,4,4,4,0,0,1,0,,,0,0,,0,0,,False,0,True,True
00420707,8,8,8,8,4,4,4,4,1.0,1.0,4,4,1.0,8,8,1.0,False,0,True,True
00420729,4,4,4,4,2,2,2,2,1.0,1.0,2,2,1.0,4,4,1.0,False,0,True,True
00420899,0,0,0,0,0,0,0,0,,,0,0,,0,0,,False,0,True,True
00421021,5,5,5,5,3,2,3,2,1.0,1.0,4,4,1.0,6,6,1.0,False,0,True,True
00421117,11,11,11,11,5,4,5,4,1.0,1.0,4,4,1.0,8,8,1.0,False,0,True,True
00421138,21,0,21,24,10,5,0,0,0.0,0.0,0,0,,0,0,,False,0,True,False
00421139,4,4,4,4,2,2,2,2,1.0,1.0,2,2,1.0,4,4,1.0,False,0,True,True
00421265,6,6,6,6,3,3,3,3,1.0,1.0,6,6,1.0,9,9,1.0,False,0,True,True
00421270,12,11,12,11,6,6,4,7,0.6666666666666666,1.1666666666666667,4,4,1.0,8,8,1.0,False,1,True,True
00421276,4,4,4,4,2,2,2,2,1.0,1.0,2,2,1.0,4,4,1.0,False,0,True,True
00421394,0,0,0,0,0,0,0,0,,,0,0,,0,0,,False,0,True,True
00421626,4,4,4,4,2,2,2,2,1.0,1.0,2,2,1.0,4,4,1.0,False,0,True,True
00421731,6,6,6,6,3,3,3,3,1.0,1.0,6,6,1.0,9,9,1.0,False,0,True,True
00421774,4,4,4,4,2,2,2,2,1.0,1.0,2,2,1.0,4,4,1.0,False,0,True,True
00421788,8,8,8,8,4,4,4,4,1.0,1.0,12,12,1.0,16,16,1.0,False,0,True,True
00421814,6,6,6,6,2,2,2,2,1.0,1.0,2,2,1.0,4,4,1.0,False,0,True,True
00421830,8,8,8,8,4,4,4,4,1.0,1.0,4,4,1.0,8,8,1.0,False,0,True,True
00421836,8,8,8,8,4,4,4,4,1.0,1.0,4,4,1.0,8,8,1.0,False,0,True,True
00421837,4,4,4,4,2,2,2,2,1.0,1.0,2,2,1.0,4,4,1.0,False,0,True,True
00421851,8,8,8,8,4,4,4,4,1.0,1.0,12,12,1.0,16,16,1.0,False,0,True,True
00421872,8,8,8,8,4,4,4,4,1.0,1.0,4,4,1.0,8,8,1.0,False,0,True,True
00421879,8,8,8,8,4,4,4,4,1.0,1.0,12,12,1.0,16,16,1.0,False,0,True,True
00421896,8,8,8,8,4,4,4,4,1.0,1.0,12,12,1.0,16,16,1.0,False,0,True,True
00421902,6,6,6,6,3,3,3,3,1.0,1.0,6,6,1.0,9,9,1.0,False,0,True,True
00421905,4,4,4,4,2,2,2,2,1.0,1.0,2,2,1.0,4,4,1.0,False,0,True,True
00421915,6,6,6,6,3,3,3,3,1.0,1.0,6,6,1.0,9,9,1.0,False,0,True,True
00421942,3,3,3,3,1,1,1,1,1.0,1.0,0,0,,1,1,1.0,False,0,True,True
00421945,4,4,4,4,2,2,2,2,1.0,1.0,2,2,1.0,4,4,1.0,False,0,True,True
00421973,0,0,0,0,0,0,0,0,,,0,0,,0,0,,False,0,True,True
00421977,3,3,3,3,1,1,1,1,1.0,1.0,0,0,,1,1,1.0,False,0,True,True
00422066,8,8,8,8,4,4,4,4,1.0,1.0,12,12,1.0,16,16,1.0,False,0,True,True
00422140,6,6,6,6,3,3,3,3,1.0,1.0,6,6,1.0,9,9,1.0,False,0,True,True
00422145,6,6,6,6,3,3,3,3,1.0,1.0,6,6,1.0,9,9,1.0,False,0,True,True
00422164,8,8,8,8,4,3,4,4,1.0,1.3333333333333333,9,9,1.0,12,12,1.0,False,0,True,True
00422202,4,4,4,4,2,2,2,2,1.0,1.0,2,2,1.0,4,4,1.0,False,0,True,True
00422206,0,0,0,0,0,0,0,0,,,0,0,,0,0,,False,0,True,True
00422221,8,8,8,8,4,4,4,4,1.0,1.0,12,12,1.0,16,16,1.0,False,0,True,True
00422225,4,4,4,4,2,2,2,2,1.0,1.0,2,2,1.0,4,4,1.0,False,0,True,True
00422237,3,3,3,3,1,1,1,1,1.0,1.0,0,0,,1,1,1.0,False,0,True,True
00422253,8,8,8,8,4,4,4,4,1.0,1.0,12,12,1.0,16,16,1.0,False,0,True,True
00422269,6,6,6,6,3,3,3,3,1.0,1.0,6,6,1.0,9,9,1.0,False,0,True,True
00422309,8,8,8,8,4,4,4,4,1.0,1.0,4,4,1.0,8,8,1.0,False,0,True,True
00422318,6,6,6,6,3,3,3,3,1.0,1.0,6,6,1.0,9,9,1.0,False,0,True,True
00422343,3,3,3,3,1,1,1,1,1.0,1.0,0,0,,1,1,1.0,False,0,True,True
00422359,4,4,4,4,2,2,2,2,1.0,1.0,2,2,1.0,4,4,1.0,False,0,True,True
00422364,8,8,8,8,4,4,4,4,1.0,1.0,12,12,1.0,16,16,1.0,False,0,True,True
00422397,8,8,8,8,4,4,4,4,1.0,1.0,12,12,1.0,16,16,1.0,False,0,True,True
00422818,4,4,4,4,2,2,2,2,1.0,1.0,2,2,1.0,4,4,1.0,False,0,True,True
00422927,4,4,4,4,2,2,2,2,1.0,1.0,2,2,1.0,4,4,1.0,False,0,True,True
00423157,4,4,4,4,2,2,2,2,1.0,1.0,2,2,1.0,4,4,1.0,False,0,True,True
00423247,4,4,4,4,1,0,0,0,0.0,,0,0,,0,0,,False,0,True,True
00423325,4,4,4,4,2,2,2,2,1.0,1.0,2,2,1.0,4,4,1.0,False,0,True,True
00423639,0,0,0,0,0,0,0,0,,,0,0,,0,0,,False,0,True,True
00423708,4,3,4,3,2,2,2,1,1.0,0.5,0,0,,0,0,,False,1,True,True
00423724,2,2,2,2,1,1,2,0,2.0,0.0,0,0,,0,1,0.0,False,0,True,True
00423748,0,0,0,0,0,0,0,0,,,0,0,,0,0,,False,0,True,True
00424309,4,4,4,4,2,1,2,1,1.0,1.0,1,1,1.0,2,2,1.0,False,0,True,True
00424392,4,4,4,4,2,2,2,2,1.0,1.0,2,2,1.0,4,4,1.0,False,0,True,True
00424433,0,0,0,0,0,0,0,0,,,0,0,,0,0,,False,0,True,True
00424483,8,8,8,8,4,4,4,4,1.0,1.0,4,4,1.0,8,8,1.0,False,0,True,True
00424527,32,32,32,32,16,16,16,16,1.0,1.0,16,16,1.0,32,32,1.0,False,0,True,True
00424673,8,8,8,8,4,4,3,4,0.75,1.0,9,12,0.75,12,16,0.75,False,0,True,True
00424701,0,0,0,0,0,0,0,0,,,0,0,,0,0,,False,0,True,True
00424820,6,6,6,6,3,2,3,2,1.0,1.0,4,4,1.0,6,6,1.0,False,0,True,True
00424838,6,6,6,6,3,3,3,3,1.0,1.0,6,6,1.0,9,9,1.0,False,0,True,True
00424889,0,0,0,0,0,0,0,0,,,0,0,,0,0,,False,0,True,True
00424969,8,8,8,8,4,4,4,4,1.0,1.0,4,4,1.0,8,8,1.0,False,0,True,True
00424973,6,6,6,6,3,3,3,3,1.0,1.0,6,6,1.0,9,9,1.0,False,0,True,True
00425003,3,3,3,3,0,0,0,0,,,0,0,,0,0,,False,0,True,True
00425057,3,3,3,3,0,0,0,0,,,0,0,,0,0,,False,0,True,True
00425114,8,8,8,8,4,4,4,4,1.0,1.0,4,4,1.0,8,8,1.0,False,0,True,True
00425122,12,12,12,12,6,6,6,6,1.0,1.0,6,6,1.0,12,12,1.0,False,0,True,True
00425176,5,5,5,5,3,2,3,2,1.0,1.0,4,4,1.0,6,6,1.0,False,0,True,True
00425515,8,8,8,8,2,4,2,3,1.0,0.75,4,7,0.5714285714285714,6,8,0.75,False,0,True,True
00425601,4,4,4,4,2,2,2,2,1.0,1.0,2,2,1.0,4,4,1.0,False,0,True,True
00426077,4,4,4,4,2,2,2,2,1.0,1.0,2,2,1.0,4,4,1.0,False,0,True,True
00426095,12,12,12,12,6,6,6,6,1.0,1.0,6,6,1.0,12,12,1.0,False,0,True,True
00426105,4,4,4,4,2,2,2,2,1.0,1.0,2,2,1.0,4,4,1.0,False,0,True,True
00426300,4,4,4,4,2,2,2,2,1.0,1.0,2,2,1.0,4,4,1.0,False,0,True,True
00426502,4,4,4,4,2,2,2,2,1.0,1.0,2,2,1.0,4,4,1.0,False,0,True,True
00426543,0,0,0,0,0,0,0,0,,,0,0,,0,0,,False,0,True,True
00426594,0,0,0,0,0,0,0,0,,,0,0,,0,0,,False,0,True,True
00426847,8,9,8,8,4,4,4,2,1.0,0.5,0,0,,0,0,,False,1,True,True
00426890,0,0,0,0,0,0,0,0,,,0,0,,0,0,,False,0,True,True
00426904,0,0,0,0,0,0,0,0,,,0,0,,0,0,,False,0,True,True
00426927,18,18,18,18,9,9,9,9,1.0,1.0,12,12,1.0,21,21,1.0,False,0,True,True
00427048,6,6,6,6,0,2,0,2,,1.0,1,1,1.0,0,0,,False,0,True,True
00427124,0,0,0,0,0,0,0,0,,,0,0,,0,0,,False,0,True,True
00427288,4,4,4,4,2,2,2,2,1.0,1.0,2,2,1.0,4,4,1.0,False,0,True,True
00427410,0,0,0,0,0,0,0,0,,,0,0,,0,0,,False,0,True,True
00427927,4,4,4,4,2,2,2,2,1.0,1.0,2,2,1.0,4,4,1.0,False,0,True,True
00428008,4,4,4,4,2,2,2,2,1.0,1.0,2,2,1.0,4,4,1.0,False,0,True,True
00428022,4,4,4,4,2,2,2,2,1.0,1.0,2,2,1.0,4,4,1.0,False,0,True,True
00428195,4,4,4,4,2,2,2,2,1.0,1.0,2,2,1.0,4,4,1.0,False,0,True,True
00428314,6,6,6,6,2,0,2,0,1.0,,3,3,1.0,0,0,,False,0,True,True
00428352,0,0,0,0,0,0,0,0,,,0,0,,0,0,,False,0,True,True
00428446,0,0,0,0,0,0,0,0,,,0,0,,0,0,,False,0,True,True
00428619,4,4,4,4,1,2,1,2,1.0,1.0,1,1,1.0,2,2,1.0,False,0,True,True
00428746,32,32,32,32,16,16,16,16,1.0,1.0,16,16,1.0,32,32,1.0,False,0,True,True
00428859,4,5,4,5,0,1,0,0,,0.0,0,0,,0,0,,False,1,True,True
00428949,4,4,4,4,2,0,2,0,1.0,,1,1,1.0,0,0,,False,0,True,True
00428952,4,4,4,4,2,2,2,2,1.0,1.0,2,2,1.0,4,4,1.0,False,0,True,True
00429307,0,0,0,0,0,0,0,0,,,0,0,,0,0,,False,0,True,True
00429483,3,6,3,4,1,2,3,0,3.0,0.0,0,0,,0,0,,False,1,True,True
00429824,14,14,14,14,6,8,7,5,1.1666666666666667,0.625,25,43,0.5813953488372093,36,48,0.75,False,0,True,True
00430131,0,0,0,0,0,0,0,0,,,0,0,,0,0,,False,0,True,True
00430150,4,4,4,4,2,2,2,2,1.0,1.0,2,2,1.0,4,4,1.0,False,0,True,True
00430186,12,12,12,12,6,6,6,6,1.0,1.0,14,14,1.0,20,20,1.0,False,0,True,True
00430264,0,0,0,0,0,0,0,0,,,0,0,,0,0,,False,0,True,True
00430292,0,0,0,0,0,0,0,0,,,0,0,,0,0,,False,0,True,True
00430715,4,4,4,4,2,2,2,2,1.0,1.0,2,2,1.0,4,4,1.0,False,0,True,True
00430756,3,3,3,3,1,2,1,2,1.0,1.0,1,1,1.0,2,2,1.0,False,0,True,True
00431055,0,0,0,0,0,0,0,0,,,0,0,,0,0,,False,0,True,True
00431698,0,0,0,0,0,0,0,0,,,0,0,,0,0,,False,0,True,True
00431959,4,4,4,4,2,2,2,2,1.0,1.0,2,2,1.0,4,4,1.0,False,0,True,True
00431960,24,24,24,24,12,12,12,12,1.0,1.0,12,12,1.0,24,24,1.0,False,0,True,True
00432333,4,4,4,4,2,2,2,2,1.0,1.0,2,2,1.0,4,4,1.0,False,0,True,True
00432451,12,15,12,15,0,0,1,7,,,0,0,,0,0,,False,2,True,True
00432537,8,8,8,8,4,4,4,4,1.0,1.0,12,12,1.0,16,16,1.0,False,0,True,True
00432573,0,0,0,0,0,0,0,0,,,0,0,,0,0,,False,0,True,True
00432819,4,4,4,4,2,1,2,1,1.0,1.0,1,1,1.0,2,2,1.0,False,0,True,True
00433597,4,4,4,4,2,2,2,2,1.0,1.0,2,2,1.0,4,4,1.0,False,0,True,True
00433717,4,4,4,4,2,2,2,2,1.0,1.0,2,2,1.0,4,4,1.0,False,0,True,True
00433759,28,28,28,28,14,14,12,12,0.8571428571428571,0.8571428571428571,17,26,0.6538461538461539,28,40,0.7,False,0,True,True
00433776,8,8,8,8,4,4,4,4,1.0,1.0,12,12,1.0,16,16,1.0,False,0,True,True
00433789,4,4,4,4,2,2,2,2,1.0,1.0,2,2,1.0,4,4,1.0,False,0,True,True
00433838,4,4,4,4,2,2,2,2,1.0,1.0,2,2,1.0,4,4,1.0,False,0,True,True
00433851,0,0,0,0,0,0,0,0,,,0,0,,0,0,,False,0,True,True
00434343,0,0,0,0,0,0,0,0,,,0,0,,0,0,,False,0,True,True
00434367,0,0,0,0,0,0,0,0,,,0,0,,0,0,,False,0,True,True
00434832,8,8,8,8,4,4,4,4,1.0,1.0,4,4,1.0,8,8,1.0,False,0,True,True
00434834,20,20,20,20,10,10,9,10,0.9,1.0,9,10,0.9,18,20,0.9,False,0,True,True
00434899,8,8,8,8,4,4,4,4,1.0,1.0,12,12,1.0,16,16,1.0,False,0,True,True
00435058,4,4,4,4,2,2,2,2,1.0,1.0,2,2,1.0,4,4,1.0,False,0,True,True
00435069,9,9,9,9,4,4,4,4,1.0,1.0,12,12,1.0,24,24,1.0,False,0,True,True
00435121,8,8,8,8,4,4,4,4,1.0,1.0,12,12,1.0,16,16,1.0,False,0,True,True
00435486,22,20,22,20,10,12,5,10,0.5,0.8333333333333334,5,9,0.5555555555555556,7,12,0.5833333333333334,True,1,True,True
00435526,6,6,6,6,2,2,2,2,1.0,1.0,0,0,,2,2,1.0,False,0,True,True
00435869,4,4,4,4,2,2,2,2,1.0,1.0,2,2,1.0,4,4,1.0,False,0,True,True
00435895,8,8,8,8,4,4,4,4,1.0,1.0,4,4,1.0,8,8,1.0,False,0,True,True
00435944,17,17,17,17,8,9,8,9,1.0,1.0,10,10,1.0,18,18,1.0,False,0,True,True
00436340,0,0,0,0,0,0,0,0,,,0,0,,0,0,,False,0,True,True
00436471,4,4,4,4,2,2,2,2,1.0,1.0,2,2,1.0,4,4,1.0,False,0,True,True
00436525,0,0,0,0,0,0,0,0,,,0,0,,0,0,,False,0,True,True
00436611,8,8,8,8,4,4,4,4,1.0,1.0,12,12,1.0,16,16,1.0,False,0,True,True
00436650,12,12,12,12,6,6,6,6,1.0,1.0,6,6,1.0,12,12,1.0,False,0,True,True
00436859,4,4,4,4,2,2,2,2,1.0,1.0,2,2,1.0,4,4,1.0,False,0,True,True
00436899,4,4,4,4,2,2,2,2,1.0,1.0,2,2,1.0,4,4,1.0,False,0,True,True
00436915,4,4,4,4,2,2,2,2,1.0,1.0,2,2,1.0,4,4,1.0,False,0,True,True
00436976,8,8,8,8,4,4,4,4,1.0,1.0,12,12,1.0,16,16,1.0,False,0,True,True
00437011,4,4,4,4,2,2,2,2,1.0,1.0,2,2,1.0,4,4,1.0,False,0,True,True
00437159,8,8,8,8,4,4,4,4,1.0,1.0,4,4,1.0,8,8,1.0,False,0,True,True
00437324,12,13,12,13,5,5,4,2,0.8,0.4,0,0,,0,0,,False,1,True,True
00437330,4,4,4,4,2,2,2,2,1.0,1.0,2,2,1.0,4,4,1.0,False,0,True,True
00437331,4,4,4,4,2,2,2,2,1.0,1.0,2,2,1.0,4,4,1.0,False,0,True,True
00437364,4,4,4,4,2,2,2,2,1.0,1.0,2,2,1.0,4,4,1.0,False,0,True,True
00437521,0,0,0,0,0,0,0,0,,,0,0,,0,0,,False,0,True,True
00437642,8,8,8,8,4,4,4,4,1.0,1.0,12,12,1.0,16,16,1.0,False,0,True,True
00437689,4,4,4,4,2,2,2,2,1.0,1.0,2,2,1.0,4,4,1.0,False,0,True,True
00437749,8,8,8,8,4,4,4,4,1.0,1.0,12,12,1.0,16,16,1.0,False,0,True,True
00437756,8,8,8,8,4,4,4,4,1.0,1.0,12,12,1.0,16,16,1.0,False,0,True,True
00437969,4,4,4,4,2,2,2,2,1.0,1.0,2,2,1.0,4,4,1.0,False,0,True,True
00438042,16,16,16,16,8,8,8,8,1.0,1.0,24,24,1.0,32,32,1.0,False,0,True,True
00438047,4,4,4,4,2,2,2,2,1.0,1.0,2,2,1.0,4,4,1.0,False,0,True,True
00438108,4,4,4,4,2,2,2,2,1.0,1.0,2,2,1.0,4,4,1.0,False,0,True,True
00438204,0,0,0,0,0,0,0,0,,,0,0,,0,0,,False,0,True,True
00438211,11,11,11,11,5,6,3,3,0.6,0.5,6,25,0.24,19,30,0.6333333333333333,False,0,True,True
00438404,14,14,14,14,6,6,6,5,1.0,0.8333333333333334,4,6,0.6666666666666666,16,20,0.8,False,0,True,True
00438672,5,5,5,5,3,0,3,0,1.0,,1,1,1.0,0,0,,False,0,True,True
00438737,4,4,4,4,2,2,2,2,1.0,1.0,2,2,1.0,4,4,1.0,False,0,True,True
00438774,16,16,16,16,8,8,7,8,0.875,1.0,7,8,0.875,14,16,0.875,False,0,True,True
00438960,8,8,8,8,2,6,2,6,1.0,1.0,7,7,1.0,8,8,1.0,False,0,True,True
00438989,4,4,4,4,2,2,2,2,1.0,1.0,2,2,1.0,4,4,1.0,False,0,True,True
00439324,4,4,4,4,2,2,2,2,1.0,1.0,2,2,1.0,4,4,1.0,False,0,True,True
00439331,2,2,2,2,0,1,0,0,,0.0,0,0,,0,0,,False,0,True,True
00439465,20,20,20,20,10,10,10,9,1.0,0.9,9,10,0.9,18,20,0.9,False,0,True,True
00439582,4,4,4,4,2,2,2,2,1.0,1.0,2,2,1.0,4,4,1.0,False,0,True,True
00439642,8,8,8,8,4,4,4,4,1.0,1.0,12,12,1.0,16,16,1.0,False,0,True,True
00439753,4,4,4,4,2,2,2,2,1.0,1.0,2,2,1.0,4,4,1.0,False,0,True,True
00440000,8,8,8,8,4,4,4,4,1.0,1.0,4,4,1.0,8,8,1.0,False,0,True,True
00440070,7,7,7,7,5,2,5,2,1.0,1.0,3,3,1.0,2,2,1.0,False,0,True,True
00440129,1,1,1,1,1,0,1,0,1.0,,0,0,,0,0,,False,0,True,True
00440360,4,4,4,4,2,2,2,2,1.0,1.0,2,2,1.0,4,4,1.0,False,0,True,True
00440420,8,8,8,8,2,2,2,2,1.0,1.0,4,4,1.0,8,8,1.0,False,0,True,True
00440433,12,12,12,12,6,6,6,6,1.0,1.0,14,14,1.0,20,20,1.0,False,0,True,True
00440482,4,4,4,4,2,2,2,2,1.0,1.0,2,2,1.0,4,4,1.0,False,0,True,True
00440489,4,4,4,4,2,2,2,2,1.0,1.0,2,2,1.0,4,4,1.0,False,0,True,True
00440590,4,4,4,4,2,2,2,2,1.0,1.0,2,2,1.0,4,4,1.0,False,0,True,True
00440641,0,0,0,0,0,0,0,0,,,0,0,,0,0,,False,0,True,True
00440749,4,4,4,4,2,2,2,2,1.0,1.0,2,2,1.0,4,4,1.0,False,0,True,True
00440924,4,4,4,4,2,2,2,2,1.0,1.0,2,2,1.0,4,4,1.0,False,0,True,True
00440989,8,8,8,8,4,4,4,4,1.0,1.0,4,4,1.0,8,8,1.0,False,0,True,True
00441725,0,0,0,0,0,0,0,0,,,0,0,,0,0,,False,0,True,True
00442039,7,7,7,7,1,0,1,0,1.0,,0,0,,0,0,,False,0,True,True
00442060,10,10,10,10,6,3,6,3,1.0,1.0,8,8,1.0,10,10,1.0,False,0,True,True
00442090,4,4,4,4,0,0,0,0,,,0,0,,0,0,,False,0,True,True
00442194,0,0,0,0,0,0,0,0,,,0,0,,0,0,,False,0,True,True
00442436,16,16,16,16,6,10,6,9,1.0,0.9,15,20,0.75,20,20,1.0,False,0,True,True
00442494,8,8,8,8,4,4,4,4,1.0,1.0,4,4,1.0,8,8,1.0,False,0,True,True
00442545,12,12,12,12,6,6,6,6,1.0,1.0,6,6,1.0,12,12,1.0,False,0,True,True
00442639,0,0,0,0,0,0,0,0,,,0,0,,0,0,,False,0,True,True
00442651,4,4,4,4,2,2,2,2,1.0,1.0,2,2,1.0,4,4,1.0,False,0,True,True
00442761,4,4,4,4,2,2,2,2,1.0,1.0,2,2,1.0,4,4,1.0,False,0,True,True
00442885,0,0,0,0,0,0,0,0,,,0,0,,0,0,,False,0,True,True
00443076,4,4,4,4,2,2,2,2,1.0,1.0,2,2,1.0,4,4,1.0,False,0,True,True
00443205,4,4,4,4,2,2,2,2,1.0,1.0,2,2,1.0,4,4,1.0,False,0,True,True
00443516,9,11,9,8,6,3,4,2,0.6666666666666666,0.6666666666666666,0,0,,0,0,,False,4,True,True
00443567,0,0,0,0,0,0,0,0,,,0,0,,0,0,,False,0,True,True
00443652,13,13,13,13,7,6,6,6,0.8571428571428571,1.0,30,36,0.8333333333333334,42,42,1.0,False,0,True,True
00443977,0,0,0,0,0,0,0,0,,,0,0,,0,0,,False,0,True,True
00443983,4,4,4,4,2,2,2,2,1.0,1.0,2,2,1.0,4,4,1.0,False,0,True,True
00444094,8,8,8,8,4,4,4,4,1.0,1.0,4,4,1.0,8,8,1.0,False,0,True,True
00444184,4,4,4,4,2,2,2,2,1.0,1.0,2,2,1.0,4,4,1.0,False,0,True,True
00444187,7,6,7,6,1,6,2,4,2.0,0.6666666666666666,0,0,,0,0,,False,3,True,True
00444236,0,0,0,0,0,0,0,0,,,0,0,,0,0,,False,0,True,True
00445021,10,10,10,10,2,8,2,8,1.0,1.0,5,5,1.0,0,0,,False,0,True,True
00445175,4,4,4,4,2,2,2,2,1.0,1.0,2,2,1.0,4,4,1.0,False,0,True,True
00445358,0,0,0,0,0,0,0,0,,,0,0,,0,0,,False,0,True,True
00445390,4,4,4,4,2,2,2,2,1.0,1.0,2,2,1.0,4,4,1.0,False,0,True,True
00445434,13,13,13,13,10,3,8,2,0.8,0.6666666666666666,29,48,0.6041666666666666,22,30,0.7333333333333333,False,0,True,True
00445444,4,4,4,4,2,2,2,2,1.0,1.0,2,2,1.0,4,4,1.0,False,0,True,True
00445880,4,4,4,4,2,2,2,2,1.0,1.0,2,2,1.0,4,4,1.0,False,0,True,True
00446108,10,11,10,10,4,3,4,2,1.0,0.6666666666666666,2,2,1.0,4,4,1.0,False,1,True,True
00446170,16,11,16,11,0,0,3,1,,,0,0,,0,0,,False,4,True,True
00446293,10,10,10,10,6,4,4,4,0.6666666666666666,1.0,9,13,0.6923076923076923,12,16,0.75,False,0,True,True
00446469,6,6,6,6,3,3,3,3,1.0,1.0,6,6,1.0,9,9,1.0,False,0,True,True
00446595,0,0,0,0,0,0,0,0,,,0,0,,0,0,,False,0,True,True
00446671,6,6,6,6,3,3,3,3,1.0,1.0,6,6,1.0,9,9,1.0,False,0,True,True
00446958,6,6,6,6,2,0,2,0,1.0,,3,3,1.0,0,0,,False,0,True,True
00447050,24,24,24,24,12,12,12,12,1.0,1.0,12,12,1.0,24,24,1.0,False,0,True,True
00447113,0,0,0,0,0,0,0,0,,,0,0,,0,0,,False,0,True,True
00447233,4,4,4,4,2,2,2,2,1.0,1.0,2,2,1.0,4,4,1.0,False,0,True,True
00447815,8,8,8,8,4,4,4,4,1.0,1.0,4,4,1.0,8,8,1.0,False,0,True,True
00447997,4,4,4,4,2,2,2,2,1.0,1.0,2,2,1.0,4,4,1.0,False,0,True,True
00448061,4,4,4,4,2,2,2,2,1.0,1.0,2,2,1.0,4,4,1.0,False,0,True,True
00448115,4,4,4,4,2,2,2,2,1.0,1.0,2,2,1.0,4,4,1.0,False,0,True,True
00448490,6,6,6,6,2,2,2,2,1.0,1.0,2,2,1.0,4,4,1.0,False,0,True,True
00449138,4,4,4,4,2,2,2,2,1.0,1.0,2,2,1.0,4,4,1.0,False,0,True,True
00449233,24,25,24,29,12,12,12,12,1.0,1.0,2,2,1.0,6,6,1.0,True,5,True,True
00449514,7,7,7,7,5,2,5,2,1.0,1.0,4,4,1.0,6,6,1.0,False,0,True,True
00450000,4,4,4,4,2,2,2,2,1.0,1.0,2,2,1.0,4,4,1.0,False,0,True,True
00450380,0,0,0,0,0,0,0,0,,,0,0,,0,0,,False,0,True,True
00450594,0,0,0,0,0,0,0,0,,,0,0,,0,0,,False,0,True,True
00450618,0,0,0,0,0,0,0,0,,,0,0,,0,0,,False,0,True,True
00450619,8,8,8,8,2,2,2,2,1.0,1.0,2,2,1.0,5,5,1.0,False,0,True,True
00450749,4,4,4,4,2,2,2,2,1.0,1.0,2,2,1.0,4,4,1.0,False,0,True,True
00450790,4,4,4,4,2,2,2,2,1.0,1.0,2,2,1.0,4,4,1.0,False,0,True,True
00450866,4,4,4,4,2,2,2,2,1.0,1.0,2,2,1.0,4,4,1.0,False,0,True,True
00450980,8,8,8,8,4,4,4,4,1.0,1.0,12,12,1.0,16,16,1.0,False,0,True,True
00451055,4,4,4,4,2,2,2,2,1.0,1.0,2,2,1.0,4,4,1.0,False,0,True,True
00451335,4,4,4,4,2,2,2,2,1.0,1.0,2,2,1.0,4,4,1.0,False,0,True,True
00451398,0,0,0,0,0,0,0,0,,,0,0,,0,0,,False,0,True,True
00451528,0,0,0,0,0,0,0,0,,,0,0,,0,0,,False,0,True,True
00451529,0,0,0,0,0,0,0,0,,,0,0,,0,0,,False,0,True,True
00451734,8,0,8,9,8,0,0,0,0.0,,0,0,,0,0,,False,0,True,False
00451742,14,14,14,14,6,7,6,6,1.0,0.8571428571428571,11,18,0.6111111111111112,24,24,1.0,False,0,True,True
00451774,4,4,4,4,2,2,2,2,1.0,1.0,2,2,1.0,4,4,1.0,False,0,True,True
00451903,6,6,6,6,2,0,2,0,1.0,,3,3,1.0,0,0,,False,0,True,True
00452196,3,3,3,3,1,0,1,0,1.0,,0,0,,0,0,,False,0,True,True
00452834,4,4,4,4,2,2,2,2,1.0,1.0,2,2,1.0,4,4,1.0,False,0,True,True
00453026,7,8,7,8,3,4,3,4,1.0,1.0,0,0,,0,0,,False,1,True,True
00453069,4,4,4,4,2,2,2,2,1.0,1.0,2,2,1.0,4,4,1.0,False,0,True,True
00453108,4,4,4,4,2,2,2,2,1.0,1.0,2,2,1.0,4,4,1.0,False,0,True,True
00453135,10,10,10,10,5,5,5,5,1.0,1.0,13,13,1.0,15,15,1.0,False,0,True,True
00453200,5,5,5,5,2,2,2,2,1.0,1.0,2,2,1.0,4,4,1.0,False,0,True,True
00453302,14,14,14,14,7,7,7,7,1.0,1.0,42,42,1.0,49,49,1.0,False,0,True,True
00453591,22,22,22,22,14,8,14,8,1.0,1.0,23,23,1.0,28,28,1.0,False,0,True,True
00453904,24,24,24,24,12,12,12,12,1.0,1.0,20,20,1.0,32,32,1.0,False,0,True,True
00454020,6,6,6,6,0,0,0,0,,,0,3,0.0,0,0,,False,0,True,True
00454226,4,4,4,4,2,2,2,2,1.0,1.0,2,2,1.0,4,4,1.0,False,0,True,True
00454414,6,6,6,6,2,0,2,0,1.0,,3,3,1.0,0,0,,False,0,True,True
00454651,6,6,6,6,0,0,1,3,,,0,1,0.0,0,0,,False,0,True,True
00454926,4,4,4,4,2,0,2,0,1.0,,2,2,1.0,0,0,,False,0,True,True
00454963,16,16,16,16,8,8,7,7,0.875,0.875,10,16,0.625,24,24,1.0,False,0,True,True
00455396,4,4,4,4,1,2,1,2,1.0,1.0,1,1,1.0,2,2,1.0,False,0,True,True
00455411,6,6,6,6,4,2,4,2,1.0,1.0,0,0,,0,0,,False,2,True,True
00455421,13,13,13,13,3,3,3,5,1.0,1.6666666666666667,1,6,0.16666666666666666,5,9,0.5555555555555556,False,0,True,True
00455623,0,0,0,0,0,0,0,0,,,0,0,,0,0,,False,0,True,True
00455925,6,6,6,6,2,0,2,0,1.0,,3,3,1.0,0,0,,False,0,True,True
00455974,0,0,0,0,0,0,0,0,,,0,0,,0,0,,False,0,True,True
00455978,0,0,0,0,0,0,0,0,,,0,0,,0,0,,False,0,True,True
00456288,12,12,12,12,4,2,3,1,0.75,0.5,1,8,0.125,6,8,0.75,False,0,True,True
00456325,22,24,22,24,16,6,16,6,1.0,1.0,11,14,0.7857142857142857,16,16,1.0,False,1,True,True
00456735,2,2,2,2,2,0,2,0,1.0,,1,1,1.0,0,0,,False,0,True,True
00456753,8,8,8,8,4,4,4,4,1.0,1.0,4,4,1.0,8,8,1.0,False,0,True,True
00456894,8,8,8,8,4,4,4,4,1.0,1.0,4,4,1.0,8,8,1.0,False,0,True,True
00457213,4,4,4,4,2,2,2,2,1.0,1.0,2,2,1.0,4,4,1.0,False,0,True,True
00457307,10,10,10,10,6,4,6,4,1.0,1.0,21,21,1.0,24,24,1.0,False,0,True,True
00457478,6,6,6,6,2,2,1,1,0.5,0.5,0,2,0.0,3,4,0.75,False,0,True,True
00457504,4,4,4,4,2,2,2,2,1.0,1.0,2,2,1.0,4,4,1.0,False,0,True,True
00457556,0,0,0,0,0,0,0,0,,,0,0,,0,0,,False,0,True,True
00457574,8,8,8,8,4,4,4,4,1.0,1.0,4,4,1.0,8,8,1.0,False,0,True,True
00457586,8,10,8,8,5,0,8,0,1.6,,0,1,0.0,0,0,,False,1,True,True
00457637,4,4,4,4,2,2,2,2,1.0,1.0,2,2,1.0,4,4,1.0,False,0,True,True
00457642,6,5,6,5,4,2,2,2,0.5,1.0,0,0,,0,0,,False,1,True,True
00457738,0,0,0,0,0,0,0,0,,,0,0,,0,0,,False,0,True,True
00457801,4,4,4,4,2,2,2,2,1.0,1.0,2,2,1.0,4,4,1.0,False,0,True,True
00457901,0,0,0,0,0,0,0,0,,,0,0,,0,0,,False,0,True,True
00457902,0,0,0,0,0,0,0,0,,,0,0,,0,0,,False,0,True,True
00457970,6,6,6,6,0,2,0,2,,1.0,1,1,1.0,0,0,,False,0,True,True
00458005,2,2,2,2,0,2,0,1,,0.5,0,1,0.0,0,0,,False,0,True,True
00458344,14,14,14,14,8,6,8,6,1.0,1.0,11,11,1.0,16,16,1.0,False,0,True,True
00458646,6,6,6,6,4,2,4,2,1.0,1.0,3,3,1.0,4,4,1.0,False,0,True,True
00458916,9,9,9,9,3,4,2,3,0.6666666666666666,0.75,2,9,0.2222222222222222,10,12,0.8333333333333334,False,0,True,True
00459112,4,4,4,4,2,2,2,2,1.0,1.0,2,2,1.0,4,4,1.0,False,0,True,True
00459157,16,16,16,16,10,6,10,6,1.0,1.0,30,30,1.0,36,36,1.0,False,0,True,True
00459301,4,4,4,4,0,0,0,1,,,0,0,,0,1,0.0,False,0,True,True
00459368,2,2,2,2,0,0,0,0,,,0,0,,0,0,,False,0,True,True
00459465,8,8,8,8,4,4,4,4,1.0,1.0,4,4,1.0,8,8,1.0,False,0,True,True
00459502,4,4,4,4,2,2,2,2,1.0,1.0,2,2,1.0,4,4,1.0,False,0,True,True
00459507,0,0,0,0,0,0,0,0,,,0,0,,0,0,,False,0,True,True
00459539,6,6,6,6,4,2,4,2,1.0,1.0,7,7,1.0,8,8,1.0,False,0,True,True
00459555,0,0,0,0,0,0,0,0,,,0,0,,0,0,,False,0,True,True
00459827,24,24,24,24,12,12,11,12,0.9166666666666666,1.0,11,12,0.9166666666666666,22,24,0.9166666666666666,False,0,True,True
00459875,5,5,5,5,2,2,2,2,1.0,1.0,2,2,1.0,4,4,1.0,False,0,True,True
00459995,12,12,12,12,6,6,6,6,1.0,1.0,6,6,1.0,12,12,1.0,False,0,True,True
00460112,6,7,6,6,1,3,0,2,0.0,0.6666666666666666,0,0,,0,0,,False,1,True,True
00460239,24,24,24,24,12,12,12,12,1.0,1.0,20,20,1.0,32,32,1.0,False,0,True,True
00460335,0,0,0,0,0,0,0,0,,,0,0,,0,0,,False,0,True,True
00460347,3,3,3,3,2,1,2,1,1.0,1.0,1,1,1.0,2,2,1.0,False,0,True,True
00460356,4,4,4,4,2,2,2,2,1.0,1.0,2,2,1.0,4,4,1.0,False,0,True,True
00460587,0,0,0,0,0,0,0,0,,,0,0,,0,0,,False,0,True,True
00460602,4,4,4,4,2,2,2,2,1.0,1.0,2,2,1.0,4,4,1.0,False,0,True,True
00460756,4,4,4,4,2,2,2,2,1.0,1.0,2,2,1.0,4,4,1.0,False,0,True,True
00461015,4,4,4,4,2,2,2,2,1.0,1.0,2,2,1.0,4,4,1.0,False,0,True,True
00461022,6,6,6,6,1,1,1,2,1.0,2.0,0,0,,1,1,1.0,False,0,True,True
00461157,6,6,6,6,0,2,0,2,,1.0,1,1,1.0,0,0,,False,0,True,True
00461210,27,27,27,27,12,9,10,6,0.8333333333333334,0.6666666666666666,9,30,0.3,24,41,0.5853658536585366,False,0,True,True
00461242,8,8,8,8,3,4,2,2,0.6666666666666666,0.5,2,9,0.2222222222222222,8,12,0.6666666666666666,False,0,True,True
00461349,0,0,0,0,0,0,0,0,,,0,0,,0,0,,False,0,True,True
00461442,0,0,0,0,0,0,0,0,,,0,0,,0,0,,False,0,True,True
00461495,4,4,4,4,2,2,2,2,1.0,1.0,2,2,1.0,4,4,1.0,False,0,True,True
00461540,31,34,31,34,13,16,15,8,1.1538461538461537,0.5,0,2,0.0,2,4,0.5,True,6,True,True
00461708,0,0,0,0,0,0,0,0,,,0,0,,0,0,,False,0,True,True
00461720,22,22,22,22,10,10,8,9,0.8,0.9,8,16,0.5,23,26,0.8846153846153846,False,0,True,True
00461724,8,8,8,8,4,4,4,4,1.0,1.0,4,4,1.0,8,8,1.0,False,0,True,True
00461826,4,4,4,4,2,2,2,2,1.0,1.0,2,2,1.0,4,4,1.0,False,0,True,True
00461841,8,8,8,8,4,4,4,4,1.0,1.0,4,4,1.0,8,8,1.0,False,0,True,True
00461907,4,4,4,4,2,2,2,2,1.0,1.0,2,2,1.0,4,4,1.0,False,0,True,True
00462068,0,0,0,0,0,0,0,0,,,0,0,,0,0,,False,0,True,True
00462111,4,4,4,4,2,2,2,2,1.0,1.0,2,2,1.0,4,4,1.0,False,0,True,True
00462112,4,4,4,4,2,2,2,2,1.0,1.0,2,2,1.0,4,4,1.0,False,0,True,True
00462153,5,5,5,5,2,2,2,2,1.0,1.0,2,2,1.0,4,4,1.0,False,0,True,True
00462204,4,4,4,4,2,2,2,2,1.0,1.0,2,2,1.0,4,4,1.0,False,0,True,True
00462305,4,4,4,4,2,2,2,2,1.0,1.0,2,2,1.0,4,4,1.0,False,0,True,True
00462317,4,4,4,4,2,2,2,2,1.0,1.0,2,2,1.0,4,4,1.0,False,0,True,True
00462797,4,4,4,4,2,2,2,2,1.0,1.0,2,2,1.0,4,4,1.0,False,0,True,True
00462936,0,0,0,0,0,0,0,0,,,0,0,,0,0,,False,0,True,True
00462960,4,4,4,4,2,2,2,2,1.0,1.0,2,2,1.0,4,4,1.0,False,0,True,True
00463011,4,4,4,4,2,2,2,2,1.0,1.0,2,2,1.0,4,4,1.0,False,0,True,True
00463031,8,8,8,8,4,4,4,4,1.0,1.0,12,12,1.0,16,16,1.0,False,0,True,True
00463135,0,0,0,0,0,0,0,0,,,0,0,,0,0,,False,0,True,True
00463354,4,4,4,4,2,2,2,2,1.0,1.0,2,2,1.0,4,4,1.0,False,0,True,True
00463443,6,8,6,7,1,0,3,1,3.0,,0,0,,0,0,,False,1,True,True
00463490,7,7,7,7,3,4,3,4,1.0,1.0,9,9,1.0,12,12,1.0,False,0,True,True
00463817,17,20,17,20,9,7,10,8,1.1111111111111112,1.1428571428571428,2,2,1.0,5,5,1.0,False,3,True,True
00464083,17,17,17,17,8,9,8,7,1.0,0.7777777777777778,27,38,0.7105263157894737,46,46,1.0,False,0,True,True
00464159,8,8,8,8,4,4,4,4,1.0,1.0,4,4,1.0,8,8,1.0,False,0,True,True
00464335,16,16,16,16,8,8,8,8,1.0,1.0,8,8,1.0,16,16,1.0,False,0,True,True
00464427,6,6,6,6,3,3,3,3,1.0,1.0,6,6,1.0,9,9,1.0,False,0,True,True
00464463,6,5,6,4,2,0,0,1,0.0,,0,0,,0,0,,True,1,True,True
00464595,16,16,16,16,8,8,8,8,1.0,1.0,8,8,1.0,16,16,1.0,False,0,True,True
00464719,4,4,4,4,2,2,2,2,1.0,1.0,2,2,1.0,4,4,1.0,False,0,True,True
00464754,4,4,4,4,2,2,2,2,1.0,1.0,2,2,1.0,4,4,1.0,False,0,True,True
00464765,12,12,12,12,6,6,6,6,1.0,1.0,14,14,1.0,20,20,1.0,False,0,True,True
00464925,4,4,4,4,2,2,2,2,1.0,1.0,2,2,1.0,4,4,1.0,False,0,True,True
00465216,6,6,6,6,0,0,1,0,,,0,1,0.0,0,0,,False,0,True,True
00465325,8,8,8,8,4,4,4,4,1.0,1.0,12,12,1.0,16,16,1.0,False,0,True,True
00465341,8,8,8,8,4,4,4,4,1.0,1.0,4,4,1.0,8,8,1.0,False,0,True,True
00465388,4,4,4,4,2,2,2,2,1.0,1.0,2,2,1.0,4,4,1.0,False,0,True,True
00465451,36,36,36,36,18,18,18,18,1.0,1.0,18,18,1.0,36,36,1.0,False,0,True,True
00465682,4,4,4,4,2,2,2,2,1.0,1.0,2,2,1.0,4,4,1.0,False,0,True,True
00465885,5,5,5,5,2,2,2,2,1.0,1.0,2,2,1.0,4,4,1.0,False,0,True,True
00466076,12,12,12,12,6,6,6,6,1.0,1.0,30,30,1.0,36,36,1.0,False,0,True,True
00466180,5,5,5,5,0,0,0,0,,,0,0,,0,0,,False,0,True,True
00466196,0,0,0,0,0,0,0,0,,,0,0,,0,0,,False,0,True,True
00466220,4,4,4,4,2,2,2,2,1.0,1.0,2,2,1.0,4,4,1.0,False,0,True,True
00466290,4,4,4,4,2,2,2,2,1.0,1.0,2,2,1.0,4,4,1.0,False,0,True,True
00466315,6,6,6,6,3,3,3,3,1.0,1.0,6,6,1.0,9,9,1.0,False,0,True,True
00466330,4,4,4,4,2,2,2,2,1.0,1.0,2,2,1.0,4,4,1.0,False,0,True,True
00466456,10,11,10,11,6,4,6,4,1.0,1.0,9,9,1.0,12,12,1.0,False,1,True,True
00466567,20,20,20,20,20,0,19,0,0.95,,9,10,0.9,0,0,,False,0,True,True
00466732,0,0,0,0,0,0,0,0,,,0,0,,0,0,,False,0,True,True
00466753,10,11,10,9,4,6,3,4,0.75,0.6666666666666666,0,0,,0,0,,False,1,True,True
00466988,0,0,0,0,0,0,0,0,,,0,0,,0,0,,False,0,True,True
00467027,4,4,4,4,2,2,2,2,1.0,1.0,2,2,1.0,4,4,1.0,False,0,True,True
00467220,0,0,0,0,0,0,0,0,,,0,0,,0,0,,False,0,True,True
00467268,3,3,3,3,1,2,1,2,1.0,1.0,1,1,1.0,2,2,1.0,False,0,True,True
00467386,0,0,0,0,0,0,0,0,,,0,0,,0,0,,False,0,True,True
00467407,8,10,8,10,0,0,2,2,,,0,0,,0,0,,False,2,True,True
00467518,8,11,8,8,4,4,3,3,0.75,0.75,0,0,,0,0,,False,1,True,True
00467531,4,4,4,4,2,2,2,2,1.0,1.0,2,2,1.0,4,4,1.0,False,0,True,True
00467603,4,4,4,4,2,2,2,2,1.0,1.0,2,2,1.0,4,4,1.0,False,0,True,True
00467604,8,8,8,8,4,4,4,4,1.0,1.0,12,12,1.0,16,16,1.0,False,0,True,True
00467625,4,4,4,4,2,2,2,2,1.0,1.0,2,2,1.0,4,4,1.0,False,0,True,True
00467680,0,0,0,0,0,0,0,0,,,0,0,,0,0,,False,0,True,True
00467787,4,4,4,4,2,2,2,2,1.0,1.0,2,2,1.0,4,4,1.0,False,0,True,True
00467844,4,4,4,4,2,2,2,2,1.0,1.0,2,2,1.0,4,4,1.0,False,0,True,True
00467934,4,4,4,4,0,4,0,4,,1.0,2,2,1.0,0,0,,False,0,True,True
00468332,4,4,4,4,2,2,2,2,1.0,1.0,2,2,1.0,4,4,1.0,False,0,True,True
00468434,28,28,28,28,14,14,13,11,0.9285714285714286,0.7857142857142857,21,38,0.5526315789473685,31,52,0.5961538461538461,False,0,True,True
00468466,8,8,8,8,4,2,4,2,1.0,1.0,7,7,1.0,8,8,1.0,False,0,True,True
00468543,8,9,8,8,4,4,3,4,0.75,1.0,0,0,,0,0,,False,1,True,True
00469190,4,4,4,4,2,2,2,2,1.0,1.0,2,2,1.0,4,4,1.0,False,0,True,True
00469391,4,4,4,4,2,2,2,2,1.0,1.0,2,2,1.0,4,4,1.0,False,0,True,True
00469532,4,4,4,4,2,2,2,2,1.0,1.0,2,2,1.0,4,4,1.0,False,0,True,True
00469641,0,0,0,0,0,0,0,0,,,0,0,,0,0,,False,0,True,True
00469743,4,4,4,4,2,2,2,2,1.0,1.0,2,2,1.0,4,4,1.0,False,0,True,True
00469793,8,8,8,8,4,4,4,4,1.0,1.0,4,4,1.0,8,8,1.0,False,0,True,True
00469798,4,4,4,4,2,2,2,2,1.0,1.0,2,2,1.0,4,4,1.0,False,0,True,True
00469827,12,12,12,12,6,6,6,6,1.0,1.0,6,6,1.0,12,12,1.0,False,0,True,True
00469971,0,0,0,0,0,0,0,0,,,0,0,,0,0,,False,0,True,True
00470319,0,0,0,0,0,0,0,0,,,0,0,,0,0,,False,0,True,True
00470399,4,4,4,4,2,2,2,2,1.0,1.0,2,2,1.0,4,4,1.0,False,0,True,True
00470427,12,12,12,12,6,6,6,6,1.0,1.0,6,6,1.0,12,12,1.0,False,0,True,True
00470452,4,4,4,4,2,2,2,2,1.0,1.0,2,2,1.0,4,4,1.0,False,0,True,True
00470508,2,2,2,2,1,0,1,0,1.0,,0,0,,0,0,,False,0,True,True
00470611,4,4,4,4,2,2,2,2,1.0,1.0,2,2,1.0,4,4,1.0,False,0,True,True
00470696,18,18,18,18,10,8,10,8,1.0,1.0,8,8,1.0,16,16,1.0,False,0,True,True
00470756,0,0,0,0,0,0,0,0,,,0,0,,0,0,,False,0,True,True
00470775,3,3,3,3,1,0,1,0,1.0,,0,0,,0,0,,False,0,True,True
00470963,8,8,8,8,4,4,4,4,1.0,1.0,4,4,1.0,8,8,1.0,False,0,True,True
00471091,14,14,14,14,8,6,6,5,0.75,0.8333333333333334,25,43,0.5813953488372093,43,48,0.8958333333333334,False,0,True,True
00471159,4,4,4,4,2,2,2,2,1.0,1.0,2,2,1.0,4,4,1.0,False,0,True,True
00471300,8,8,8,8,4,4,4,4,1.0,1.0,12,12,1.0,16,16,1.0,False,0,True,True
00471345,20,24,20,24,10,10,9,7,0.9,0.7,4,4,1.0,8,8,1.0,False,3,True,True
00471349,0,0,0,0,0,0,0,0,,,0,0,,0,0,,False,0,True,True
00471383,0,1,0,0,0,0,0,0,,,0,0,,0,0,,False,1,True,True
00471421,6,6,6,6,3,2,3,2,1.0,1.0,4,4,1.0,6,6,1.0,False,0,True,True
00471712,12,12,12,12,6,6,6,6,1.0,1.0,6,6,1.0,12,12,1.0,False,0,True,True
00471845,18,19,18,18,7,9,6,9,0.8571428571428571,1.0,6,9,0.6666666666666666,11,18,0.6111111111111112,False,1,True,True
00471897,6,6,6,6,4,2,4,2,1.0,1.0,3,3,1.0,4,4,1.0,False,0,True,True
00472027,0,0,0,0,0,0,0,0,,,0,0,,0,0,,False,0,True,True
00472273,0,0,0,0,0,0,0,0,,,0,0,,0,0,,False,0,True,True
00472622,12,12,12,12,6,6,6,5,1.0,0.8333333333333334,11,14,0.7857142857142857,16,20,0.8,False,0,True,True
00472674,10,12,10,11,4,6,4,5,1.0,0.8333333333333334,0,0,,0,0,,False,1,True,True
00472848,4,4,4,4,2,2,2,2,1.0,1.0,2,2,1.0,4,4,1.0,False,0,True,True
00473372,4,4,4,4,2,2,2,2,1.0,1.0,2,2,1.0,4,4,1.0,False,0,True,True
00473397,12,12,12,12,6,6,6,6,1.0,1.0,6,6,1.0,12,12,1.0,False,0,True,True
00473583,4,4,4,4,2,2,2,2,1.0,1.0,2,2,1.0,4,4,1.0,False,0,True,True
00473938,4,4,4,4,2,2,2,2,1.0,1.0,2,2,1.0,4,4,1.0,False,0,True,True
00474291,14,14,14,14,7,6,7,6,1.0,1.0,8,8,1.0,14,14,1.0,False,0,True,True
00474374,4,4,4,4,2,2,2,2,1.0,1.0,2,2,1.0,4,4,1.0,False,0,True,True
00474378,1,0,1,0,1,0,0,0,0.0,,0,0,,0,0,,False,1,True,True
00474450,4,4,4,4,2,2,2,2,1.0,1.0,2,2,1.0,4,4,1.0,False,0,True,True
00474740,6,5,6,5,4,2,4,1,1.0,0.5,1,1,1.0,0,0,,False,1,True,True
00474900,4,4,4,4,2,2,2,2,1.0,1.0,2,2,1.0,4,4,1.0,False,0,True,True
00474918,22,21,22,20,10,12,5,6,0.5,0.5,0,0,,0,0,,False,1,True,True
00474922,4,4,4,4,2,2,2,2,1.0,1.0,2,2,1.0,4,4,1.0,False,0,True,True
00475148,4,4,4,4,2,2,2,2,1.0,1.0,2,2,1.0,4,4,1.0,False,0,True,True
00475181,13,0,13,15,1,2,0,0,0.0,0.0,0,0,,0,0,,False,0,True,False
00475184,6,7,6,7,4,2,4,3,1.0,1.5,1,1,1.0,2,2,1.0,False,1,True,True
00475230,24,24,24,24,12,12,12,12,1.0,1.0,12,12,1.0,24,24,1.0,False,0,True,True
00475408,4,4,4,4,2,2,2,2,1.0,1.0,2,2,1.0,4,4,1.0,False,0,True,True
00475502,2,2,2,2,2,0,2,0,1.0,,1,1,1.0,0,0,,False,0,True,True
00475715,4,4,4,4,2,2,2,2,1.0,1.0,2,2,1.0,4,4,1.0,False,0,True,True
00475727,0,0,0,0,0,0,0,0,,,0,0,,0,0,,False,0,True,True
00476038,4,4,4,4,2,2,2,2,1.0,1.0,2,2,1.0,4,4,1.0,False,0,True,True
00476078,24,24,24,24,12,12,11,10,0.9166666666666666,0.8333333333333334,9,12,0.75,18,24,0.75,False,0,True,True
00476478,0,0,0,0,0,0,0,0,,,0,0,,0,0,,False,0,True,True
00476498,5,6,5,5,3,2,3,2,1.0,1.0,0,0,,0,0,,False,1,True,True
00476513,7,7,7,7,3,2,3,2,1.0,1.0,2,2,1.0,4,4,1.0,False,0,True,True
00476518,0,0,0,0,0,0,0,0,,,0,0,,0,0,,False,0,True,True
00476531,28,28,28,28,10,12,12,9,1.2,0.75,8,21,0.38095238095238093,24,33,0.7272727272727273,False,0,True,True
00476559,16,16,16,16,8,8,8,8,1.0,1.0,8,8,1.0,16,16,1.0,False,0,True,True
00476594,4,4,4,4,2,2,2,2,1.0,1.0,2,2,1.0,4,4,1.0,False,0,True,True
00476717,4,4,4,4,2,2,2,2,1.0,1.0,2,2,1.0,4,4,1.0,False,0,True,True
00476756,4,4,4,4,2,2,2,2,1.0,1.0,2,2,1.0,4,4,1.0,False,0,True,True
00476813,20,20,20,20,10,10,10,10,1.0,1.0,10,10,1.0,20,20,1.0,False,0,True,True
00476858,4,4,4,4,2,1,2,2,1.0,2.0,1,1,1.0,2,2,1.0,False,0,True,True
00476915,9,10,9,10,5,4,4,5,0.8,1.25,4,6,0.6666666666666666,6,9,0.6666666666666666,False,1,True,True
00477087,4,4,4,4,2,2,2,2,1.0,1.0,2,2,1.0,4,4,1.0,False,0,True,True
00477268,4,4,4,4,2,2,1,1,0.5,0.5,0,2,0.0,3,4,0.75,False,0,True,True
00477350,4,4,4,4,2,2,2,2,1.0,1.0,2,2,1.0,4,4,1.0,False,0,True,True
00477351,12,12,12,12,6,6,4,6,0.6666666666666666,1.0,4,6,0.6666666666666666,8,12,0.6666666666666666,False,0,True,True
00477464,16,16,16,16,7,8,6,8,0.8571428571428571,1.0,5,6,0.8333333333333334,10,13,0.7692307692307693,False,0,True,True
00477799,18,18,18,18,8,10,3,8,0.375,0.8,12,45,0.26666666666666666,15,52,0.28846153846153844,False,0,True,True
00477826,0,0,0,0,0,0,0,0,,,0,0,,0,0,,False,0,True,True
00477885,0,0,0,0,0,0,0,0,,,0,0,,0,0,,False,0,True,True
00477958,0,0,0,0,0,0,0,0,,,0,0,,0,0,,False,0,True,True
00478247,8,8,8,8,4,4,4,4,1.0,1.0,4,4,1.0,8,8,1.0,False,0,True,True
00478318,19,19,19,19,11,8,11,5,1.0,0.625,18,24,0.75,29,32,0.90625,False,0,True,True
00478429,8,8,8,8,4,4,4,4,1.0,1.0,4,4,1.0,8,8,1.0,False,0,True,True
00478468,0,0,0,0,0,0,0,0,,,0,0,,0,0,,False,0,True,True
00478561,0,0,0,0,0,0,0,0,,,0,0,,0,0,,False,0,True,True
00478633,6,6,6,6,1,1,0,3,0.0,3.0,0,0,,0,0,,False,0,True,True
00478981,6,6,6,6,0,2,0,2,,1.0,1,3,0.3333333333333333,0,0,,False,0,True,True
00479292,4,4,4,4,2,2,2,2,1.0,1.0,2,2,1.0,4,4,1.0,False,0,True,True
00479385,8,9,8,8,4,4,3,3,0.75,0.75,0,0,,0,0,,False,1,True,True
00479403,4,4,4,4,2,2,2,2,1.0,1.0,2,2,1.0,4,4,1.0,False,0,True,True
00479434,4,4,4,4,2,2,2,2,1.0,1.0,2,2,1.0,4,4,1.0,False,0,True,True
00479452,4,4,4,4,2,2,2,2,1.0,1.0,2,2,1.0,4,4,1.0,False,0,True,True
00479455,10,10,10,10,6,4,6,4,1.0,1.0,9,9,1.0,12,12,1.0,False,0,True,True
00479545,4,4,4,4,2,2,2,2,1.0,1.0,2,2,1.0,4,4,1.0,False,0,True,True
00479548,9,9,9,9,4,4,4,4,1.0,1.0,6,6,1.0,10,10,1.0,False,0,True,True
00479555,4,4,4,4,2,2,2,2,1.0,1.0,2,2,1.0,4,4,1.0,False,0,True,True
00479659,0,0,0,0,0,0,0,0,,,0,0,,0,0,,False,0,True,True
00479662,11,12,11,12,6,5,6,5,1.0,1.0,4,4,1.0,8,8,1.0,False,1,True,True
00479904,4,4,4,4,2,2,2,2,1.0,1.0,2,2,1.0,4,4,1.0,False,0,True,True
00480097,0,0,0,0,0,0,0,0,,,0,0,,0,0,,False,0,True,True
00480145,7,7,7,7,4,3,4,3,1.0,1.0,3,3,1.0,6,6,1.0,False,0,True,True
00480189,10,10,10,10,4,2,4,2,1.0,1.0,2,7,0.2857142857142857,2,8,0.25,False,0,True,True
00480491,10,10,10,10,4,6,4,6,1.0,1.0,21,21,1.0,24,24,1.0,False,0,True,True
00480719,20,20,20,20,10,10,10,10,1.0,1.0,10,10,1.0,20,20,1.0,False,0,True,True
00480799,4,6,4,3,0,0,0,2,,,0,0,,0,0,,True,1,True,True
00480839,0,0,0,0,0,0,0,0,,,0,0,,0,0,,False,0,True,True
00480992,8,8,8,8,4,4,4,4,1.0,1.0,4,4,1.0,8,8,1.0,False,0,True,True
00480996,10,10,10,10,4,4,4,4,1.0,1.0,2,2,1.0,6,6,1.0,False,0,True,True
00481016,22,22,22,22,10,10,9,9,0.9,0.9,6,10,0.6,25,28,0.8928571428571429,False,0,True,True
00481017,20,20,20,20,10,10,10,10,1.0,1.0,10,10,1.0,20,20,1.0,False,0,True,True
00481191,24,24,24,24,12,12,12,12,1.0,1.0,12,12,1.0,24,24,1.0,False,0,True,True
00481197,9,9,9,9,4,5,4,5,1.0,1.0,6,6,1.0,10,10,1.0,False,0,True,True
00481279,10,10,10,10,5,5,5,5,1.0,1.0,8,8,1.0,13,13,1.0,False,0,True,True
00481300,11,11,11,11,5,5,5,5,1.0,1.0,12,12,1.0,17,17,1.0,False,0,True,True
00481349,0,0,0,0,0,0,0,0,,,0,0,,0,0,,False,0,True,True
00481449,4,4,4,4,2,2,2,2,1.0,1.0,2,2,1.0,4,4,1.0,False,0,True,True
00481497,10,10,10,10,4,6,3,5,0.75,0.8333333333333334,13,21,0.6190476190476191,15,24,0.625,False,0,True,True
00481549,0,0,0,0,0,0,0,0,,,0,0,,0,0,,False,0,True,True
00481669,4,4,4,4,2,2,2,2,1.0,1.0,2,2,1.0,4,4,1.0,False,0,True,True
00481974,4,4,4,4,2,2,2,2,1.0,1.0,2,2,1.0,4,4,1.0,False,0,True,True
00482104,24,24,24,24,12,12,12,12,1.0,1.0,12,12,1.0,24,24,1.0,False,0,True,True
00482402,4,4,4,4,2,2,2,2,1.0,1.0,2,2,1.0,4,4,1.0,False,0,True,True
00482528,0,0,0,0,0,0,0,0,,,0,0,,0,0,,False,0,True,True
00482647,13,14,13,14,6,3,9,4,1.5,1.3333333333333333,4,7,0.5714285714285714,8,8,1.0,False,1,True,True
00482678,4,4,4,4,2,2,2,2,1.0,1.0,2,2,1.0,4,4,1.0,False,0,True,True
00482788,4,4,4,4,2,2,2,2,1.0,1.0,2,2,1.0,4,4,1.0,False,0,True,True
00482967,29,32,29,32,16,9,12,14,0.75,1.5555555555555556,10,15,0.6666666666666666,20,25,0.8,False,2,True,True
00482997,26,32,26,32,14,11,13,14,0.9285714285714286,1.2727272727272727,3,4,0.75,6,8,0.75,True,3,True,True
00483107,8,8,8,8,4,4,4,4,1.0,1.0,4,4,1.0,8,8,1.0,False,0,True,True
00483156,0,0,0,0,0,0,0,0,,,0,0,,0,0,,False,0,True,True
00483284,6,6,6,6,1,1,2,1,2.0,1.0,0,0,,0,1,0.0,False,0,True,True
00483394,42,0,42,41,20,18,0,0,0.0,0.0,0,0,,0,0,,False,0,True,False
00483825,12,12,12,12,6,6,6,6,1.0,1.0,14,14,1.0,20,20,1.0,False,0,True,True
00483908,4,4,4,4,2,2,2,2,1.0,1.0,2,2,1.0,4,4,1.0,False,0,True,True
00483976,4,4,4,4,2,2,2,2,1.0,1.0,2,2,1.0,4,4,1.0,False,0,True,True
00484073,8,8,8,8,4,4,4,4,1.0,1.0,12,12,1.0,16,16,1.0,False,0,True,True
00484203,0,0,0,0,0,0,0,0,,,0,0,,0,0,,False,0,True,True
00484204,0,0,0,0,0,0,0,0,,,0,0,,0,0,,False,0,True,True
00484549,4,4,4,4,2,2,2,2,1.0,1.0,2,2,1.0,4,4,1.0,False,0,True,True
00484813,8,8,8,8,4,4,4,4,1.0,1.0,12,12,1.0,16,16,1.0,False,0,True,True
00484984,6,6,6,6,0,0,0,0,,,0,0,,0,0,,False,0,True,True
00485151,5,5,5,5,2,3,2,3,1.0,1.0,4,4,1.0,6,6,1.0,False,0,True,True
00485199,4,4,4,4,2,2,2,2,1.0,1.0,2,2,1.0,4,4,1.0,False,0,True,True
00485619,4,4,4,4,2,2,2,2,1.0,1.0,2,2,1.0,4,4,1.0,False,0,True,True
00485785,0,0,0,0,0,0,0,0,,,0,0,,0,0,,False,0,True,True
00485833,8,8,8,8,4,4,4,4,1.0,1.0,5,5,1.0,8,8,1.0,False,0,True,True
00485959,4,4,4,4,2,2,2,2,1.0,1.0,2,2,1.0,4,4,1.0,False,0,True,True
00486092,0,0,0,0,0,0,0,0,,,0,0,,0,0,,False,0,True,True
00486107,3,3,3,3,1,2,1,2,1.0,1.0,1,1,1.0,2,2,1.0,False,0,True,True
00486388,4,4,4,4,2,2,2,2,1.0,1.0,2,2,1.0,4,4,1.0,False,0,True,True
00486406,0,0,0,0,0,0,0,0,,,0,0,,0,0,,False,0,True,True
00486509,4,4,4,4,2,1,2,1,1.0,1.0,1,1,1.0,2,2,1.0,False,0,True,True
00486618,23,23,23,23,11,10,10,7,0.9090909090909091,0.7,12,33,0.36363636363636365,33,42,0.7857142857142857,False,0,True,True
00486655,36,38,36,38,18,18,12,17,0.6666666666666666,0.9444444444444444,8,15,0.5333333333333333,21,24,0.875,True,1,True,True
00486789,32,32,32,32,6,18,12,15,2.0,0.8333333333333334,13,24,0.5416666666666666,16,20,0.8,False,0,True,True
00486870,18,18,18,18,8,8,8,5,1.0,0.625,11,29,0.3793103448275862,28,36,0.7777777777777778,False,0,True,True
00486941,16,16,16,16,8,8,8,8,1.0,1.0,8,8,1.0,16,16,1.0,False,0,True,True
00486960,13,13,13,13,6,6,6,6,1.0,1.0,6,6,1.0,12,12,1.0,False,0,True,True
00486983,4,4,4,4,2,2,2,2,1.0,1.0,2,2,1.0,4,4,1.0,False,0,True,True
00487271,4,4,4,4,2,2,2,2,1.0,1.0,2,2,1.0,4,4,1.0,False,0,True,True
00487393,4,4,4,4,2,2,2,2,1.0,1.0,2,2,1.0,4,4,1.0,False,0,True,True
00487635,4,4,4,4,2,2,2,2,1.0,1.0,2,2,1.0,4,4,1.0,False,0,True,True
00488005,2,1,2,1,0,2,0,0,,0.0,0,0,,0,0,,False,1,True,True
00488009,0,0,0,0,0,0,0,0,,,0,0,,0,0,,False,0,True,True
00488227,4,4,4,4,2,2,2,2,1.0,1.0,2,2,1.0,4,4,1.0,False,0,True,True
00488382,4,4,4,4,2,2,2,2,1.0,1.0,2,2,1.0,4,4,1.0,False,0,True,True
00488415,4,4,4,4,2,2,2,2,1.0,1.0,2,2,1.0,4,4,1.0,False,0,True,True
00488419,13,13,13,13,7,6,5,4,0.7142857142857143,0.6666666666666666,16,36,0.4444444444444444,34,42,0.8095238095238095,False,0,True,True
00488508,16,16,16,16,6,10,5,10,0.8333333333333334,1.0,19,20,0.95,14,20,0.7,False,0,True,True
00488661,8,8,8,8,4,3,4,3,1.0,1.0,3,3,1.0,6,6,1.0,False,0,True,True
00488757,3,3,3,3,0,1,0,1,,1.0,0,0,,0,0,,False,0,True,True
00488860,14,14,14,14,7,7,5,5,0.7142857142857143,0.7142857142857143,20,42,0.47619047619047616,38,49,0.7755102040816326,False,0,True,True
00488869,6,6,6,6,0,2,0,2,,1.0,1,1,1.0,0,0,,False,0,True,True
00489044,4,4,4,4,2,2,2,2,1.0,1.0,2,2,1.0,4,4,1.0,False,0,True,True
00489077,0,0,0,0,0,0,0,0,,,0,0,,0,0,,False,0,True,True
00489123,4,4,4,4,2,2,2,2,1.0,1.0,2,2,1.0,4,4,1.0,False,0,True,True
00489132,4,4,4,4,2,2,2,2,1.0,1.0,2,2,1.0,4,4,1.0,False,0,True,True
00489212,16,16,16,16,8,8,8,8,1.0,1.0,8,8,1.0,16,16,1.0,False,0,True,True
00489349,4,4,4,4,2,2,2,2,1.0,1.0,2,2,1.0,4,4,1.0,False,0,True,True
00489352,4,4,4,4,2,2,2,2,1.0,1.0,2,2,1.0,4,4,1.0,False,0,True,True
00489368,9,9,9,9,3,3,3,3,1.0,1.0,0,0,,3,3,1.0,False,0,True,True
00489372,8,8,8,8,4,4,4,4,1.0,1.0,4,4,1.0,8,8,1.0,False,0,True,True
00489480,24,24,24,24,10,10,10,9,1.0,0.9,8,14,0.5714285714285714,15,24,0.625,False,0,True,True
00489511,0,0,0,0,0,0,0,0,,,0,0,,0,0,,False,0,True,True
00489649,8,8,8,8,4,4,4,4,1.0,1.0,12,12,1.0,16,16,1.0,False,0,True,True
00489726,8,8,8,8,4,4,4,4,1.0,1.0,12,12,1.0,16,16,1.0,False,0,True,True
00489727,8,8,8,8,4,4,4,4,1.0,1.0,12,12,1.0,16,16,1.0,False,0,True,True
00489881,4,4,4,4,2,2,2,2,1.0,1.0,2,2,1.0,4,4,1.0,False,0,True,True
00489936,4,4,4,4,2,2,2,2,1.0,1.0,2,2,1.0,4,4,1.0,False,0,True,True
00490032,18,18,18,18,6,0,6,0,1.0,,7,9,0.7777777777777778,0,0,,False,0,True,True
00490048,0,0,0,0,0,0,0,0,,,0,0,,0,0,,False,0,True,True
00490140,20,20,20,20,10,10,10,10,1.0,1.0,10,10,1.0,20,20,1.0,False,0,True,True
00490258,4,4,4,4,2,2,2,2,1.0,1.0,2,2,1.0,4,4,1.0,False,0,True,True
00490506,4,4,4,4,2,2,2,2,1.0,1.0,2,2,1.0,4,4,1.0,False,0,True,True
00491019,4,4,4,4,2,2,2,2,1.0,1.0,2,2,1.0,4,4,1.0,False,0,True,True
00491022,13,14,13,14,4,5,2,5,0.5,1.0,0,0,,0,0,,False,3,True,True
00491150,0,0,0,0,0,0,0,0,,,0,0,,0,0,,False,0,True,True
00491284,24,24,24,24,12,12,12,12,1.0,1.0,20,20,1.0,32,32,1.0,False,0,True,True
00491343,12,12,12,12,6,6,6,6,1.0,1.0,6,6,1.0,12,12,1.0,False,0,True,True
00491602,0,0,0,0,0,0,0,0,,,0,0,,0,0,,False,0,True,True
00491652,4,4,4,4,1,1,1,1,1.0,1.0,0,0,,1,1,1.0,False,0,True,True
00492237,12,12,12,12,6,6,6,6,1.0,1.0,14,14,1.0,20,20,1.0,False,0,True,True
00492701,31,31,31,31,17,13,15,9,0.8823529411764706,0.6923076923076923,18,26,0.6923076923076923,25,33,0.7575757575757576,False,0,True,True
00492810,14,14,14,14,6,8,6,8,1.0,1.0,6,6,1.0,12,12,1.0,False,0,True,True
00492866,8,8,8,8,4,4,4,4,1.0,1.0,12,12,1.0,16,16,1.0,False,0,True,True
00493151,8,8,8,8,6,2,6,2,1.0,1.0,1,3,0.3333333333333333,2,4,0.5,False,0,True,True
00493276,4,4,4,4,2,2,2,2,1.0,1.0,2,2,1.0,4,4,1.0,False,0,True,True
00493298,0,0,0,0,0,0,0,0,,,0,0,,0,0,,False,0,True,True
00493308,8,8,8,8,4,4,4,4,1.0,1.0,12,12,1.0,16,16,1.0,False,0,True,True
00493313,4,4,4,4,2,2,2,2,1.0,1.0,2,2,1.0,4,4,1.0,False,0,True,True
00493327,4,4,4,4,2,2,2,2,1.0,1.0,2,2,1.0,4,4,1.0,False,0,True,True
00493335,5,5,5,5,0,0,0,0,,,0,0,,0,0,,False,0,True,True
00493649,4,4,4,4,1,0,1,0,1.0,,1,1,1.0,2,2,1.0,False,0,True,True
00493652,6,6,6,6,0,0,0,0,,,1,1,1.0,0,0,,False,0,True,True
00493653,8,8,8,8,0,0,0,0,,,2,2,1.0,4,4,1.0,False,0,True,True
00493658,7,7,7,7,1,1,1,0,1.0,0.0,0,1,0.0,0,1,0.0,False,0,True,True
00493674,8,8,8,8,0,0,0,0,,,2,2,1.0,4,4,1.0,False,0,True,True
00493681,10,10,10,10,4,0,4,2,1.0,,3,6,0.5,0,0,,False,0,True,True
00493689,12,12,12,12,5,4,4,4,0.8,1.0,6,16,0.375,17,20,0.85,False,0,True,True
00493824,12,10,12,10,2,1,0,3,0.0,3.0,0,0,,0,0,,True,4,True,True
00493870,6,6,6,6,2,4,2,4,1.0,1.0,0,0,,2,2,1.0,False,0,True,True
00493971,6,6,6,6,3,3,3,3,1.0,1.0,6,6,1.0,9,9,1.0,False,0,True,True
00494095,3,3,3,3,1,0,1,0,1.0,,0,0,,0,0,,False,0,True,True
00494322,27,27,27,27,10,11,8,12,0.8,1.0909090909090908,5,7,0.7142857142857143,12,17,0.7058823529411765,False,0,True,True
00494330,3,3,3,3,1,1,1,1,1.0,1.0,0,0,,1,1,1.0,False,0,True,True
00494523,8,8,8,8,4,4,4,4,1.0,1.0,12,12,1.0,16,16,1.0,False,0,True,True
00494535,12,12,12,12,6,6,6,4,1.0,0.6666666666666666,6,14,0.42857142857142855,8,20,0.4,False,0,True,True
00494567,0,0,0,0,0,0,0,0,,,0,0,,0,0,,False,0,True,True
00494601,15,15,15,15,8,7,7,6,0.875,0.8571428571428571,8,12,0.6666666666666666,16,19,0.8421052631578947,False,0,True,True
00494624,0,0,0,0,0,0,0,0,,,0,0,,0,0,,False,0,True,True
00494789,26,26,26,26,10,8,11,11,1.1,1.375,10,25,0.4,16,32,0.5,False,0,True,True
00494835,0,0,0,0,0,0,0,0,,,0,0,,0,0,,False,0,True,True
00494836,0,0,0,0,0,0,0,0,,,0,0,,0,0,,False,0,True,True
00495026,0,0,0,0,0,0,0,0,,,0,0,,0,0,,False,0,True,True
00495050,0,0,0,0,0,0,0,0,,,0,0,,0,0,,False,0,True,True
00495056,0,0,0,0,0,0,0,0,,,0,0,,0,0,,False,0,True,True
00495062,0,0,0,0,0,0,0,0,,,0,0,,0,0,,False,0,True,True
00495087,4,4,4,4,2,2,2,2,1.0,1.0,2,2,1.0,4,4,1.0,False,0,True,True
00495088,5,5,5,5,1,0,1,0,1.0,,0,0,,0,0,,False,0,True,True
00495140,6,6,6,6,2,0,2,0,1.0,,3,3,1.0,0,0,,False,0,True,True
00495281,4,4,4,4,2,2,2,2,1.0,1.0,2,2,1.0,4,4,1.0,False,0,True,True
00495307,9,9,9,9,4,5,3,4,0.75,0.8,7,16,0.4375,13,20,0.65,False,0,True,True
00495312,4,4,4,4,0,0,0,0,,,0,0,,0,0,,False,0,True,True
00495388,8,8,8,8,4,4,4,4,1.0,1.0,4,4,1.0,8,8,1.0,False,0,True,True
00495523,7,7,7,7,3,4,3,4,1.0,1.0,9,9,1.0,12,12,1.0,False,0,True,True
00495615,0,0,0,0,0,0,0,0,,,0,0,,0,0,,False,0,True,True
00495850,12,0,12,14,6,6,0,0,0.0,0.0,0,0,,0,0,,False,0,True,False
00495851,4,4,4,4,2,2,2,2,1.0,1.0,2,2,1.0,4,4,1.0,False,0,True,True
00496107,15,17,15,17,10,5,8,4,0.8,0.8,1,1,1.0,2,2,1.0,False,2,True,True
00496136,14,18,14,17,8,6,7,6,0.875,1.0,0,2,0.0,1,4,0.25,False,3,True,True
00496232,20,20,20,20,10,10,10,9,1.0,0.9,23,26,0.8846153846153846,32,36,0.8888888888888888,False,0,True,True
00496358,8,8,8,8,4,3,4,3,1.0,1.0,3,3,1.0,6,6,1.0,False,0,True,True
00496379,4,4,4,4,2,2,2,2,1.0,1.0,2,2,1.0,4,4,1.0,False,0,True,True
00496495,16,17,16,17,8,8,5,6,0.625,0.75,6,12,0.5,13,16,0.8125,False,1,True,True
00496551,7,8,7,8,4,3,4,3,1.0,1.0,2,2,1.0,4,4,1.0,False,1,True,True
00496840,12,12,12,12,4,4,4,6,1.0,1.5,4,4,1.0,8,8,1.0,False,0,True,True
00496863,12,12,12,11,6,6,4,4,0.6666666666666666,0.6666666666666666,0,0,,0,0,,True,2,True,True
00496893,2,2,2,2,2,0,2,0,1.0,,1,1,1.0,0,0,,False,0,True,True
00497022,12,12,12,12,6,6,6,6,1.0,1.0,6,6,1.0,12,12,1.0,False,0,True,True
00497023,18,18,18,18,10,8,10,8,1.0,1.0,13,13,1.0,20,20,1.0,False,0,True,True
00497024,18,18,18,18,10,8,10,8,1.0,1.0,13,13,1.0,20,20,1.0,False,0,True,True
00497161,0,0,0,0,0,0,0,0,,,0,0,,0,0,,False,0,True,True
00497432,0,0,0,0,0,0,0,0,,,0,0,,0,0,,False,0,True,True
00497455,0,0,0,0,0,0,0,0,,,0,0,,0,0,,False,0,True,True
00497468,0,0,0,0,0,0,0,0,,,0,0,,0,0,,False,0,True,True
00497643,0,0,0,0,0,0,0,0,,,0,0,,0,0,,False,0,True,True
00497734,4,4,4,4,1,2,1,2,1.0,1.0,1,1,1.0,2,2,1.0,False,0,True,True
00497756,4,4,4,4,2,2,2,2,1.0,1.0,2,2,1.0,4,4,1.0,False,0,True,True
00497932,3,3,3,3,1,1,1,1,1.0,1.0,0,0,,1,1,1.0,False,0,True,True
00498551,4,4,4,4,2,2,2,2,1.0,1.0,2,2,1.0,4,4,1.0,False,0,True,True
00498807,0,0,0,0,0,0,0,0,,,0,0,,0,0,,False,0,True,True
00498835,4,4,4,4,2,2,2,2,1.0,1.0,2,2,1.0,4,4,1.0,False,0,True,True
00499055,4,4,4,4,2,2,2,2,1.0,1.0,2,2,1.0,4,4,1.0,False,0,True,True
00499083,0,0,0,0,0,0,0,0,,,0,0,,0,0,,False,0,True,True
00499286,20,21,20,21,4,4,5,2,1.25,0.5,0,0,,0,0,,False,1,True,True
00499288,10,10,10,10,6,4,5,3,0.8333333333333334,0.75,13,21,0.6190476190476191,21,24,0.875,False,0,True,True
00499337,3,3,3,3,1,0,1,0,1.0,,0,0,,0,0,,False,0,True,True
00499344,8,8,8,8,4,3,4,3,1.0,1.0,6,9,0.6666666666666666,12,12,1.0,False,0,True,True
00499421,8,8,8,8,0,0,0,2,,,0,0,,0,0,,False,0,True,True
00499437,12,12,12,12,6,6,6,6,1.0,1.0,14,14,1.0,20,20,1.0,False,0,True,True
00499478,6,6,6,6,2,0,2,0,1.0,,3,3,1.0,0,0,,False,0,True,True
00499587,0,0,0,0,0,0,0,0,,,0,0,,0,0,,False,0,True,True
00499968,29,29,29,29,14,12,11,13,0.7857142857142857,1.0833333333333333,10,13,0.7692307692307693,20,24,0.8333333333333334,False,0,True,True
00499982,17,17,17,17,8,6,9,7,1.125,1.1666666666666667,10,12,0.8333333333333334,14,18,0.7777777777777778,False,0,True,True
00500019,5,5,5,5,0,0,1,0,,,0,0,,0,0,,False,0,True,True
00500124,7,7,7,7,3,4,3,4,1.0,1.0,9,9,1.0,12,12,1.0,False,0,True,True
00500125,6,6,6,6,3,3,3,3,1.0,1.0,6,6,1.0,9,9,1.0,False,0,True,True
00500161,4,4,4,4,2,2,2,2,1.0,1.0,2,2,1.0,4,4,1.0,False,0,True,True
00500207,4,4,4,4,2,2,2,2,1.0,1.0,2,2,1.0,4,4,1.0,False,0,True,True
00500272,8,8,8,8,0,0,0,0,,,0,2,0.0,2,4,0.5,False,0,True,True
00500313,7,7,7,7,1,2,1,1,1.0,0.5,0,1,0.0,1,2,0.5,False,0,True,True
00500376,0,0,0,0,0,0,0,0,,,0,0,,0,0,,False,0,True,True
00500415,4,4,4,4,2,0,2,1,1.0,,1,2,0.5,0,0,,False,0,True,True
00500460,4,4,4,4,2,2,2,2,1.0,1.0,2,2,1.0,4,4,1.0,False,0,True,True
00500797,28,32,28,32,8,20,7,16,0.875,0.8,4,4,1.0,6,6,1.0,True,2,True,True
00500836,8,8,8,8,4,4,4,3,1.0,0.75,9,12,0.75,12,16,0.75,False,0,True,True
00500969,0,0,0,0,0,0,0,0,,,0,0,,0,0,,False,0,True,True
00500972,4,4,4,4,2,2,2,2,1.0,1.0,2,2,1.0,4,4,1.0,False,0,True,True
00500994,4,4,4,4,2,2,2,2,1.0,1.0,2,2,1.0,4,4,1.0,False,0,True,True
00501130,0,0,0,0,0,0,0,0,,,0,0,,0,0,,False,0,True,True
00501344,24,24,24,24,12,12,12,12,1.0,1.0,20,20,1.0,32,32,1.0,False,0,True,True
00501348,0,0,0,0,0,0,0,0,,,0,0,,0,0,,False,0,True,True
00501601,4,4,4,4,2,2,2,2,1.0,1.0,2,2,1.0,4,4,1.0,False,0,True,True
00501701,5,4,5,4,1,3,1,2,1.0,0.6666666666666666,0,0,,0,0,,False,1,True,True
00501744,4,4,4,4,2,2,2,2,1.0,1.0,2,2,1.0,4,4,1.0,False,0,True,True
00501918,12,12,12,12,6,6,6,6,1.0,1.0,6,6,1.0,12,12,1.0,False,0,True,True
00501923,0,0,0,0,0,0,0,0,,,0,0,,0,0,,False,0,True,True
00501955,4,4,4,4,2,2,2,2,1.0,1.0,2,2,1.0,4,4,1.0,False,0,True,True
00501998,16,16,16,16,6,7,6,6,1.0,0.8571428571428571,3,7,0.42857142857142855,8,13,0.6153846153846154,False,0,True,True
00502085,8,8,8,8,4,4,4,4,1.0,1.0,4,4,1.0,8,8,1.0,False,0,True,True
00502250,12,12,12,12,8,4,8,4,1.0,1.0,34,34,1.0,32,32,1.0,False,0,True,True
00502352,6,4,6,4,0,0,1,0,,,0,0,,0,0,,False,1,True,True
00502634,4,4,4,4,2,2,2,2,1.0,1.0,2,2,1.0,4,4,1.0,False,0,True,True
00502640,24,24,24,24,12,12,8,8,0.6666666666666666,0.6666666666666666,34,132,0.25757575757575757,62,144,0.4305555555555556,False,0,True,True
00503096,4,4,4,4,2,2,2,2,1.0,1.0,2,2,1.0,4,4,1.0,False,0,True,True
00503196,4,4,4,4,0,0,0,0,,,0,0,,0,0,,False,0,True,True
00503207,20,20,20,20,10,10,10,10,1.0,1.0,26,26,1.0,36,36,1.0,False,0,True,True
00503280,18,18,18,18,9,9,8,8,0.8888888888888888,0.8888888888888888,14,18,0.7777777777777778,25,27,0.9259259259259259,False,0,True,True
00503456,8,8,8,8,4,2,4,2,1.0,1.0,2,2,1.0,4,4,1.0,False,0,True,True
00503527,8,8,8,8,4,4,4,4,1.0,1.0,12,12,1.0,16,16,1.0,False,0,True,True
00503591,20,20,20,20,10,10,10,10,1.0,1.0,26,26,1.0,36,36,1.0,False,0,True,True
00503688,6,6,6,6,3,3,3,3,1.0,1.0,6,6,1.0,9,9,1.0,False,0,True,True
00503735,30,30,30,30,14,16,11,15,0.7857142857142857,0.9375,15,19,0.7894736842105263,22,32,0.6875,False,0,True,True
00503804,16,16,16,16,10,6,10,6,1.0,1.0,30,30,1.0,36,36,1.0,False,0,True,True
00503948,8,8,8,8,4,4,4,3,1.0,0.75,3,4,0.75,6,8,0.75,False,0,True,True
00503966,4,4,4,4,2,2,2,2,1.0,1.0,2,2,1.0,4,4,1.0,False,0,True,True
00504059,4,4,4,4,2,2,2,2,1.0,1.0,2,2,1.0,4,4,1.0,False,0,True,True
00504119,6,6,6,6,3,3,3,3,1.0,1.0,6,6,1.0,9,9,1.0,False,0,True,True
00504381,8,8,8,8,4,4,4,4,1.0,1.0,4,4,1.0,8,8,1.0,False,0,True,True
00505125,20,20,20,20,10,10,10,10,1.0,1.0,10,10,1.0,20,20,1.0,False,0,True,True
00505265,0,0,0,0,0,0,0,0,,,0,0,,0,0,,False,0,True,True
00505534,0,0,0,0,0,0,0,0,,,0,0,,0,0,,False,0,True,True
00505792,4,4,4,4,2,2,2,2,1.0,1.0,2,2,1.0,4,4,1.0,False,0,True,True
00505953,20,20,20,20,10,10,10,9,1.0,0.9,9,10,0.9,18,20,0.9,False,0,True,True
00506076,4,4,4,4,2,2,2,2,1.0,1.0,2,2,1.0,4,4,1.0,False,0,True,True
00506139,0,0,0,0,0,0,0,0,,,0,0,,0,0,,False,0,True,True
00506188,15,15,15,15,7,8,7,8,1.0,1.0,25,25,1.0,30,30,1.0,False,0,True,True
00506338,0,0,0,0,0,0,0,0,,,0,0,,0,0,,False,0,True,True
00506840,16,16,16,16,6,10,6,9,1.0,0.9,15,20,0.75,18,20,0.9,False,0,True,True
00506850,4,4,4,4,2,2,2,2,1.0,1.0,2,2,1.0,4,4,1.0,False,0,True,True
00506856,4,4,4,4,2,2,2,2,1.0,1.0,2,2,1.0,4,4,1.0,False,0,True,True
00506945,7,7,7,7,3,2,3,2,1.0,1.0,4,4,1.0,6,6,1.0,False,0,True,True
00507116,20,20,20,20,10,10,10,10,1.0,1.0,10,10,1.0,20,20,1.0,False,0,True,True
00507123,6,6,6,6,3,3,3,3,1.0,1.0,6,6,1.0,9,9,1.0,False,0,True,True
00507148,10,10,10,10,4,4,4,4,1.0,1.0,4,4,1.0,8,8,1.0,False,0,True,True
00507173,10,10,10,10,5,5,5,5,1.0,1.0,8,8,1.0,13,13,1.0,False,0,True,True
00507418,4,4,4,4,2,2,2,2,1.0,1.0,2,2,1.0,4,4,1.0,False,0,True,True
00507475,8,8,8,8,0,0,2,0,,,2,4,0.5,0,8,0.0,False,0,True,True
00507628,4,4,4,4,2,2,2,2,1.0,1.0,2,2,1.0,4,4,1.0,False,0,True,True
00507636,9,9,9,9,0,0,2,2,,,0,0,,0,0,,False,0,True,True
00507979,6,6,6,6,3,3,3,3,1.0,1.0,6,6,1.0,9,9,1.0,False,0,True,True
00508268,8,8,8,8,4,4,4,4,1.0,1.0,12,12,1.0,16,16,1.0,False,0,True,True
00508401,16,16,16,16,8,8,8,8,1.0,1.0,16,16,1.0,24,24,1.0,False,0,True,True
00508430,0,0,0,0,0,0,0,0,,,0,0,,0,0,,False,0,True,True
00508440,0,0,0,0,0,0,0,0,,,0,0,,0,0,,False,0,True,True
00508461,6,3,6,3,0,0,0,1,,,0,0,,0,0,,False,2,True,True
00508599,4,4,4,4,2,2,2,2,1.0,1.0,2,2,1.0,4,4,1.0,False,0,True,True
00508970,4,4,4,4,2,2,2,2,1.0,1.0,2,2,1.0,4,4,1.0,False,0,True,True
00509018,0,0,0,0,0,0,0,0,,,0,0,,0,0,,False,0,True,True
00509083,5,5,5,5,5,0,5,0,1.0,,10,10,1.0,0,0,,False,0,True,True
00509188,8,8,8,8,4,4,4,4,1.0,1.0,12,12,1.0,16,16,1.0,False,0,True,True
00509400,0,0,0,0,0,0,0,0,,,0,0,,0,0,,False,0,True,True
00509418,4,4,4,4,2,2,2,2,1.0,1.0,2,2,1.0,4,4,1.0,False,0,True,True
00509563,0,0,0,0,0,0,0,0,,,0,0,,0,0,,False,0,True,True
00509723,23,23,23,23,9,10,7,9,0.7777777777777778,0.9,7,13,0.5384615384615384,12,22,0.5454545454545454,False,0,True,True
00509764,4,4,4,4,2,2,2,2,1.0,1.0,2,2,1.0,4,4,1.0,False,0,True,True
00509855,20,20,20,20,10,10,10,5,1.0,0.5,7,18,0.3888888888888889,14,28,0.5,False,0,True,True
00509961,4,4,4,4,2,2,2,2,1.0,1.0,2,2,1.0,4,4,1.0,False,0,True,True
00509963,0,1,0,0,0,0,0,0,,,0,0,,0,0,,False,1,True,True
00509982,4,4,4,4,2,2,2,2,1.0,1.0,2,2,1.0,4,4,1.0,False,0,True,True
00510173,0,0,0,0,0,0,0,0,,,0,0,,0,0,,False,0,True,True
00510266,0,0,0,0,0,0,0,0,,,0,0,,0,0,,False,0,True,True
00510468,12,12,12,12,6,6,6,6,1.0,1.0,6,6,1.0,12,12,1.0,False,0,True,True
00510611,16,0,16,21,3,10,0,0,0.0,0.0,0,0,,0,0,,False,0,True,False
00510670,8,8,8,8,4,4,4,4,1.0,1.0,4,4,1.0,8,8,1.0,False,0,True,True
00510678,0,0,0,0,0,0,0,0,,,0,0,,0,0,,False,0,True,True
00510883,4,4,4,4,2,0,2,0,1.0,,1,1,1.0,0,0,,False,0,True,True
00510920,20,20,20,20,8,10,10,10,1.25,1.0,9,9,1.0,20,21,0.9523809523809523,False,0,True,True
00510943,8,8,8,8,4,4,4,4,1.0,1.0,4,4,1.0,8,8,1.0,False,0,True,True
00510999,8,8,8,8,4,4,4,4,1.0,1.0,12,12,1.0,16,16,1.0,False,0,True,True
00511014,4,4,4,4,2,2,2,2,1.0,1.0,2,2,1.0,4,4,1.0,False,0,True,True
00511066,0,0,0,0,0,0,0,0,,,0,0,,0,0,,False,0,True,True
00511094,4,4,4,4,2,2,2,2,1.0,1.0,2,2,1.0,4,4,1.0,False,0,True,True
00511174,4,4,4,4,2,2,2,2,1.0,1.0,2,2,1.0,4,4,1.0,False,0,True,True
00511214,0,0,0,0,0,0,0,0,,,0,0,,0,0,,False,0,True,True
00511327,4,4,4,4,2,2,2,2,1.0,1.0,2,2,1.0,4,4,1.0,False,0,True,True
00511349,6,6,6,6,4,0,4,0,1.0,,6,6,1.0,0,0,,False,0,True,True
00511382,4,4,4,4,2,2,2,2,1.0,1.0,2,2,1.0,4,4,1.0,False,0,True,True
00511440,11,11,11,11,6,4,4,5,0.6666666666666666,1.25,4,9,0.4444444444444444,13,18,0.7222222222222222,False,0,True,True
00511497,0,0,0,0,0,0,0,0,,,0,0,,0,0,,False,0,True,True
00511588,4,4,4,4,2,2,2,2,1.0,1.0,2,2,1.0,4,4,1.0,False,0,True,True
00511725,4,4,4,4,2,2,2,2,1.0,1.0,2,2,1.0,4,4,1.0,False,0,True,True
00511874,4,4,4,4,2,2,2,2,1.0,1.0,2,2,1.0,4,4,1.0,False,0,True,True
00512113,0,0,0,0,0,0,0,0,,,0,0,,0,0,,False,0,True,True
00512459,0,0,0,0,0,0,0,0,,,0,0,,0,0,,False,0,True,True
00512869,4,4,4,4,2,2,2,2,1.0,1.0,2,2,1.0,4,4,1.0,False,0,True,True
00512874,8,8,8,7,0,0,3,1,,,0,0,,0,0,,False,0,True,True
00512884,21,24,21,24,12,9,9,9,0.75,1.0,2,2,1.0,5,5,1.0,False,4,True,True
00513059,0,0,0,0,0,0,0,0,,,0,0,,0,0,,False,0,True,True
00513080,7,7,7,7,3,3,3,3,1.0,1.0,2,2,1.0,5,5,1.0,False,0,True,True
00513181,0,0,0,0,0,0,0,0,,,0,0,,0,0,,False,0,True,True
00513302,16,16,16,16,8,8,8,8,1.0,1.0,16,16,1.0,24,24,1.0,False,0,True,True
00513345,0,0,0,0,0,0,0,0,,,0,0,,0,0,,False,0,True,True
00513350,4,4,4,4,2,2,2,2,1.0,1.0,2,2,1.0,4,4,1.0,False,0,True,True
00513605,0,0,0,0,0,0,0,0,,,0,0,,0,0,,False,0,True,True
00513967,3,3,3,3,2,1,2,1,1.0,1.0,1,1,1.0,2,2,1.0,False,0,True,True
00514124,19,22,19,21,9,10,7,11,0.7777777777777778,1.1,6,9,0.6666666666666666,12,14,0.8571428571428571,False,2,True,True
00514141,4,4,4,4,2,2,2,2,1.0,1.0,2,2,1.0,4,4,1.0,False,0,True,True
00514147,8,8,8,8,4,4,4,3,1.0,0.75,9,12,0.75,16,16,1.0,False,0,True,True
00514314,4,4,4,4,2,2,2,2,1.0,1.0,2,2,1.0,4,4,1.0,False,0,True,True
00514546,8,8,8,8,4,4,4,4,1.0,1.0,4,4,1.0,8,8,1.0,False,0,True,True
00514556,6,6,6,6,3,3,3,3,1.0,1.0,6,6,1.0,9,9,1.0,False,0,True,True
00514560,0,0,0,0,0,0,0,0,,,0,0,,0,0,,False,0,True,True
00514611,2,2,2,2,0,2,0,2,,1.0,1,1,1.0,0,0,,False,0,True,True
00514679,4,4,4,4,2,2,2,2,1.0,1.0,2,2,1.0,4,4,1.0,False,0,True,True
00514734,5,5,5,5,1,2,1,2,1.0,1.0,1,1,1.0,2,2,1.0,False,0,True,True
00514751,4,4,4,4,2,2,2,2,1.0,1.0,2,2,1.0,4,4,1.0,False,0,True,True
00514779,4,4,4,4,1,2,1,2,1.0,1.0,1,1,1.0,2,2,1.0,False,0,True,True
00514804,0,0,0,0,0,0,0,0,,,0,0,,0,0,,False,0,True,True
00514846,8,8,8,8,4,4,4,4,1.0,1.0,12,12,1.0,16,16,1.0,False,0,True,True
00514870,8,8,8,8,4,4,4,4,1.0,1.0,12,12,1.0,16,16,1.0,False,0,True,True
00514985,8,8,8,8,4,4,4,4,1.0,1.0,4,4,1.0,8,8,1.0,False,0,True,True
00515152,5,5,5,5,0,0,0,0,,,0,0,,0,0,,False,0,True,True
00515294,8,8,8,8,4,4,4,4,1.0,1.0,4,4,1.0,8,8,1.0,False,0,True,True
00515346,4,4,4,4,2,2,2,2,1.0,1.0,2,2,1.0,4,4,1.0,False,0,True,True
00515500,28,28,28,28,10,6,8,11,0.8,1.8333333333333333,7,21,0.3333333333333333,12,20,0.6,False,0,True,True
00515701,5,7,5,6,3,2,2,4,0.6666666666666666,2.0,1,2,0.5,4,4,1.0,False,1,True,True
00515794,4,4,4,4,2,2,2,2,1.0,1.0,2,2,1.0,4,4,1.0,False,0,True,True
00515907,4,4,4,4,2,2,2,2,1.0,1.0,2,2,1.0,4,4,1.0,False,0,True,True
00515925,12,12,12,12,6,6,6,6,1.0,1.0,14,14,1.0,20,20,1.0,False,0,True,True
00516050,4,4,4,4,2,2,2,2,1.0,1.0,2,2,1.0,4,4,1.0,False,0,True,True
00516055,4,4,4,4,2,2,2,2,1.0,1.0,2,2,1.0,4,4,1.0,False,0,True,True
00516071,4,4,4,4,2,2,2,2,1.0,1.0,2,2,1.0,4,4,1.0,False,0,True,True
00516147,28,28,28,28,16,12,13,8,0.8125,0.6666666666666666,49,86,0.5697674418604651,86,96,0.8958333333333334,False,0,True,True
00516494,4,4,4,4,2,2,2,2,1.0,1.0,2,2,1.0,4,4,1.0,False,0,True,True
00516503,0,0,0,0,0,0,0,0,,,0,0,,0,0,,False,0,True,True
00516834,5,5,5,5,0,1,0,1,,1.0,0,0,,0,0,,False,0,True,True
00516928,12,12,12,12,0,0,2,0,,,3,4,0.75,7,10,0.7,False,0,True,True
00516995,8,8,8,8,4,4,4,4,1.0,1.0,4,4,1.0,8,8,1.0,False,0,True,True
00516997,0,0,0,0,0,0,0,0,,,0,0,,0,0,,False,0,True,True
00517116,8,8,8,8,4,4,4,4,1.0,1.0,12,12,1.0,16,16,1.0,False,0,True,True
00517338,4,4,4,4,2,2,2,2,1.0,1.0,2,2,1.0,4,4,1.0,False,0,True,True
00517457,0,0,0,0,0,0,0,0,,,0,0,,0,0,,False,0,True,True
00517599,0,0,0,0,0,0,0,0,,,0,0,,0,0,,False,0,True,True
00517626,6,6,6,6,2,0,2,0,1.0,,3,3,1.0,0,0,,False,0,True,True
00517718,0,0,0,0,0,0,0,0,,,0,0,,0,0,,False,0,True,True
00517730,16,16,16,16,8,8,8,8,1.0,1.0,8,8,1.0,16,16,1.0,False,0,True,True
00517752,4,4,4,4,2,2,2,2,1.0,1.0,2,2,1.0,4,4,1.0,False,0,True,True
00517781,7,7,7,7,2,4,2,4,1.0,1.0,7,7,1.0,8,8,1.0,False,0,True,True
00517800,4,4,4,4,2,2,2,2,1.0,1.0,2,2,1.0,4,4,1.0,False,0,True,True
00517934,4,4,4,4,2,2,2,2,1.0,1.0,2,2,1.0,4,4,1.0,False,0,True,True
00518289,32,32,32,32,16,16,16,16,1.0,1.0,16,16,1.0,32,32,1.0,False,0,True,True
00518528,8,8,8,8,4,2,4,2,1.0,1.0,2,2,1.0,4,4,1.0,False,0,True,True
00518531,0,0,0,0,0,0,0,0,,,0,0,,0,0,,False,0,True,True
00518536,0,0,0,0,0,0,0,0,,,0,0,,0,0,,False,0,True,True
00518789,12,12,12,12,6,6,6,5,1.0,0.8333333333333334,11,14,0.7857142857142857,16,20,0.8,False,0,True,True
00518802,10,10,10,10,2,0,2,0,1.0,,1,1,1.0,0,0,,False,0,True,True
00518910,8,8,8,8,4,4,3,4,0.75,1.0,3,4,0.75,6,8,0.75,False,0,True,True
00518919,28,28,28,28,14,14,12,11,0.8571428571428571,0.7857142857142857,21,38,0.5526315789473685,36,52,0.6923076923076923,False,0,True,True
00519039,12,12,12,12,6,6,6,6,1.0,1.0,14,14,1.0,20,20,1.0,False,0,True,True
00519094,4,4,4,4,2,2,2,2,1.0,1.0,2,2,1.0,4,4,1.0,False,0,True,True
00519284,8,8,8,8,2,0,2,0,1.0,,1,1,1.0,0,0,,False,0,True,True
00519312,4,4,4,4,2,1,2,1,1.0,1.0,1,1,1.0,2,2,1.0,False,0,True,True
00519317,8,8,8,8,4,4,4,4,1.0,1.0,4,4,1.0,8,8,1.0,False,0,True,True
00519334,0,0,0,0,0,0,0,0,,,0,0,,0,0,,False,0,True,True
00519351,16,16,16,16,8,8,8,8,1.0,1.0,8,8,1.0,16,16,1.0,False,0,True,True
00519355,4,4,4,4,2,2,2,2,1.0,1.0,2,2,1.0,4,4,1.0,False,0,True,True
00519441,13,13,13,13,6,7,6,7,1.0,1.0,18,18,1.0,24,24,1.0,False,0,True,True
00519445,4,4,4,4,2,2,2,2,1.0,1.0,2,2,1.0,4,4,1.0,False,0,True,True
00519494,0,0,0,0,0,0,0,0,,,0,0,,0,0,,False,0,True,True
00519508,4,4,4,4,2,2,2,2,1.0,1.0,2,2,1.0,4,4,1.0,False,0,True,True
00519533,8,8,8,8,4,4,4,4,1.0,1.0,4,4,1.0,8,8,1.0,False,0,True,True
00519590,8,8,8,8,4,4,4,4,1.0,1.0,4,4,1.0,8,8,1.0,False,0,True,True
00519796,8,8,8,8,3,2,4,3,1.3333333333333333,1.5,4,4,1.0,6,6,1.0,False,0,True,True
00519817,5,5,5,5,2,1,2,1,1.0,1.0,1,1,1.0,2,2,1.0,False,0,True,True
00520170,16,16,16,16,8,8,8,8,1.0,1.0,8,8,1.0,16,16,1.0,False,0,True,True
00520189,4,4,4,4,2,2,2,2,1.0,1.0,2,2,1.0,4,4,1.0,False,0,True,True
00520314,34,34,34,34,12,22,7,14,0.5833333333333334,0.6363636363636364,7,27,0.25925925925925924,17,34,0.5,True,1,True,True
00520597,4,4,4,4,2,2,2,2,1.0,1.0,2,2,1.0,4,4,1.0,False,0,True,True
00520669,0,0,0,0,0,0,0,0,,,0,0,,0,0,,False,0,True,True
00520699,4,4,4,4,2,2,2,2,1.0,1.0,2,2,1.0,4,4,1.0,False,0,True,True
00521097,6,6,6,6,4,2,4,2,1.0,1.0,7,7,1.0,8,8,1.0,False,0,True,True
00521155,12,12,12,12,6,6,6,6,1.0,1.0,14,14,1.0,20,20,1.0,False,0,True,True
00521233,0,0,0,0,0,0,0,0,,,0,0,,0,0,,False,0,True,True
00521439,4,4,4,4,2,2,2,2,1.0,1.0,2,2,1.0,4,4,1.0,False,0,True,True
00521442,4,4,4,4,2,2,2,2,1.0,1.0,2,2,1.0,4,4,1.0,False,0,True,True
00521709,0,0,0,0,0,0,0,0,,,0,0,,0,0,,False,0,True,True
00521732,24,24,24,24,12,12,12,12,1.0,1.0,28,28,1.0,40,40,1.0,False,0,True,True
00521815,0,0,0,0,0,0,0,0,,,0,0,,0,0,,False,0,True,True
00521996,4,4,4,4,2,2,2,2,1.0,1.0,2,2,1.0,4,4,1.0,False,0,True,True
00522138,16,16,16,16,10,6,10,6,1.0,1.0,20,20,1.0,20,20,1.0,False,0,True,True
00522439,0,0,0,0,0,0,0,0,,,0,0,,0,0,,False,0,True,True
00522533,4,4,4,4,2,2,2,2,1.0,1.0,2,2,1.0,4,4,1.0,False,0,True,True
00522536,4,4,4,4,0,0,0,0,,,0,0,,0,0,,False,0,True,True
00522590,4,4,4,4,2,2,2,2,1.0,1.0,2,2,1.0,4,4,1.0,False,0,True,True
00522967,6,6,6,6,0,0,0,0,,,3,3,1.0,0,0,,False,0,True,True
00523072,4,4,4,4,2,2,2,2,1.0,1.0,2,2,1.0,4,4,1.0,False,0,True,True
00523198,8,8,8,8,4,4,4,4,1.0,1.0,12,12,1.0,16,16,1.0,False,0,True,True
00523457,0,0,0,0,0,0,0,0,,,0,0,,0,0,,False,0,True,True
00523879,12,12,12,12,6,6,6,6,1.0,1.0,14,14,1.0,20,20,1.0,False,0,True,True
00523885,16,16,16,16,8,7,7,8,0.875,1.1428571428571428,6,7,0.8571428571428571,12,14,0.8571428571428571,False,0,True,True
00523905,0,0,0,0,0,0,0,0,,,0,0,,0,0,,False,0,True,True
00524350,28,26,28,26,8,12,8,7,1.0,0.5833333333333334,4,12,0.3333333333333333,15,16,0.9375,False,1,True,True
00524355,12,12,12,12,6,6,6,6,1.0,1.0,30,30,1.0,36,36,1.0,False,0,True,True
00524608,0,0,0,0,0,0,0,0,,,0,0,,0,0,,False,0,True,True
00524657,0,0,0,0,0,0,0,0,,,0,0,,0,0,,False,0,True,True
00524670,16,16,16,16,8,8,8,8,1.0,1.0,8,8,1.0,16,16,1.0,False,0,True,True
00524702,4,4,4,4,2,2,2,2,1.0,1.0,2,2,1.0,4,4,1.0,False,0,True,True
00524952,4,4,4,4,2,2,2,2,1.0,1.0,2,2,1.0,4,4,1.0,False,0,True,True
00525238,11,11,11,11,0,0,3,1,,,0,0,,0,0,,False,0,True,True
00525242,4,4,4,4,2,2,2,2,1.0,1.0,2,2,1.0,4,4,1.0,False,0,True,True
00525270,4,4,4,4,2,2,2,2,1.0,1.0,2,2,1.0,4,4,1.0,False,0,True,True
00525329,4,4,4,4,2,0,2,0,1.0,,1,1,1.0,0,0,,False,0,True,True
00525366,16,16,16,16,8,8,8,8,1.0,1.0,14,14,1.0,22,22,1.0,False,0,True,True
00525381,4,4,4,4,2,2,2,2,1.0,1.0,2,2,1.0,4,4,1.0,False,0,True,True
00525823,4,4,4,4,2,2,2,2,1.0,1.0,2,2,1.0,4,4,1.0,False,0,True,True
00525847,4,4,4,4,2,2,2,2,1.0,1.0,2,2,1.0,4,4,1.0,False,0,True,True
00526099,4,4,4,4,2,2,2,2,1.0,1.0,2,2,1.0,4,4,1.0,False,0,True,True
00526113,4,4,4,4,2,2,2,2,1.0,1.0,2,2,1.0,4,4,1.0,False,0,True,True
00526243,12,12,12,12,6,6,6,6,1.0,1.0,6,6,1.0,12,12,1.0,False,0,True,True
00526373,4,4,4,4,2,2,2,2,1.0,1.0,2,2,1.0,4,4,1.0,False,0,True,True
00526383,4,4,4,4,2,2,2,2,1.0,1.0,2,2,1.0,4,4,1.0,False,0,True,True
00526577,6,6,6,6,3,3,3,3,1.0,1.0,6,6,1.0,9,9,1.0,False,0,True,True
00526633,4,4,4,4,2,2,2,2,1.0,1.0,2,2,1.0,4,4,1.0,False,0,True,True
00526736,4,4,4,4,1,0,1,0,1.0,,0,0,,0,0,,False,0,True,True
00526811,4,4,4,4,2,2,2,2,1.0,1.0,2,2,1.0,4,4,1.0,False,0,True,True
00526814,12,15,12,14,8,4,6,4,0.75,1.0,0,0,,0,0,,False,2,True,True
00526846,0,0,0,0,0,0,0,0,,,0,0,,0,0,,False,0,True,True
00527292,9,9,9,9,1,4,1,4,1.0,1.0,6,6,1.0,4,4,1.0,False,0,True,True
00527376,20,20,20,20,8,5,8,5,1.0,1.0,9,19,0.47368421052631576,18,22,0.8181818181818182,False,0,True,True
00527439,3,3,3,3,1,1,1,1,1.0,1.0,0,0,,1,1,1.0,False,0,True,True
00527528,6,6,6,6,3,3,3,3,1.0,1.0,6,6,1.0,9,9,1.0,False,0,True,True
00527536,6,6,6,6,3,3,3,3,1.0,1.0,6,6,1.0,9,9,1.0,False,0,True,True
00527537,4,4,4,4,2,2,2,2,1.0,1.0,2,2,1.0,4,4,1.0,False,0,True,True
00527595,4,4,4,4,2,2,2,2,1.0,1.0,2,2,1.0,4,4,1.0,False,0,True,True
00527601,4,4,4,4,2,2,2,2,1.0,1.0,2,2,1.0,4,4,1.0,False,0,True,True
00527726,4,4,4,4,2,2,2,2,1.0,1.0,2,2,1.0,4,4,1.0,False,0,True,True
00527774,10,10,10,10,5,5,5,5,1.0,1.0,8,8,1.0,13,13,1.0,False,0,True,True
00527911,4,4,4,4,2,2,2,2,1.0,1.0,2,2,1.0,4,4,1.0,False,0,True,True
00527944,4,4,4,4,2,2,2,2,1.0,1.0,2,2,1.0,4,4,1.0,False,0,True,True
00527945,4,4,4,4,2,2,2,2,1.0,1.0,2,2,1.0,4,4,1.0,False,0,True,True
00528055,6,6,6,6,2,0,2,0,1.0,,3,3,1.0,0,0,,False,0,True,True
00528136,4,4,4,4,2,1,2,1,1.0,1.0,1,1,1.0,2,2,1.0,False,0,True,True
00528166,2,2,2,2,0,0,0,0,,,0,0,,0,0,,False,0,True,True
00528846,5,5,5,5,3,2,3,2,1.0,1.0,2,2,1.0,4,4,1.0,False,0,True,True
00528908,11,11,11,11,5,6,5,3,1.0,0.5,7,25,0.28,15,30,0.5,False,0,True,True
00529138,0,0,0,0,0,0,0,0,,,0,0,,0,0,,False,0,True,True
00529140,12,12,12,12,6,6,6,6,1.0,1.0,6,6,1.0,12,12,1.0,False,0,True,True
00529156,4,4,4,4,2,2,2,2,1.0,1.0,2,2,1.0,4,4,1.0,False,0,True,True
00529213,8,8,8,8,4,2,4,2,1.0,1.0,7,7,1.0,8,8,1.0,False,0,True,True
00529295,4,4,4,4,2,2,2,2,1.0,1.0,2,2,1.0,4,4,1.0,False,0,True,True
00529365,0,0,0,0,0,0,0,0,,,0,0,,0,0,,False,0,True,True
00529471,8,8,8,8,2,4,2,4,1.0,1.0,3,3,1.0,5,5,1.0,False,0,True,True
00529499,8,8,8,8,4,4,4,4,1.0,1.0,4,4,1.0,8,8,1.0,False,0,True,True
00529872,14,14,14,14,8,6,7,5,0.875,0.8333333333333334,13,19,0.6842105263157895,21,24,0.875,False,0,True,True
00529876,19,19,19,19,12,7,6,4,0.5,0.5714285714285714,4,35,0.11428571428571428,23,32,0.71875,False,0,True,True
00529923,16,16,16,16,8,8,8,8,1.0,1.0,8,8,1.0,16,16,1.0,False,0,True,True
00529973,12,12,12,12,5,4,5,5,1.0,1.25,6,6,1.0,10,10,1.0,False,0,True,True
00530006,6,6,6,6,3,3,3,3,1.0,1.0,6,6,1.0,9,9,1.0,False,0,True,True
00530019,9,9,9,9,4,3,4,3,1.0,1.0,3,3,1.0,6,6,1.0,False,0,True,True
00530158,14,14,14,14,8,6,8,6,1.0,1.0,11,11,1.0,16,16,1.0,False,0,True,True
00530271,9,9,9,9,3,4,3,4,1.0,1.0,4,4,1.0,7,7,1.0,False,0,True,True
00530282,6,6,6,6,3,2,3,2,1.0,1.0,4,4,1.0,6,6,1.0,False,0,True,True
00530284,6,6,6,6,3,3,3,3,1.0,1.0,6,6,1.0,9,9,1.0,False,0,True,True
00530292,4,4,4,4,2,2,2,2,1.0,1.0,2,2,1.0,4,4,1.0,False,0,True,True
00530297,4,4,4,4,2,2,2,2,1.0,1.0,2,2,1.0,4,4,1.0,False,0,True,True
00530301,6,6,6,6,3,3,3,3,1.0,1.0,6,6,1.0,9,9,1.0,False,0,True,True
00530320,6,6,6,6,3,3,3,3,1.0,1.0,6,6,1.0,9,9,1.0,False,0,True,True
00530362,6,6,6,6,3,3,3,3,1.0,1.0,6,6,1.0,9,9,1.0,False,0,True,True
00530374,8,8,8,8,4,4,4,4,1.0,1.0,12,12,1.0,16,16,1.0,False,0,True,True
00530383,6,6,6,6,3,3,3,3,1.0,1.0,6,6,1.0,9,9,1.0,False,0,True,True
00530411,4,4,4,4,1,0,1,0,1.0,,0,0,,0,0,,False,0,True,True
00530417,4,4,4,4,2,2,2,2,1.0,1.0,2,2,1.0,4,4,1.0,False,0,True,True
00530443,4,4,4,4,1,2,1,2,1.0,1.0,1,1,1.0,2,2,1.0,False,0,True,True
00530467,8,8,8,8,4,2,4,2,1.0,1.0,7,7,1.0,8,8,1.0,False,0,True,True
00530470,4,4,4,4,2,1,2,1,1.0,1.0,1,1,1.0,2,2,1.0,False,0,True,True
00530472,4,4,4,4,2,2,2,2,1.0,1.0,2,2,1.0,4,4,1.0,False,0,True,True
00530481,4,4,4,4,2,2,2,2,1.0,1.0,2,2,1.0,4,4,1.0,False,0,True,True
00530488,6,6,6,6,2,2,2,2,1.0,1.0,2,2,1.0,4,4,1.0,False,0,True,True
00530559,4,4,4,4,2,2,2,2,1.0,1.0,2,2,1.0,4,4,1.0,False,0,True,True
00530655,8,5,8,11,0,4,1,4,,1.0,1,1,1.0,0,0,,True,1,True,True
00530775,20,20,20,20,10,10,9,10,0.9,1.0,17,18,0.9444444444444444,26,28,0.9285714285714286,False,0,True,True
00530972,6,6,6,6,3,3,3,3,1.0,1.0,6,6,1.0,9,9,1.0,False,0,True,True
00530996,8,8,8,8,4,4,4,4,1.0,1.0,12,12,1.0,16,16,1.0,False,0,True,True
00531106,4,4,4,4,2,2,2,2,1.0,1.0,2,2,1.0,4,4,1.0,False,0,True,True
00531121,6,8,6,8,3,2,4,2,1.3333333333333333,1.0,0,0,,0,0,,False,2,True,True
00531450,0,0,0,0,0,0,0,0,,,0,0,,0,0,,False,0,True,True
00531454,0,0,0,0,0,0,0,0,,,0,0,,0,0,,False,0,True,True
00531461,0,0,0,0,0,0,0,0,,,0,0,,0,0,,False,0,True,True
00531511,31,0,31,35,16,15,0,0,0.0,0.0,0,0,,0,0,,True,0,True,True
00531744,4,4,4,4,2,2,2,2,1.0,1.0,2,2,1.0,4,4,1.0,False,0,True,True
00531770,10,9,10,9,2,8,2,6,1.0,0.75,2,3,0.6666666666666666,4,4,1.0,False,1,True,True
00531792,4,4,4,4,2,2,2,2,1.0,1.0,2,2,1.0,4,4,1.0,False,0,True,True
00531905,0,0,0,0,0,0,0,0,,,0,0,,0,0,,False,0,True,True
00531948,4,4,4,4,1,2,1,2,1.0,1.0,1,1,1.0,2,2,1.0,False,0,True,True
00532012,16,16,16,16,10,6,10,6,1.0,1.0,30,30,1.0,36,36,1.0,False,0,True,True
00532086,0,0,0,0,0,0,0,0,,,0,0,,0,0,,False,0,True,True
00532154,4,4,4,4,2,2,2,2,1.0,1.0,2,2,1.0,4,4,1.0,False,0,True,True
00532570,4,4,4,4,2,2,2,2,1.0,1.0,2,2,1.0,4,4,1.0,False,0,True,True
00533012,4,4,4,4,2,2,2,2,1.0,1.0,2,2,1.0,4,4,1.0,False,0,True,True
00533232,12,12,12,12,6,6,6,6,1.0,1.0,6,6,1.0,12,12,1.0,False,0,True,True
00533305,8,8,8,8,4,4,4,4,1.0,1.0,4,4,1.0,8,8,1.0,False,0,True,True
00533314,6,6,6,6,3,3,3,3,1.0,1.0,6,6,1.0,9,9,1.0,False,0,True,True
00533417,17,17,17,17,8,9,8,6,1.0,0.6666666666666666,11,20,0.55,28,28,1.0,False,0,True,True
00533580,24,24,24,24,12,12,12,12,1.0,1.0,20,20,1.0,32,32,1.0,False,0,True,True
00533584,0,0,0,0,0,0,0,0,,,0,0,,0,0,,False,0,True,True
00533614,7,7,7,7,3,3,3,3,1.0,1.0,2,2,1.0,5,5,1.0,False,0,True,True
00533632,4,4,4,4,2,2,2,2,1.0,1.0,2,2,1.0,4,4,1.0,False,0,True,True
00533760,24,24,24,24,6,6,8,7,1.3333333333333333,1.1666666666666667,12,16,0.75,17,20,0.85,False,0,True,True
00533761,6,6,6,6,3,3,3,3,1.0,1.0,6,6,1.0,9,9,1.0,False,0,True,True
00533990,0,0,0,0,0,0,0,0,,,0,0,,0,0,,False,0,True,True
00534040,0,0,0,0,0,0,0,0,,,0,0,,0,0,,False,0,True,True
00534043,0,0,0,0,0,0,0,0,,,0,0,,0,0,,False,0,True,True
00534147,4,4,4,4,2,2,2,2,1.0,1.0,2,2,1.0,4,4,1.0,False,0,True,True
00534148,4,4,4,4,2,2,2,2,1.0,1.0,2,2,1.0,4,4,1.0,False,0,True,True
00534149,4,4,4,4,2,2,2,2,1.0,1.0,2,2,1.0,4,4,1.0,False,0,True,True
00534295,0,0,0,0,0,0,0,0,,,0,0,,0,0,,False,0,True,True
00534297,4,4,4,4,0,0,0,0,,,0,0,,1,1,1.0,False,0,True,True
00534428,8,8,8,8,4,4,4,4,1.0,1.0,4,4,1.0,8,8,1.0,False,0,True,True
00534585,4,4,4,4,2,2,2,2,1.0,1.0,2,2,1.0,4,4,1.0,False,0,True,True
00534824,16,16,16,16,8,8,8,8,1.0,1.0,8,8,1.0,16,16,1.0,False,0,True,True
00534878,8,8,8,8,4,4,4,4,1.0,1.0,4,4,1.0,8,8,1.0,False,0,True,True
00534891,7,7,7,7,4,3,4,3,1.0,1.0,9,9,1.0,12,12,1.0,False,0,True,True
00535082,4,4,4,4,2,2,2,2,1.0,1.0,2,2,1.0,4,4,1.0,False,0,True,True
00535088,8,8,8,8,4,4,4,4,1.0,1.0,4,4,1.0,8,8,1.0,False,0,True,True
00535235,2,2,2,2,1,0,1,0,1.0,,0,0,,0,0,,False,0,True,True
00535291,4,4,4,4,2,2,2,2,1.0,1.0,2,2,1.0,4,4,1.0,False,0,True,True
00535469,0,0,0,0,0,0,0,0,,,0,0,,0,0,,False,0,True,True
00535479,0,0,0,0,0,0,0,0,,,0,0,,0,0,,False,0,True,True
00536090,23,25,23,25,10,11,11,11,1.1,1.0,6,8,0.75,19,19,1.0,False,2,True,True
00536120,4,4,4,4,2,2,2,2,1.0,1.0,2,2,1.0,4,4,1.0,False,0,True,True
00536205,4,4,4,4,2,2,2,2,1.0,1.0,2,2,1.0,4,4,1.0,False,0,True,True
00536452,4,4,4,4,2,2,2,2,1.0,1.0,2,2,1.0,4,4,1.0,False,0,True,True
00536453,15,15,15,15,7,8,7,8,1.0,1.0,13,13,1.0,20,20,1.0,False,0,True,True
00536640,0,0,0,0,0,0,0,0,,,0,0,,0,0,,False,0,True,True
00536704,4,4,4,4,2,2,2,2,1.0,1.0,2,2,1.0,4,4,1.0,False,0,True,True
00536772,6,6,6,6,3,3,3,3,1.0,1.0,6,6,1.0,9,9,1.0,False,0,True,True
00536777,12,12,12,12,6,6,6,6,1.0,1.0,14,14,1.0,20,20,1.0,False,0,True,True
00536778,8,8,8,8,4,4,4,4,1.0,1.0,12,12,1.0,16,16,1.0,False,0,True,True
00536791,4,4,4,4,2,2,2,2,1.0,1.0,2,2,1.0,4,4,1.0,False,0,True,True
00536824,9,9,9,9,4,4,4,4,1.0,1.0,4,4,1.0,8,8,1.0,False,0,True,True
00537002,8,8,8,8,4,4,4,4,1.0,1.0,12,12,1.0,16,16,1.0,False,0,True,True
00537042,3,3,3,3,1,2,1,2,1.0,1.0,1,1,1.0,2,2,1.0,False,0,True,True
00537111,0,0,0,0,0,0,0,0,,,0,0,,0,0,,False,0,True,True
00537416,4,4,4,4,2,2,2,2,1.0,1.0,2,2,1.0,4,4,1.0,False,0,True,True
00537417,4,4,4,4,2,2,2,2,1.0,1.0,2,2,1.0,4,4,1.0,False,0,True,True
00537434,4,4,4,4,2,2,2,2,1.0,1.0,2,2,1.0,4,4,1.0,False,0,True,True
00537479,14,14,14,14,6,6,6,6,1.0,1.0,12,12,1.0,18,18,1.0,False,0,True,True
00537490,11,11,11,11,5,3,5,3,1.0,1.0,4,4,1.0,5,5,1.0,False,0,True,True
00537503,8,8,8,8,4,4,4,4,1.0,1.0,12,12,1.0,16,16,1.0,False,0,True,True
00537568,4,4,4,4,2,2,2,2,1.0,1.0,2,2,1.0,4,4,1.0,False,0,True,True
00537597,6,6,6,6,4,2,4,2,1.0,1.0,7,7,1.0,8,8,1.0,False,0,True,True
00537656,16,16,16,16,8,8,8,8,1.0,1.0,16,16,1.0,24,24,1.0,False,0,True,True
00537685,0,0,0,0,0,0,0,0,,,0,0,,0,0,,False,0,True,True
00537718,19,19,19,19,9,9,8,8,0.8888888888888888,0.8888888888888888,18,24,0.75,30,33,0.9090909090909091,False,0,True,True
00537831,3,3,3,3,1,0,1,0,1.0,,0,0,,0,0,,False,0,True,True
00537858,4,4,4,4,2,2,2,2,1.0,1.0,2,2,1.0,4,4,1.0,False,0,True,True
00538172,3,3,3,3,1,1,1,1,1.0,1.0,0,0,,1,1,1.0,False,0,True,True
00538209,0,0,0,0,0,0,0,0,,,0,0,,0,0,,False,0,True,True
00538495,5,6,5,6,3,1,3,1,1.0,1.0,0,0,,1,1,1.0,False,1,True,True
00538762,0,0,0,0,0,0,0,0,,,0,0,,0,0,,False,0,True,True
00538912,4,4,4,4,2,2,2,2,1.0,1.0,2,2,1.0,4,4,1.0,False,0,True,True
00539153,4,4,4,4,2,2,2,2,1.0,1.0,2,2,1.0,4,4,1.0,False,0,True,True
00539273,4,4,4,4,2,2,2,2,1.0,1.0,2,2,1.0,4,4,1.0,False,0,True,True
00539398,6,6,6,6,3,3,3,3,1.0,1.0,6,6,1.0,9,9,1.0,False,0,True,True
00539575,8,8,8,8,4,4,4,4,1.0,1.0,4,4,1.0,8,8,1.0,False,0,True,True
00539786,4,4,4,4,2,2,2,2,1.0,1.0,2,2,1.0,4,4,1.0,False,0,True,True
00540013,8,8,8,8,4,3,4,4,1.0,1.3333333333333333,9,9,1.0,12,12,1.0,False,0,True,True
00540038,6,6,6,6,3,3,3,3,1.0,1.0,6,6,1.0,9,9,1.0,False,0,True,True
00540161,12,12,12,12,6,6,6,6,1.0,1.0,6,6,1.0,12,12,1.0,False,0,True,True
00540198,8,8,8,8,4,2,3,1,0.75,0.5,3,7,0.42857142857142855,7,8,0.875,False,0,True,True
00540224,4,4,4,4,2,2,2,2,1.0,1.0,2,2,1.0,4,4,1.0,False,0,True,True
00540245,4,4,4,4,2,2,2,2,1.0,1.0,2,2,1.0,4,4,1.0,False,0,True,True
00540429,0,0,0,0,0,0,0,0,,,0,0,,0,0,,False,0,True,True
00540545,0,0,0,0,0,0,0,0,,,0,0,,0,0,,False,0,True,True
00540570,3,3,3,3,1,1,1,1,1.0,1.0,0,0,,1,1,1.0,False,0,True,True
00540650,0,0,0,0,0,0,0,0,,,0,0,,0,0,,False,0,True,True
00540684,16,16,16,16,8,8,6,6,0.75,0.75,12,24,0.5,26,32,0.8125,False,0,True,True
00540736,10,10,10,10,8,2,7,2,0.875,1.0,22,29,0.7586206896551724,16,16,1.0,False,0,True,True
00540757,4,4,4,4,2,2,2,2,1.0,1.0,2,2,1.0,4,4,1.0,False,0,True,True
00540764,6,6,6,6,3,3,3,3,1.0,1.0,6,6,1.0,9,9,1.0,False,0,True,True
00540767,4,4,4,4,2,2,2,2,1.0,1.0,2,2,1.0,4,4,1.0,False,0,True,True
00540789,4,4,4,4,2,2,2,2,1.0,1.0,2,2,1.0,4,4,1.0,False,0,True,True
00540790,7,7,7,7,0,3,2,4,,1.3333333333333333,3,3,1.0,0,1,0.0,False,0,True,True
00540804,14,14,14,14,6,6,6,6,1.0,1.0,4,4,1.0,10,10,1.0,False,0,True,True
00540838,8,8,8,8,4,4,4,4,1.0,1.0,4,4,1.0,8,8,1.0,False,0,True,True
00540858,28,28,28,28,2,2,8,5,4.0,2.5,0,8,0.0,3,4,0.75,False,2,True,True
00540970,6,6,6,6,2,0,2,0,1.0,,3,3,1.0,0,0,,False,0,True,True
00541030,0,0,0,0,0,0,0,0,,,0,0,,0,0,,False,0,True,True
00541054,6,6,6,6,2,0,2,0,1.0,,3,3,1.0,0,0,,False,0,True,True
00541138,16,16,16,16,8,8,8,8,1.0,1.0,16,16,1.0,24,24,1.0,False,0,True,True
00541165,4,4,4,4,2,2,2,2,1.0,1.0,2,2,1.0,4,4,1.0,False,0,True,True
00541170,25,28,25,28,13,11,9,11,0.6923076923076923,1.0,6,6,1.0,12,12,1.0,False,1,True,True
00541238,6,6,6,6,2,0,2,0,1.0,,3,3,1.0,0,0,,False,0,True,True
00541462,6,6,6,6,1,1,1,1,1.0,1.0,0,0,,1,1,1.0,False,0,True,True
00541592,6,5,6,5,3,3,1,3,0.3333333333333333,1.0,0,0,,0,0,,False,1,True,True
00541629,8,7,8,7,0,0,0,0,,,0,0,,0,0,,False,1,True,True
00541804,4,4,4,4,2,2,2,2,1.0,1.0,2,2,1.0,4,4,1.0,False,0,True,True
00541860,12,12,12,12,6,6,6,6,1.0,1.0,30,30,1.0,36,36,1.0,False,0,True,True
00541894,14,0,14,13,10,4,0,0,0.0,0.0,0,0,,0,0,,False,0,True,False
00542134,0,0,0,0,0,0,0,0,,,0,0,,0,0,,False,0,True,True
00542255,4,4,4,4,2,2,2,2,1.0,1.0,2,2,1.0,4,4,1.0,False,0,True,True
00542278,0,0,0,0,0,0,0,0,,,0,0,,0,0,,False,0,True,True
00542369,4,4,4,4,2,0,2,0,1.0,,1,1,1.0,0,0,,False,0,True,True
00542394,22,25,22,25,6,16,6,13,1.0,0.8125,1,4,0.25,2,4,0.5,False,5,True,True
00542396,4,4,4,4,2,2,2,2,1.0,1.0,2,2,1.0,4,4,1.0,False,0,True,True
00542456,0,0,0,0,0,0,0,0,,,0,0,,0,0,,False,0,True,True
00542466,0,0,0,0,0,0,0,0,,,0,0,,0,0,,False,0,True,True
00543079,0,0,0,0,0,0,0,0,,,0,0,,0,0,,False,0,True,True
00543193,0,0,0,0,0,0,0,0,,,0,0,,0,0,,False,0,True,True
00543206,8,8,8,8,4,4,4,4,1.0,1.0,12,12,1.0,16,16,1.0,False,0,True,True
00543565,4,4,4,4,2,2,2,2,1.0,1.0,2,2,1.0,4,4,1.0,False,0,True,True
00543585,16,16,16,16,10,6,10,6,1.0,1.0,30,30,1.0,36,36,1.0,False,0,True,True
00543619,12,12,12,12,6,6,6,6,1.0,1.0,30,30,1.0,36,36,1.0,False,0,True,True
00544019,22,28,22,27,14,8,12,11,0.8571428571428571,1.375,0,0,,0,0,,False,2,True,True
00544358,19,0,19,22,17,2,0,0,0.0,0.0,0,0,,0,0,,False,0,True,False
00544376,8,8,8,8,3,4,3,4,1.0,1.0,9,9,1.0,12,12,1.0,False,0,True,True
00544388,8,8,8,8,4,4,4,4,1.0,1.0,12,12,1.0,16,16,1.0,False,0,True,True
00544482,4,4,4,4,2,2,2,2,1.0,1.0,2,2,1.0,4,4,1.0,False,0,True,True
00544492,4,4,4,4,2,2,2,2,1.0,1.0,2,2,1.0,4,4,1.0,False,0,True,True
00544685,12,12,12,12,6,6,6,6,1.0,1.0,30,30,1.0,36,36,1.0,False,0,True,True
00544980,3,3,3,3,3,0,3,0,1.0,,3,3,1.0,0,0,,False,0,True,True
00545608,12,12,12,12,6,6,5,4,0.8333333333333334,0.6666666666666666,16,30,0.5333333333333333,32,36,0.8888888888888888,False,0,True,True
00545713,16,16,16,16,8,8,8,8,1.0,1.0,8,8,1.0,16,16,1.0,False,0,True,True
00545772,8,8,8,8,4,3,4,4,1.0,1.3333333333333333,3,3,1.0,6,6,1.0,False,0,True,True
00545838,16,16,16,16,8,8,8,8,1.0,1.0,16,16,1.0,24,24,1.0,False,0,True,True
00546098,9,9,9,9,5,4,5,2,1.0,0.5,4,16,0.25,5,20,0.25,False,0,True,True
00546589,12,12,12,12,6,6,4,3,0.6666666666666666,0.5,9,30,0.3,30,36,0.8333333333333334,False,0,True,True
00546841,2,2,2,2,0,0,0,0,,,0,0,,0,0,,False,0,True,True
00547057,12,12,12,12,6,6,6,6,1.0,1.0,14,14,1.0,20,20,1.0,False,0,True,True
00547312,4,4,4,4,2,2,2,2,1.0,1.0,2,2,1.0,4,4,1.0,False,0,True,True
00547707,16,16,16,16,8,8,7,6,0.875,0.75,30,56,0.5357142857142857,36,64,0.5625,False,0,True,True
00547779,20,17,20,17,6,14,6,10,1.0,0.7142857142857143,3,5,0.6,5,7,0.7142857142857143,False,3,True,True
00547908,0,0,0,0,0,0,0,0,,,0,0,,0,0,,False,0,True,True
00548213,20,0,20,23,10,10,0,0,0.0,0.0,0,0,,0,0,,False,0,True,False
00548664,0,0,0,0,0,0,0,0,,,0,0,,0,0,,False,0,True,True
00548745,4,4,4,4,2,0,2,0,1.0,,1,1,1.0,0,0,,False,0,True,True
00548764,4,4,4,4,2,2,2,2,1.0,1.0,2,2,1.0,4,4,1.0,False,0,True,True
00548859,8,8,8,8,4,4,4,4,1.0,1.0,4,4,1.0,8,8,1.0,False,0,True,True
00549421,4,4,4,4,2,2,2,2,1.0,1.0,2,2,1.0,4,4,1.0,False,0,True,True
00549951,4,4,4,4,2,2,2,2,1.0,1.0,2,2,1.0,4,4,1.0,False,0,True,True
00550035,25,25,25,25,8,10,7,13,0.875,1.3,4,4,1.0,9,10,0.9,False,2,True,True
00550041,4,4,4,4,2,2,2,2,1.0,1.0,2,2,1.0,4,4,1.0,False,0,True,True
00550339,0,0,0,0,0,0,0,0,,,0,0,,0,0,,False,0,True,True
00550554,0,0,0,0,0,0,0,0,,,0,0,,0,0,,False,0,True,True
00550688,24,24,24,24,12,12,12,12,1.0,1.0,20,20,1.0,32,32,1.0,False,0,True,True
00550692,0,0,0,0,0,0,0,0,,,0,0,,0,0,,False,0,True,True
00550713,25,24,25,28,12,13,8,11,0.6666666666666666,0.8461538461538461,2,2,1.0,4,4,1.0,True,3,True,True
00550748,32,32,32,32,20,12,15,12,0.75,1.0,31,80,0.3875,34,64,0.53125,False,0,True,True
00550755,4,4,4,4,2,2,2,2,1.0,1.0,2,2,1.0,4,4,1.0,False,0,True,True
00550771,25,22,25,27,10,10,9,8,0.9,0.8,8,15,0.5333333333333333,18,20,0.9,True,0,True,True
00550807,8,8,8,8,4,4,4,3,1.0,0.75,9,12,0.75,12,16,0.75,False,0,True,True
00550837,20,20,20,20,12,6,12,6,1.0,1.0,16,16,1.0,20,20,1.0,False,0,True,True
00551181,44,19,44,43,22,16,8,6,0.36363636363636365,0.375,4,13,0.3076923076923077,10,12,0.8333333333333334,True,0,True,True
00551214,10,7,10,7,4,0,1,1,0.25,,0,0,,0,0,,False,1,True,True
00551226,4,4,4,4,0,0,0,1,,,0,0,,0,0,,False,0,True,True
00551292,10,10,10,10,6,2,6,2,1.0,1.0,8,8,1.0,8,8,1.0,False,0,True,True
00551340,8,8,8,8,4,4,4,4,1.0,1.0,4,4,1.0,8,8,1.0,False,0,True,True
00551355,20,20,20,20,10,10,10,10,1.0,1.0,10,10,1.0,20,20,1.0,False,0,True,True
00551566,0,0,0,0,0,0,0,0,,,0,0,,0,0,,False,0,True,True
00551733,0,0,0,0,0,0,0,0,,,0,0,,0,0,,False,0,True,True
00551819,0,0,0,0,0,0,0,0,,,0,0,,0,0,,False,0,True,True
00551874,0,0,0,0,0,0,0,0,,,0,0,,0,0,,False,0,True,True
00552012,0,0,0,0,0,0,0,0,,,0,0,,0,0,,False,0,True,True
00552068,8,8,8,8,4,4,4,4,1.0,1.0,4,4,1.0,8,8,1.0,False,0,True,True
00552134,4,4,4,4,2,2,1,2,0.5,1.0,1,2,0.5,4,4,1.0,False,0,True,True
00552239,6,6,6,6,3,3,3,3,1.0,1.0,6,6,1.0,9,9,1.0,False,0,True,True
00552500,4,4,4,4,2,2,2,2,1.0,1.0,2,2,1.0,4,4,1.0,False,0,True,True
00552534,4,4,4,4,2,2,2,2,1.0,1.0,2,2,1.0,4,4,1.0,False,0,True,True
00552808,0,0,0,0,0,0,0,0,,,0,0,,0,0,,False,0,True,True
00552809,4,4,4,4,2,2,2,2,1.0,1.0,2,2,1.0,4,4,1.0,False,0,True,True
00552824,9,9,9,9,4,1,4,1,1.0,1.0,6,6,1.0,4,4,1.0,False,0,True,True
00552957,0,0,0,0,0,0,0,0,,,0,0,,0,0,,False,0,True,True
00553273,4,4,4,4,2,2,2,2,1.0,1.0,2,2,1.0,4,4,1.0,False,0,True,True
00553274,4,4,4,4,2,2,2,2,1.0,1.0,2,2,1.0,4,4,1.0,False,0,True,True
00553275,4,4,4,4,2,2,2,2,1.0,1.0,2,2,1.0,4,4,1.0,False,0,True,True
00553321,0,0,0,0,0,0,0,0,,,0,0,,0,0,,False,0,True,True
00553493,15,15,15,15,9,6,7,6,0.7777777777777778,1.0,10,15,0.6666666666666666,16,18,0.8888888888888888,False,0,True,True
00553496,3,3,3,3,1,1,1,1,1.0,1.0,0,0,,1,1,1.0,False,0,True,True
00553694,5,5,5,5,1,0,1,0,1.0,,0,0,,0,0,,False,0,True,True
00553728,24,24,24,24,12,12,12,12,1.0,1.0,12,12,1.0,24,24,1.0,False,0,True,True
00553879,10,10,10,10,5,5,4,4,0.8,0.8,12,20,0.6,21,25,0.84,False,0,True,True
00553977,0,0,0,0,0,0,0,0,,,0,0,,0,0,,False,0,True,True
00554056,0,0,0,0,0,0,0,0,,,0,0,,0,0,,False,0,True,True
00554148,14,15,14,15,8,2,6,5,0.75,2.5,4,16,0.25,8,12,0.6666666666666666,False,1,True,True
00554345,0,1,0,1,0,0,0,0,,,0,0,,0,0,,False,1,True,True
00554439,4,4,4,4,2,2,2,2,1.0,1.0,2,2,1.0,4,4,1.0,False,0,True,True
00554730,5,5,5,5,3,2,3,2,1.0,1.0,2,2,1.0,4,4,1.0,False,0,True,True
00554754,6,6,6,6,2,2,2,2,1.0,1.0,2,2,1.0,4,4,1.0,False,0,True,True
00554770,0,0,0,0,0,0,0,0,,,0,0,,0,0,,False,0,True,True
00554865,3,3,3,3,3,0,3,0,1.0,,3,3,1.0,0,0,,False,0,True,True
00554958,6,6,6,6,3,2,3,2,1.0,1.0,4,4,1.0,6,6,1.0,False,0,True,True
00555442,0,0,0,0,0,0,0,0,,,0,0,,0,0,,False,0,True,True
00555448,16,16,16,16,8,8,8,8,1.0,1.0,24,24,1.0,32,32,1.0,False,0,True,True
00555449,0,0,0,0,0,0,0,0,,,0,0,,0,0,,False,0,True,True
00555740,4,4,4,4,2,2,2,2,1.0,1.0,2,2,1.0,4,4,1.0,False,0,True,True
00556004,19,19,19,19,7,10,6,10,0.8571428571428571,1.0,15,23,0.6521739130434783,18,26,0.6923076923076923,False,0,True,True
00556193,3,3,3,3,1,2,1,2,1.0,1.0,1,1,1.0,2,2,1.0,False,0,True,True
00556612,14,14,14,14,8,6,8,6,1.0,1.0,43,43,1.0,48,48,1.0,False,0,True,True
00556616,14,14,14,14,8,6,8,6,1.0,1.0,43,43,1.0,48,48,1.0,False,0,True,True
00556648,14,14,14,14,8,6,8,6,1.0,1.0,43,43,1.0,48,48,1.0,False,0,True,True
00556649,14,14,14,14,8,6,8,6,1.0,1.0,43,43,1.0,48,48,1.0,False,0,True,True
00556651,4,4,4,4,2,2,2,2,1.0,1.0,2,2,1.0,4,4,1.0,False,0,True,True
00556674,4,4,4,4,2,2,2,2,1.0,1.0,2,2,1.0,4,4,1.0,False,0,True,True
00556680,4,4,4,4,2,2,2,2,1.0,1.0,2,2,1.0,4,4,1.0,False,0,True,True
00556745,4,4,4,4,2,2,2,2,1.0,1.0,2,2,1.0,4,4,1.0,False,0,True,True
00556746,4,4,4,4,2,2,2,2,1.0,1.0,2,2,1.0,4,4,1.0,False,0,True,True
00556757,4,4,4,4,2,2,2,2,1.0,1.0,2,2,1.0,4,4,1.0,False,0,True,True
00557277,4,4,4,4,2,2,2,2,1.0,1.0,2,2,1.0,4,4,1.0,False,0,True,True
00557779,8,8,8,8,4,4,4,4,1.0,1.0,12,12,1.0,16,16,1.0,False,0,True,True
00557860,14,14,14,14,7,7,7,7,1.0,1.0,42,42,1.0,49,49,1.0,False,0,True,True
00557867,0,0,0,0,0,0,0,0,,,0,0,,0,0,,False,0,True,True
00557934,4,4,4,4,2,2,2,2,1.0,1.0,2,2,1.0,4,4,1.0,False,0,True,True
00558354,36,36,36,36,18,18,18,18,1.0,1.0,18,18,1.0,36,36,1.0,False,0,True,True
00558460,3,3,3,3,1,1,1,1,1.0,1.0,0,0,,1,1,1.0,False,0,True,True
00558617,43,43,43,43,17,19,18,11,1.0588235294117647,0.5789473684210527,3,6,0.5,8,12,0.6666666666666666,True,2,True,True
00558646,4,4,4,4,2,2,2,2,1.0,1.0,2,2,1.0,4,4,1.0,False,0,True,True
00558741,0,0,0,0,0,0,0,0,,,0,0,,0,0,,False,0,True,True
00558798,8,8,8,8,4,4,4,4,1.0,1.0,4,4,1.0,8,8,1.0,False,0,True,True
00558801,12,13,12,13,6,6,5,2,0.8333333333333334,0.3333333333333333,0,0,,0,0,,False,1,True,True
00558967,4,4,4,4,2,2,2,2,1.0,1.0,2,2,1.0,4,4,1.0,False,0,True,True
00559220,4,4,4,4,2,2,2,2,1.0,1.0,2,2,1.0,4,4,1.0,False,0,True,True
00559224,14,14,14,14,7,7,6,6,0.8571428571428571,0.8571428571428571,6,10,0.6,17,17,1.0,False,0,True,True
00559694,4,4,4,4,2,2,2,2,1.0,1.0,2,2,1.0,4,4,1.0,False,0,True,True
00559974,30,0,30,30,14,14,0,0,0.0,0.0,0,0,,0,0,,False,0,True,False
00559978,8,8,8,8,2,2,2,2,1.0,1.0,2,2,1.0,4,4,1.0,True,0,True,True
00559993,24,24,24,24,8,0,7,0,0.875,,3,3,1.0,0,0,,False,0,True,True
00560218,4,4,4,4,2,2,2,2,1.0,1.0,2,2,1.0,4,4,1.0,False,0,True,True
00560500,0,0,0,0,0,0,0,0,,,0,0,,0,0,,False,0,True,True
00560503,4,4,4,4,2,2,2,2,1.0,1.0,2,2,1.0,4,4,1.0,False,0,True,True
00560753,29,30,29,30,15,14,12,11,0.8,0.7857142857142857,7,12,0.5833333333333334,17,22,0.7727272727272727,False,1,True,True
00560951,14,14,14,14,6,8,5,6,0.8333333333333334,0.75,11,23,0.4782608695652174,20,28,0.7142857142857143,False,0,True,True
00561274,15,0,15,14,7,0,0,0,0.0,,0,0,,0,0,,False,0,True,False
00561323,4,4,4,4,2,2,2,2,1.0,1.0,2,2,1.0,4,4,1.0,False,0,True,True
00561326,8,8,8,8,4,4,4,4,1.0,1.0,4,4,1.0,8,8,1.0,False,0,True,True
00561497,20,23,20,22,14,6,9,6,0.6428571428571429,1.0,2,10,0.2,6,12,0.5,False,3,True,True
00561733,12,12,12,12,6,6,6,6,1.0,1.0,6,6,1.0,12,12,1.0,False,0,True,True
00562255,10,11,10,11,0,0,1,3,,,0,0,,0,0,,False,1,True,True
00562421,0,0,0,0,0,0,0,0,,,0,0,,0,0,,False,0,True,True
00562451,22,22,22,22,12,10,12,10,1.0,1.0,15,15,1.0,24,24,1.0,False,0,True,True
00562665,12,12,12,12,6,6,6,6,1.0,1.0,6,6,1.0,12,12,1.0,False,0,True,True
00562894,0,0,0,0,0,0,0,0,,,0,0,,0,0,,False,0,True,True
00563157,12,12,12,12,6,6,6,6,1.0,1.0,6,6,1.0,12,12,1.0,False,0,True,True
00563431,4,4,4,4,2,2,2,2,1.0,1.0,2,2,1.0,4,4,1.0,False,0,True,True
00563453,12,12,12,12,6,6,6,6,1.0,1.0,6,6,1.0,12,12,1.0,False,0,True,True
00563807,4,4,4,4,2,2,2,2,1.0,1.0,2,2,1.0,4,4,1.0,False,0,True,True
00563832,4,4,4,4,2,2,2,2,1.0,1.0,2,2,1.0,4,4,1.0,False,0,True,True
00563924,12,12,12,12,6,6,6,6,1.0,1.0,6,6,1.0,12,12,1.0,False,0,True,True
00564062,12,12,12,12,6,6,5,5,0.8333333333333334,0.8333333333333334,4,14,0.2857142857142857,13,20,0.65,False,0,True,True
00564135,0,0,0,0,0,0,0,0,,,0,0,,0,0,,False,0,True,True
00564141,2,2,2,2,0,2,0,2,,1.0,1,1,1.0,0,0,,False,0,True,True
00564267,0,0,0,0,0,0,0,0,,,0,0,,0,0,,False,0,True,True
00564270,4,4,4,4,2,2,2,2,1.0,1.0,2,2,1.0,4,4,1.0,False,0,True,True
00564624,5,5,5,5,3,2,3,2,1.0,1.0,4,4,1.0,6,6,1.0,False,0,True,True
00564627,4,4,4,4,2,1,2,1,1.0,1.0,1,1,1.0,2,2,1.0,False,0,True,True
00564705,4,4,4,4,2,2,2,2,1.0,1.0,2,2,1.0,4,4,1.0,False,0,True,True
00564799,2,2,2,2,0,0,0,0,,,0,0,,0,0,,False,0,True,True
00564807,23,23,23,23,12,11,12,11,1.0,1.0,17,17,1.0,26,26,1.0,False,0,True,True
00564810,8,8,8,8,4,4,4,4,1.0,1.0,12,12,1.0,16,16,1.0,False,0,True,True
00564897,4,4,4,4,2,2,2,2,1.0,1.0,2,2,1.0,4,4,1.0,False,0,True,True
00565011,8,8,8,8,4,4,4,4,1.0,1.0,4,4,1.0,8,8,1.0,False,0,True,True
00565055,6,6,6,6,2,2,2,2,1.0,1.0,0,0,,2,2,1.0,False,0,True,True
00565428,10,10,10,10,2,2,3,2,1.5,1.0,2,2,1.0,4,4,1.0,False,3,True,True
00565434,3,3,3,3,1,2,1,2,1.0,1.0,1,1,1.0,2,2,1.0,False,0,True,True
00565459,0,0,0,0,0,0,0,0,,,0,0,,0,0,,False,0,True,True
00565648,4,4,4,4,2,2,2,2,1.0,1.0,2,2,1.0,4,4,1.0,False,0,True,True
00565665,4,4,4,4,2,2,2,2,1.0,1.0,2,2,1.0,4,4,1.0,False,0,True,True
00565730,0,0,0,0,0,0,0,0,,,0,0,,0,0,,False,0,True,True
00565952,0,0,0,0,0,0,0,0,,,0,0,,0,0,,False,0,True,True
00566020,0,0,0,0,0,0,0,0,,,0,0,,0,0,,False,0,True,True
00566160,0,0,0,0,0,0,0,0,,,0,0,,0,0,,False,0,True,True
00566571,0,0,0,0,0,0,0,0,,,0,0,,0,0,,False,0,True,True
00566668,4,4,4,4,2,2,2,2,1.0,1.0,2,2,1.0,4,4,1.0,False,0,True,True
00566950,4,4,4,4,2,2,2,2,1.0,1.0,2,2,1.0,4,4,1.0,False,0,True,True
00567019,4,4,4,4,2,2,2,2,1.0,1.0,2,2,1.0,4,4,1.0,False,0,True,True
00567226,4,4,4,4,2,2,2,2,1.0,1.0,2,2,1.0,4,4,1.0,False,0,True,True
00567279,24,24,24,24,5,13,11,12,2.2,0.9230769230769231,21,28,0.75,20,25,0.8,False,0,True,True
00567281,0,0,0,0,0,0,0,0,,,0,0,,0,0,,False,0,True,True
00567377,0,0,0,0,0,0,0,0,,,0,0,,0,0,,False,0,True,True
00567785,0,0,0,0,0,0,0,0,,,0,0,,0,0,,False,0,True,True
00567799,5,5,5,5,3,2,3,2,1.0,1.0,4,4,1.0,6,6,1.0,False,0,True,True
00567818,8,8,8,8,4,4,4,4,1.0,1.0,12,12,1.0,16,16,1.0,False,0,True,True
00567881,4,4,4,4,2,2,2,2,1.0,1.0,2,2,1.0,4,4,1.0,False,0,True,True
00567882,0,0,0,0,0,0,0,0,,,0,0,,0,0,,False,0,True,True
00567928,0,0,0,0,0,0,0,0,,,0,0,,0,0,,False,0,True,True
00567970,4,4,4,4,2,2,2,2,1.0,1.0,2,2,1.0,4,4,1.0,False,0,True,True
00568092,12,12,12,12,6,6,6,6,1.0,1.0,30,30,1.0,36,36,1.0,False,0,True,True
00568111,4,4,4,4,2,2,2,2,1.0,1.0,2,2,1.0,4,4,1.0,False,0,True,True
00568155,4,4,4,4,2,2,2,2,1.0,1.0,2,2,1.0,4,4,1.0,False,0,True,True
00568274,4,4,4,4,2,2,2,2,1.0,1.0,2,2,1.0,4,4,1.0,False,0,True,True
00568333,14,14,14,14,6,3,7,1,1.1666666666666667,0.3333333333333333,2,3,0.6666666666666666,2,6,0.3333333333333333,False,0,True,True
00568384,11,11,11,11,5,6,5,6,1.0,1.0,25,25,1.0,30,30,1.0,False,0,True,True
00568546,4,4,4,4,2,2,2,2,1.0,1.0,2,2,1.0,4,4,1.0,False,0,True,True
00568658,12,12,12,12,6,6,6,6,1.0,1.0,6,6,1.0,12,12,1.0,False,0,True,True
00568719,4,4,4,4,2,2,2,2,1.0,1.0,2,2,1.0,4,4,1.0,False,0,True,True
00568789,4,4,4,4,2,2,2,2,1.0,1.0,2,2,1.0,4,4,1.0,False,0,True,True
00568905,4,4,4,4,2,2,2,2,1.0,1.0,2,2,1.0,4,4,1.0,False,0,True,True
00568946,0,0,0,0,0,0,0,0,,,0,0,,0,0,,False,0,True,True
00568966,9,9,9,9,4,3,4,3,1.0,1.0,3,3,1.0,6,6,1.0,False,0,True,True
00568977,14,14,14,14,6,6,6,6,1.0,1.0,4,4,1.0,10,10,1.0,False,0,True,True
00569042,4,4,4,4,2,2,2,2,1.0,1.0,2,2,1.0,4,4,1.0,False,0,True,True
00569094,0,0,0,0,0,0,0,0,,,0,0,,0,0,,False,0,True,True
00569119,4,4,4,4,2,2,2,2,1.0,1.0,2,2,1.0,4,4,1.0,False,0,True,True
00569405,4,4,4,4,2,2,2,2,1.0,1.0,2,2,1.0,4,4,1.0,False,0,True,True
00569410,12,12,12,12,6,6,6,6,1.0,1.0,6,6,1.0,12,12,1.0,False,0,True,True
00569445,8,8,8,8,4,4,4,4,1.0,1.0,4,4,1.0,8,8,1.0,False,0,True,True
00569499,12,12,12,12,5,5,5,5,1.0,1.0,6,6,1.0,11,11,1.0,False,0,True,True
00569556,8,8,8,8,4,3,4,3,1.0,1.0,3,3,1.0,6,6,1.0,False,0,True,True
00569591,4,4,4,4,2,2,2,2,1.0,1.0,2,2,1.0,4,4,1.0,False,0,True,True
00569594,4,4,4,4,2,2,2,2,1.0,1.0,2,2,1.0,4,4,1.0,False,0,True,True
00569626,16,18,16,17,6,6,4,4,0.6666666666666666,0.6666666666666666,0,0,,0,0,,False,1,True,True
00569921,12,12,12,12,6,6,6,6,1.0,1.0,14,14,1.0,20,20,1.0,False,0,True,True
00570343,8,3,8,3,2,2,1,1,0.5,0.5,0,0,,0,0,,False,3,True,True
00570437,4,4,4,4,2,2,2,2,1.0,1.0,2,2,1.0,4,4,1.0,False,0,True,True
00570481,4,4,4,4,2,2,2,2,1.0,1.0,2,2,1.0,4,4,1.0,False,0,True,True
00570526,4,4,4,4,2,2,2,2,1.0,1.0,2,2,1.0,4,4,1.0,False,0,True,True
00570560,4,4,4,4,2,2,2,2,1.0,1.0,2,2,1.0,4,4,1.0,False,0,True,True
00570635,7,9,7,7,7,0,2,1,0.2857142857142857,,1,1,1.0,0,0,,False,1,True,True
00570656,0,0,0,0,0,0,0,0,,,0,0,,0,0,,False,0,True,True
00570703,24,24,24,24,12,12,12,12,1.0,1.0,20,20,1.0,32,32,1.0,False,0,True,True
00570706,0,0,0,0,0,0,0,0,,,0,0,,0,0,,False,0,True,True
00570707,0,0,0,0,0,0,0,0,,,0,0,,0,0,,False,0,True,True
00570933,4,4,4,4,2,2,2,2,1.0,1.0,2,2,1.0,4,4,1.0,False,0,True,True
00570999,0,0,0,0,0,0,0,0,,,0,0,,0,0,,False,0,True,True
00571086,4,4,4,4,2,2,2,2,1.0,1.0,2,2,1.0,4,4,1.0,False,0,True,True
00571158,0,0,0,0,0,0,0,0,,,0,0,,0,0,,False,0,True,True
00571237,0,3,0,2,0,0,1,0,,,0,0,,0,0,,False,1,True,True
00571389,8,8,8,8,4,4,4,4,1.0,1.0,4,4,1.0,8,8,1.0,False,0,True,True
00571486,40,0,40,40,18,18,0,0,0.0,0.0,0,0,,0,0,,False,0,True,False
00571493,14,14,14,14,7,7,7,6,1.0,0.8571428571428571,8,10,0.8,14,17,0.8235294117647058,False,0,True,True
00571496,0,0,0,0,0,0,0,0,,,0,0,,0,0,,False,0,True,True
00571656,4,4,4,4,2,2,2,2,1.0,1.0,2,2,1.0,4,4,1.0,False,0,True,True
00571709,26,27,26,27,14,12,9,5,0.6428571428571429,0.4166666666666667,11,16,0.6875,10,12,0.8333333333333334,True,2,True,True
00571828,4,4,4,4,2,2,2,2,1.0,1.0,2,2,1.0,4,4,1.0,False,0,True,True
00571837,4,4,4,4,2,2,2,2,1.0,1.0,2,2,1.0,4,4,1.0,False,0,True,True
00571918,4,4,4,4,2,2,2,2,1.0,1.0,2,2,1.0,4,4,1.0,False,0,True,True
00571954,0,0,0,0,0,0,0,0,,,0,0,,0,0,,False,0,True,True
00571991,4,4,4,4,2,2,2,2,1.0,1.0,2,2,1.0,4,4,1.0,False,0,True,True
00572010,4,4,4,4,2,2,2,2,1.0,1.0,2,2,1.0,4,4,1.0,False,0,True,True
00572086,16,16,16,16,7,9,8,7,1.1428571428571428,0.7777777777777778,42,57,0.7368421052631579,56,63,0.8888888888888888,False,0,True,True
00572095,12,12,12,12,6,6,6,6,1.0,1.0,6,6,1.0,12,12,1.0,False,0,True,True
00572130,14,14,14,14,7,6,5,6,0.7142857142857143,1.0,25,36,0.6944444444444444,30,42,0.7142857142857143,False,0,True,True
00572186,4,4,4,4,2,2,2,2,1.0,1.0,2,2,1.0,4,4,1.0,False,0,True,True
00572252,4,4,4,4,2,2,2,2,1.0,1.0,2,2,1.0,4,4,1.0,False,0,True,True
00572402,4,4,4,4,2,2,2,2,1.0,1.0,2,2,1.0,4,4,1.0,False,0,True,True
00572425,4,4,4,4,2,2,2,2,1.0,1.0,2,2,1.0,4,4,1.0,False,0,True,True
00572443,4,4,4,4,2,2,2,2,1.0,1.0,2,2,1.0,4,4,1.0,False,0,True,True
00572504,24,24,24,24,12,12,9,9,0.75,0.75,8,20,0.4,23,28,0.8214285714285714,False,0,True,True
00572586,4,4,4,4,2,2,2,2,1.0,1.0,2,2,1.0,4,4,1.0,False,0,True,True
00572613,4,4,4,4,2,2,2,2,1.0,1.0,2,2,1.0,4,4,1.0,False,0,True,True
00572615,4,4,4,4,2,2,2,2,1.0,1.0,2,2,1.0,4,4,1.0,False,0,True,True
00572656,0,0,0,0,0,0,0,0,,,0,0,,0,0,,False,0,True,True
00572707,13,13,13,13,7,6,7,5,1.0,0.8333333333333334,31,36,0.8611111111111112,35,42,0.8333333333333334,False,0,True,True
00572724,17,17,17,17,9,8,8,8,0.8888888888888888,1.0,8,10,0.8,16,18,0.8888888888888888,False,0,True,True
00573242,10,10,10,10,5,5,5,5,1.0,1.0,8,8,1.0,13,13,1.0,False,0,True,True
00573334,18,18,18,18,10,5,6,8,0.6,1.6,6,21,0.2857142857142857,12,19,0.631578947368421,False,0,True,True
00573361,4,4,4,4,2,2,2,2,1.0,1.0,2,2,1.0,4,4,1.0,False,0,True,True
00573467,12,12,12,12,6,6,6,6,1.0,1.0,6,6,1.0,12,12,1.0,False,0,True,True
00573562,36,36,36,36,18,18,16,18,0.8888888888888888,1.0,16,18,0.8888888888888888,32,36,0.8888888888888888,False,0,True,True
00573650,8,8,8,8,4,4,4,4,1.0,1.0,4,4,1.0,8,8,1.0,False,0,True,True
00573705,4,4,4,4,2,2,2,2,1.0,1.0,2,2,1.0,4,4,1.0,False,0,True,True
00573917,9,9,9,9,4,1,4,1,1.0,1.0,6,6,1.0,4,4,1.0,False,0,True,True
00573970,9,9,9,9,5,4,5,3,1.0,0.75,13,16,0.8125,15,20,0.75,False,0,True,True
00573991,0,0,0,0,0,0,0,0,,,0,0,,0,0,,False,0,True,True
00574088,4,4,4,4,2,2,2,2,1.0,1.0,2,2,1.0,4,4,1.0,False,0,True,True
00574356,13,13,13,13,6,7,6,7,1.0,1.0,18,18,1.0,24,24,1.0,False,0,True,True
00574462,0,0,0,0,0,0,0,0,,,0,0,,0,0,,False,0,True,True
00574464,0,0,0,0,0,0,0,0,,,0,0,,0,0,,False,0,True,True
00575013,0,0,0,0,0,0,0,0,,,0,0,,0,0,,False,0,True,True
00575185,7,7,7,7,3,4,3,4,1.0,1.0,9,9,1.0,12,12,1.0,False,0,True,True
00575473,2,2,2,2,0,2,0,2,,1.0,1,1,1.0,0,0,,False,0,True,True
00575484,24,23,24,23,10,14,11,11,1.1,0.7857142857142857,8,8,1.0,16,16,1.0,False,1,True,True
00575506,4,4,4,4,0,0,1,0,,,0,2,0.0,0,4,0.0,False,0,True,True
00575588,4,4,4,4,2,2,2,2,1.0,1.0,2,2,1.0,4,4,1.0,False,0,True,True
00575593,4,4,4,4,2,2,2,2,1.0,1.0,2,2,1.0,4,4,1.0,False,0,True,True
00575600,8,8,8,8,4,2,4,2,1.0,1.0,6,7,0.8571428571428571,4,8,0.5,False,0,True,True
00575719,17,17,17,17,8,6,9,7,1.125,1.1666666666666667,10,12,0.8333333333333334,15,18,0.8333333333333334,False,0,True,True
00575803,5,5,5,5,2,3,2,3,1.0,1.0,4,4,1.0,6,6,1.0,False,0,True,True
00576154,16,16,16,16,7,6,7,7,1.0,1.1666666666666667,5,5,1.0,11,11,1.0,False,0,True,True
00576223,0,0,0,0,0,0,0,0,,,0,0,,0,0,,False,0,True,True
00576242,4,4,4,4,2,2,2,2,1.0,1.0,2,2,1.0,4,4,1.0,False,0,True,True
00576475,4,4,4,4,2,2,2,2,1.0,1.0,2,2,1.0,4,4,1.0,False,0,True,True
00576517,18,18,18,18,10,8,9,8,0.9,1.0,10,13,0.7692307692307693,20,20,1.0,False,0,True,True
00576623,4,4,4,4,2,2,2,2,1.0,1.0,2,2,1.0,4,4,1.0,False,0,True,True
00576631,4,4,4,4,2,2,2,2,1.0,1.0,2,2,1.0,4,4,1.0,False,0,True,True
00576649,3,3,3,3,1,2,1,2,1.0,1.0,1,1,1.0,2,2,1.0,False,0,True,True
00576728,10,10,10,10,2,6,2,6,1.0,1.0,8,8,1.0,8,8,1.0,False,0,True,True
00576734,6,6,6,6,2,0,2,0,1.0,,3,3,1.0,0,0,,False,0,True,True
00576879,4,3,4,3,0,0,1,0,,,0,0,,0,1,0.0,False,1,True,True
00577036,4,4,4,4,2,2,2,2,1.0,1.0,2,2,1.0,4,4,1.0,False,0,True,True
00577037,4,4,4,4,2,2,2,2,1.0,1.0,2,2,1.0,4,4,1.0,False,0,True,True
00577140,4,4,4,4,2,1,2,1,1.0,1.0,1,1,1.0,2,2,1.0,False,0,True,True
00577296,0,0,0,0,0,0,0,0,,,0,0,,0,0,,False,0,True,True
00577368,13,16,13,16,6,6,6,4,1.0,0.6666666666666666,2,2,1.0,4,4,1.0,False,1,True,True
00577370,12,12,12,12,6,6,6,6,1.0,1.0,6,6,1.0,12,12,1.0,False,0,True,True
00577682,0,0,0,0,0,0,0,0,,,0,0,,0,0,,False,0,True,True
00577854,4,4,4,4,2,2,2,2,1.0,1.0,2,2,1.0,4,4,1.0,False,0,True,True
00577856,4,4,4,4,2,2,2,2,1.0,1.0,2,2,1.0,4,4,1.0,False,0,True,True
00578017,4,4,4,4,2,2,2,2,1.0,1.0,2,2,1.0,4,4,1.0,False,0,True,True
00578049,0,0,0,0,0,0,0,0,,,0,0,,0,0,,False,0,True,True
00578202,6,6,6,6,2,2,2,4,1.0,2.0,2,2,1.0,4,4,1.0,False,0,True,True
00578215,4,4,4,4,2,2,2,2,1.0,1.0,2,2,1.0,4,4,1.0,False,0,True,True
00578255,6,6,6,6,4,2,4,2,1.0,1.0,3,3,1.0,4,4,1.0,False,0,True,True
00578652,25,0,25,24,9,15,0,0,0.0,0.0,0,0,,0,0,,False,0,True,False
00578683,4,4,4,4,2,2,2,2,1.0,1.0,2,2,1.0,4,4,1.0,False,0,True,True
00578962,4,4,4,4,2,2,2,2,1.0,1.0,2,2,1.0,4,4,1.0,False,0,True,True
00578995,12,12,12,12,4,6,4,5,1.0,0.8333333333333334,4,7,0.5714285714285714,8,10,0.8,False,0,True,True
00579011,8,8,8,8,4,4,4,4,1.0,1.0,12,12,1.0,16,16,1.0,False,0,True,True
00579141,6,6,6,6,2,0,2,0,1.0,,3,3,1.0,0,0,,False,0,True,True
00579235,4,4,4,4,2,2,2,2,1.0,1.0,2,2,1.0,4,4,1.0,False,0,True,True
00579385,4,4,4,4,2,2,2,2,1.0,1.0,1,1,1.0,2,2,1.0,False,0,True,True
00579399,0,0,0,0,0,0,0,0,,,0,0,,0,0,,False,0,True,True
00579419,4,4,4,4,2,2,2,2,1.0,1.0,2,2,1.0,4,4,1.0,False,0,True,True
00579427,4,4,4,4,2,2,2,2,1.0,1.0,2,2,1.0,4,4,1.0,False,0,True,True
00579595,6,6,6,6,1,2,1,2,1.0,1.0,1,1,1.0,2,2,1.0,False,0,True,True
00579708,10,10,10,10,5,5,5,5,1.0,1.0,20,20,1.0,25,25,1.0,False,0,True,True
00579754,0,0,0,0,0,0,0,0,,,0,0,,0,0,,False,0,True,True
00579878,0,0,0,0,0,0,0,0,,,0,0,,0,0,,False,0,True,True
00579936,8,8,8,8,4,4,4,4,1.0,1.0,4,4,1.0,8,8,1.0,False,0,True,True
00579971,7,7,7,7,3,2,4,2,1.3333333333333333,1.0,4,5,0.8,6,6,1.0,False,0,True,True
00579999,10,10,10,10,4,4,4,4,1.0,1.0,4,5,0.8,8,8,1.0,False,0,True,True
00580046,20,20,20,20,12,8,12,8,1.0,1.0,18,18,1.0,24,24,1.0,False,0,True,True
00580061,4,4,4,4,2,2,2,2,1.0,1.0,2,2,1.0,4,4,1.0,False,0,True,True
00580101,0,0,0,0,0,0,0,0,,,0,0,,0,0,,False,0,True,True
00580121,4,4,4,4,2,2,2,2,1.0,1.0,2,2,1.0,4,4,1.0,False,0,True,True
00580361,4,4,4,4,2,2,2,2,1.0,1.0,2,2,1.0,4,4,1.0,False,0,True,True
00580414,8,8,8,8,3,3,3,3,1.0,1.0,2,2,1.0,5,5,1.0,False,0,True,True
00580428,0,0,0,0,0,0,0,0,,,0,0,,0,0,,False,0,True,True
00580450,4,4,4,4,2,2,2,2,1.0,1.0,2,2,1.0,4,4,1.0,False,0,True,True
00580477,12,12,12,12,6,6,6,6,1.0,1.0,6,6,1.0,12,12,1.0,False,0,True,True
00580490,4,4,4,4,2,2,2,2,1.0,1.0,2,2,1.0,4,4,1.0,False,0,True,True
00580549,4,4,4,4,2,2,2,2,1.0,1.0,2,2,1.0,4,4,1.0,False,0,True,True
00580554,4,4,4,4,2,2,2,2,1.0,1.0,2,2,1.0,4,4,1.0,False,0,True,True
00580667,4,4,4,4,2,2,2,2,1.0,1.0,2,2,1.0,4,4,1.0,False,0,True,True
00580674,4,4,4,4,2,2,2,2,1.0,1.0,2,2,1.0,4,4,1.0,False,0,True,True
00580863,12,13,12,12,6,6,4,4,0.6666666666666666,0.6666666666666666,2,2,1.0,4,4,1.0,False,1,True,True
00581196,4,4,4,4,2,2,2,2,1.0,1.0,2,2,1.0,4,4,1.0,False,0,True,True
00581547,4,4,4,4,0,2,0,2,,1.0,1,1,1.0,1,1,1.0,False,0,True,True
00581916,12,13,12,12,4,4,4,3,1.0,0.75,0,0,,0,0,,False,1,True,True
00582110,4,4,4,4,2,2,2,2,1.0,1.0,2,2,1.0,4,4,1.0,False,0,True,True
00582671,15,15,15,15,9,6,9,6,1.0,1.0,12,12,1.0,18,18,1.0,False,0,True,True
00582713,0,0,0,0,0,0,0,0,,,0,0,,0,0,,False,0,True,True
00582892,0,0,0,0,0,0,0,0,,,0,0,,0,0,,False,0,True,True
00582954,0,0,0,0,0,0,0,0,,,0,0,,0,0,,False,0,True,True
00583010,12,12,12,12,8,4,8,4,1.0,1.0,34,34,1.0,32,32,1.0,False,0,True,True
00583114,6,6,6,6,3,3,1,1,0.3333333333333333,0.3333333333333333,0,6,0.0,7,9,0.7777777777777778,False,0,True,True
00583124,10,10,10,10,5,5,5,5,1.0,1.0,20,20,1.0,25,25,1.0,False,0,True,True
00583235,20,21,20,21,12,6,12,6,1.0,1.0,1,1,1.0,2,2,1.0,True,2,True,True
00583433,6,6,6,6,2,2,2,2,1.0,1.0,1,1,1.0,0,0,,False,0,True,True
00583635,4,4,4,4,2,2,2,2,1.0,1.0,2,2,1.0,4,4,1.0,False,0,True,True
00583695,0,0,0,0,0,0,0,0,,,0,0,,0,0,,False,0,True,True
00583767,11,11,11,11,5,5,5,2,1.0,0.4,5,20,0.25,16,25,0.64,False,0,True,True
00583841,12,12,12,12,6,6,6,6,1.0,1.0,6,6,1.0,12,12,1.0,False,0,True,True
00583856,0,0,0,0,0,0,0,0,,,0,0,,0,0,,False,0,True,True
00583958,0,0,0,0,0,0,0,0,,,0,0,,0,0,,False,0,True,True
00584071,14,14,14,14,2,0,2,1,1.0,,0,0,,0,0,,False,0,True,True
00584135,10,11,10,10,4,4,3,3,0.75,0.75,0,4,0.0,7,11,0.6363636363636364,False,1,True,True
00584194,4,4,4,4,2,2,2,2,1.0,1.0,2,2,1.0,4,4,1.0,False,0,True,True
00584247,24,23,24,23,12,12,3,10,0.25,0.8333333333333334,0,0,,0,0,,True,1,True,True
00584491,4,4,4,4,2,2,2,2,1.0,1.0,2,2,1.0,4,4,1.0,False,0,True,True
00584577,0,0,0,0,0,0,0,0,,,0,0,,0,0,,False,0,True,True
00584845,0,0,0,0,0,0,0,0,,,0,0,,0,0,,False,0,True,True
00585174,0,0,0,0,0,0,0,0,,,0,0,,0,0,,False,0,True,True
00585252,8,8,8,8,4,4,3,3,0.75,0.75,6,12,0.5,13,16,0.8125,False,0,True,True
00585487,4,4,4,4,2,2,2,2,1.0,1.0,2,2,1.0,4,4,1.0,False,0,True,True
00585501,6,6,6,6,3,3,3,3,1.0,1.0,6,6,1.0,9,9,1.0,False,0,True,True
00585755,0,0,0,0,0,0,0,0,,,0,0,,0,0,,False,0,True,True
00585759,4,4,4,4,2,2,2,2,1.0,1.0,2,2,1.0,4,4,1.0,False,0,True,True
00585892,4,4,4,4,2,2,2,2,1.0,1.0,2,2,1.0,4,4,1.0,False,0,True,True
00585924,8,8,8,8,4,4,4,4,1.0,1.0,4,4,1.0,8,8,1.0,False,0,True,True
00586154,4,4,4,4,2,2,2,2,1.0,1.0,2,2,1.0,4,4,1.0,False,0,True,True
00586508,12,14,12,13,7,3,5,2,0.7142857142857143,0.6666666666666666,0,0,,0,0,,False,3,True,True
00586597,0,0,0,0,0,0,0,0,,,0,0,,0,0,,False,0,True,True
00586724,4,4,4,4,2,2,2,2,1.0,1.0,2,2,1.0,4,4,1.0,False,0,True,True
00587049,4,4,4,4,2,2,2,2,1.0,1.0,2,2,1.0,4,4,1.0,False,0,True,True
00587101,0,0,0,0,0,0,0,0,,,0,0,,0,0,,False,0,True,True
00588315,6,6,6,6,4,2,4,2,1.0,1.0,7,7,1.0,8,8,1.0,False,0,True,True
00588478,4,4,4,4,2,2,2,2,1.0,1.0,2,2,1.0,4,4,1.0,False,0,True,True
00588496,4,4,4,4,2,2,2,2,1.0,1.0,2,2,1.0,4,4,1.0,False,0,True,True
00588820,20,21,20,21,8,12,7,11,0.875,0.9166666666666666,6,7,0.8571428571428571,13,14,0.9285714285714286,False,1,True,True
00588994,4,4,4,4,2,2,2,2,1.0,1.0,2,2,1.0,4,4,1.0,False,0,True,True
00589082,10,10,10,10,6,4,4,4,0.6666666666666666,1.0,5,9,0.5555555555555556,8,12,0.6666666666666666,False,0,True,True
00589163,0,0,0,0,0,0,0,0,,,0,0,,0,0,,False,0,True,True
00589211,12,12,12,12,6,6,6,6,1.0,1.0,6,6,1.0,12,12,1.0,False,0,True,True
00589481,0,0,0,0,0,0,0,0,,,0,0,,0,0,,False,0,True,True
00589716,4,4,4,4,2,2,2,2,1.0,1.0,2,2,1.0,4,4,1.0,False,0,True,True
00589764,4,4,4,4,2,2,2,2,1.0,1.0,2,2,1.0,4,4,1.0,False,0,True,True
00589874,4,4,4,4,2,2,2,2,1.0,1.0,2,2,1.0,4,4,1.0,False,0,True,True
00589967,4,4,4,4,2,2,2,2,1.0,1.0,2,2,1.0,4,4,1.0,False,0,True,True
00590175,20,20,20,20,0,0,0,1,,,0,0,,0,0,,False,0,True,True
00590222,0,0,0,0,0,0,0,0,,,0,0,,0,0,,False,0,True,True
00590360,0,0,0,0,0,0,0,0,,,0,0,,0,0,,False,0,True,True
00590377,12,12,12,12,6,6,6,6,1.0,1.0,6,6,1.0,12,12,1.0,False,0,True,True
00590625,16,16,16,16,8,8,8,8,1.0,1.0,8,8,1.0,16,16,1.0,False,0,True,True
00590831,4,4,4,4,2,2,2,2,1.0,1.0,2,2,1.0,4,4,1.0,False,0,True,True
00590842,4,4,4,4,2,2,2,2,1.0,1.0,2,2,1.0,4,4,1.0,False,0,True,True
00591066,14,12,14,12,4,10,0,8,0.0,0.8,1,2,0.5,2,2,1.0,False,2,True,True
00591112,0,0,0,0,0,0,0,0,,,0,0,,0,0,,False,0,True,True
00591155,8,8,8,8,4,4,3,3,0.75,0.75,6,12,0.5,9,16,0.5625,False,0,True,True
00591437,4,4,4,4,2,2,2,2,1.0,1.0,2,2,1.0,4,4,1.0,False,0,True,True
00591605,4,4,4,4,2,2,2,2,1.0,1.0,2,2,1.0,4,4,1.0,False,0,True,True
00591900,4,4,4,4,2,2,2,2,1.0,1.0,2,2,1.0,4,4,1.0,False,0,True,True
00592053,4,3,4,3,3,0,2,0,0.6666666666666666,,0,0,,0,0,,False,1,True,True
00592151,9,11,9,11,3,4,5,4,1.6666666666666667,1.0,2,2,1.0,4,4,1.0,False,1,True,True
00592226,20,20,20,20,10,10,10,9,1.0,0.9,9,10,0.9,18,20,0.9,False,0,True,True
00592318,8,8,8,8,4,4,4,4,1.0,1.0,12,12,1.0,16,16,1.0,False,0,True,True
00592578,8,8,8,8,4,4,4,4,1.0,1.0,12,12,1.0,16,16,1.0,False,0,True,True
00592892,0,0,0,0,0,0,0,0,,,0,0,,0,0,,False,0,True,True
00593079,16,16,16,16,8,6,8,6,1.0,1.0,7,7,1.0,13,13,1.0,False,0,True,True
00593115,3,3,3,3,2,1,2,1,1.0,1.0,1,1,1.0,2,2,1.0,False,0,True,True
00593145,8,8,8,8,4,4,4,4,1.0,1.0,4,4,1.0,8,8,1.0,False,0,True,True
00593159,4,4,4,4,2,2,2,2,1.0,1.0,2,2,1.0,4,4,1.0,False,0,True,True
00593212,4,4,4,4,2,2,2,2,1.0,1.0,2,2,1.0,4,4,1.0,False,0,True,True
00593465,5,5,5,5,3,2,3,2,1.0,1.0,2,2,1.0,4,4,1.0,False,0,True,True
00593559,4,4,4,4,2,2,2,2,1.0,1.0,2,2,1.0,4,4,1.0,False,0,True,True
00593659,0,0,0,0,0,0,0,0,,,0,0,,0,0,,False,0,True,True
00593679,8,9,8,8,4,4,4,4,1.0,1.0,2,2,1.0,4,4,1.0,False,1,True,True
00593898,4,4,4,4,2,0,2,0,1.0,,2,2,1.0,0,0,,False,0,True,True
00593978,4,4,4,4,2,2,2,2,1.0,1.0,2,2,1.0,4,4,1.0,False,0,True,True
00594040,6,6,6,6,2,0,2,1,1.0,,0,1,0.0,0,0,,False,0,True,True
00594097,4,4,4,4,2,2,2,2,1.0,1.0,2,2,1.0,4,4,1.0,False,0,True,True
00594167,0,0,0,0,0,0,0,0,,,0,0,,0,0,,False,0,True,True
00594481,8,8,8,8,4,4,4,4,1.0,1.0,12,12,1.0,16,16,1.0,False,0,True,True
00594503,0,0,0,0,0,0,0,0,,,0,0,,0,0,,False,0,True,True
00594738,0,0,0,0,0,0,0,0,,,0,0,,0,0,,False,0,True,True
00594784,28,29,28,28,14,14,7,9,0.5,0.6428571428571429,0,0,,0,0,,True,3,True,True
00594807,10,10,10,10,2,6,2,6,1.0,1.0,8,8,1.0,8,8,1.0,False,0,True,True
00594970,0,0,0,0,0,0,0,0,,,0,0,,0,0,,False,0,True,True
00595001,4,4,4,4,2,2,2,2,1.0,1.0,2,2,1.0,4,4,1.0,False,0,True,True
00595164,0,0,0,0,0,0,0,0,,,0,0,,0,0,,False,0,True,True
00595531,4,4,4,4,2,0,2,0,1.0,,1,1,1.0,0,0,,False,0,True,True
00595715,30,30,30,30,16,14,15,14,0.9375,1.0,17,31,0.5483870967741935,35,44,0.7954545454545454,False,0,True,True
00595823,8,9,8,9,0,0,1,0,,,0,0,,0,0,,False,1,True,True
00595909,6,6,6,6,3,1,4,1,1.3333333333333333,1.0,3,3,1.0,3,3,1.0,False,0,True,True
00596090,7,7,7,7,2,1,2,1,1.0,1.0,0,1,0.0,1,2,0.5,False,0,True,True
00596232,22,22,22,22,10,12,10,8,1.0,0.6666666666666666,9,14,0.6428571428571429,18,24,0.75,False,0,True,True
00596558,3,3,3,3,1,1,1,1,1.0,1.0,0,0,,1,1,1.0,False,0,True,True
00596637,2,2,2,2,2,0,2,0,1.0,,1,1,1.0,0,0,,False,0,True,True
00596696,0,0,0,0,0,0,0,0,,,0,0,,0,0,,False,0,True,True
00596744,4,4,4,4,2,2,2,2,1.0,1.0,2,2,1.0,4,4,1.0,False,0,True,True
00596833,4,4,4,4,2,2,2,2,1.0,1.0,2,2,1.0,4,4,1.0,False,0,True,True
00597141,9,9,9,9,4,4,4,4,1.0,1.0,6,6,1.0,10,10,1.0,False,0,True,True
00597434,4,4,4,4,2,2,2,2,1.0,1.0,2,2,1.0,4,4,1.0,False,0,True,True
00597626,0,0,0,0,0,0,0,0,,,0,0,,0,0,,False,0,True,True
00597734,4,4,4,4,2,2,2,2,1.0,1.0,2,2,1.0,4,4,1.0,False,0,True,True
00597929,4,4,4,4,2,2,2,2,1.0,1.0,2,2,1.0,4,4,1.0,False,0,True,True
00598307,0,0,0,0,0,0,0,0,,,0,0,,0,0,,False,0,True,True
00598369,6,6,6,6,3,3,3,3,1.0,1.0,6,6,1.0,9,9,1.0,False,0,True,True
00598406,8,8,8,8,4,4,4,4,1.0,1.0,12,12,1.0,16,16,1.0,False,0,True,True
00598656,0,0,0,0,0,0,0,0,,,0,0,,0,0,,False,0,True,True
00598783,13,13,13,13,7,6,6,5,0.8571428571428571,0.8333333333333334,10,15,0.6666666666666666,19,21,0.9047619047619048,False,0,True,True
00598784,18,14,18,14,4,2,2,0,0.5,0.0,0,1,0.0,0,0,,False,4,True,True
00598962,0,0,0,0,0,0,0,0,,,0,0,,0,0,,False,0,True,True
00599069,0,0,0,0,0,0,0,0,,,0,0,,0,0,,False,0,True,True
00599600,8,8,8,8,4,4,4,4,1.0,1.0,12,12,1.0,16,16,1.0,False,0,True,True
00599642,4,4,4,4,2,2,2,2,1.0,1.0,2,2,1.0,4,4,1.0,False,0,True,True
00599680,8,8,8,8,4,4,4,4,1.0,1.0,12,12,1.0,16,16,1.0,False,0,True,True
00599746,4,4,4,4,0,2,0,2,,1.0,0,1,0.0,0,0,,False,0,True,True
00599865,0,0,0,0,0,0,0,0,,,0,0,,0,0,,False,0,True,True
00600126,5,5,5,5,3,2,3,2,1.0,1.0,4,4,1.0,6,6,1.0,False,0,True,True
00600185,0,0,0,0,0,0,0,0,,,0,0,,0,0,,True,0,True,True
00600198,12,12,12,12,6,6,6,6,1.0,1.0,6,6,1.0,12,12,1.0,False,0,True,True
00600285,15,15,15,15,7,8,7,8,1.0,1.0,13,13,1.0,20,20,1.0,False,0,True,True
00600330,0,0,0,0,0,0,0,0,,,0,0,,0,0,,False,0,True,True
00600430,4,4,4,4,2,2,2,2,1.0,1.0,2,2,1.0,4,4,1.0,False,0,True,True
00600657,7,7,7,7,4,3,4,3,1.0,1.0,9,9,1.0,12,12,1.0,False,0,True,True
00600749,0,0,0,0,0,0,0,0,,,0,0,,0,0,,False,0,True,True
00600926,0,0,0,0,0,0,0,0,,,0,0,,0,0,,False,0,True,True
00600985,6,6,6,6,3,3,3,3,1.0,1.0,6,6,1.0,9,9,1.0,False,0,True,True
00601063,16,16,16,16,8,8,8,6,1.0,0.75,6,8,0.75,12,16,0.75,False,0,True,True
00601145,4,4,4,4,2,2,2,2,1.0,1.0,2,2,1.0,4,4,1.0,False,0,True,True
00601187,8,8,8,8,4,4,4,4,1.0,1.0,4,4,1.0,8,8,1.0,False,0,True,True
00601196,38,38,38,38,18,20,18,20,1.0,1.0,62,62,1.0,80,80,1.0,False,0,True,True
00601247,12,12,12,12,6,6,6,6,1.0,1.0,6,6,1.0,12,12,1.0,False,0,True,True
00601816,4,4,4,4,2,2,2,2,1.0,1.0,2,2,1.0,4,4,1.0,False,0,True,True
00602172,4,4,4,4,2,2,2,2,1.0,1.0,2,2,1.0,4,4,1.0,False,0,True,True
00602196,4,4,4,4,2,2,2,2,1.0,1.0,2,2,1.0,4,4,1.0,False,0,True,True
00602206,6,6,6,6,4,2,4,2,1.0,1.0,3,3,1.0,4,4,1.0,False,0,True,True
00602221,4,4,4,4,2,2,2,2,1.0,1.0,2,2,1.0,4,4,1.0,False,0,True,True
00602299,8,8,8,8,4,4,4,4,1.0,1.0,4,4,1.0,8,8,1.0,False,0,True,True
00602310,0,0,0,0,0,0,0,0,,,0,0,,0,0,,False,0,True,True
00602334,6,6,6,6,3,2,3,2,1.0,1.0,1,1,1.0,5,5,1.0,False,0,True,True
00602388,4,4,4,4,2,2,2,2,1.0,1.0,2,2,1.0,4,4,1.0,False,0,True,True
00602402,36,36,36,36,18,18,16,17,0.8888888888888888,0.9444444444444444,15,18,0.8333333333333334,30,36,0.8333333333333334,False,0,True,True
00602565,0,0,0,0,0,0,0,0,,,0,0,,0,0,,False,0,True,True
00602721,4,4,4,4,2,2,2,2,1.0,1.0,2,2,1.0,4,4,1.0,False,0,True,True
00602801,2,1,2,1,0,0,0,0,,,0,0,,0,0,,False,1,True,True
00602824,4,4,4,4,2,2,2,2,1.0,1.0,2,2,1.0,4,4,1.0,False,0,True,True
00602979,16,16,16,16,8,8,7,7,0.875,0.875,10,16,0.625,17,24,0.7083333333333334,False,0,True,True
00603006,22,24,22,23,10,12,10,10,1.0,0.8333333333333334,6,6,1.0,12,12,1.0,False,2,True,True
00603043,8,8,8,8,4,4,4,4,1.0,1.0,4,4,1.0,8,8,1.0,False,0,True,True
00603082,14,14,14,14,6,6,6,6,1.0,1.0,30,30,1.0,37,37,1.0,False,0,True,True
00603112,0,0,0,0,0,0,0,0,,,0,0,,0,0,,False,0,True,True
00603306,18,18,18,18,6,0,6,0,1.0,,13,13,1.0,0,0,,False,0,True,True
00603392,0,0,0,0,0,0,0,0,,,0,0,,0,0,,False,0,True,True
00603478,4,4,4,4,2,2,2,2,1.0,1.0,2,2,1.0,4,4,1.0,False,0,True,True
00603508,6,6,6,6,2,2,2,2,1.0,1.0,2,2,1.0,5,5,1.0,False,0,True,True
00603562,4,4,4,4,2,2,2,2,1.0,1.0,2,2,1.0,4,4,1.0,False,0,True,True
00603580,4,4,4,4,2,2,2,2,1.0,1.0,2,2,1.0,4,4,1.0,False,0,True,True
00603589,4,4,4,4,2,2,2,2,1.0,1.0,2,2,1.0,4,4,1.0,False,0,True,True
00604040,0,0,0,0,0,0,0,0,,,0,0,,0,0,,False,0,True,True
00604273,20,20,20,20,10,10,9,9,0.9,0.9,72,90,0.8,91,100,0.91,False,0,True,True
00604592,7,9,7,8,2,3,3,1,1.5,0.3333333333333333,0,0,,0,0,,False,1,True,True
00604882,4,4,4,4,2,2,2,2,1.0,1.0,2,2,1.0,4,4,1.0,False,0,True,True
00604886,5,5,5,5,2,3,2,3,1.0,1.0,4,4,1.0,6,6,1.0,False,0,True,True
00604893,3,3,3,3,1,0,2,0,2.0,,0,0,,0,0,,False,0,True,True
00604910,0,0,0,0,0,0,0,0,,,0,0,,0,0,,False,0,True,True
00605142,0,0,0,0,0,0,0,0,,,0,0,,0,0,,False,0,True,True
00605149,0,0,0,0,0,0,0,0,,,0,0,,0,0,,False,0,True,True
00605266,16,17,16,17,7,9,5,9,0.7142857142857143,1.0,4,4,1.0,8,8,1.0,True,3,True,True
00605302,16,16,16,16,8,8,8,8,1.0,1.0,8,8,1.0,16,16,1.0,False,0,True,True
00605786,0,0,0,0,0,0,0,0,,,0,0,,0,0,,False,0,True,True
00605857,0,0,0,0,0,0,0,0,,,0,0,,0,0,,False,0,True,True
00605921,19,19,19,19,9,9,8,8,0.8888888888888888,0.8888888888888888,18,24,0.75,30,33,0.9090909090909091,False,0,True,True
00605939,28,28,28,28,18,10,18,10,1.0,1.0,38,38,1.0,36,36,1.0,False,0,True,True
00605943,28,28,28,28,14,14,13,13,0.9285714285714286,0.9285714285714286,12,14,0.8571428571428571,24,28,0.8571428571428571,False,0,True,True
00605944,12,12,12,12,6,6,6,6,1.0,1.0,6,6,1.0,12,12,1.0,False,0,True,True
00605956,3,3,3,3,1,1,1,1,1.0,1.0,0,0,,1,1,1.0,False,0,True,True
00605980,6,6,6,6,0,0,1,1,,,0,0,,0,0,,False,0,True,True
00606013,4,4,4,4,2,2,2,2,1.0,1.0,2,2,1.0,4,4,1.0,False,0,True,True
00606036,0,0,0,0,0,0,0,0,,,0,0,,0,0,,False,0,True,True
00606136,4,4,4,4,2,2,2,2,1.0,1.0,2,2,1.0,4,4,1.0,False,0,True,True
00606275,4,4,4,4,2,2,2,2,1.0,1.0,2,2,1.0,4,4,1.0,False,0,True,True
00606540,6,6,6,6,3,3,3,3,1.0,1.0,6,6,1.0,9,9,1.0,False,0,True,True
00606626,10,11,10,11,3,1,4,3,1.3333333333333333,3.0,0,0,,0,0,,False,1,True,True
00606684,16,16,16,16,8,8,8,8,1.0,1.0,8,8,1.0,16,16,1.0,False,0,True,True
00606794,12,12,12,12,6,6,6,6,1.0,1.0,6,6,1.0,12,12,1.0,False,0,True,True
00606816,4,4,4,4,2,2,2,2,1.0,1.0,2,2,1.0,4,4,1.0,False,0,True,True
00606839,4,4,4,4,2,2,2,2,1.0,1.0,2,2,1.0,4,4,1.0,False,0,True,True
00607195,0,0,0,0,0,0,0,0,,,0,0,,0,0,,False,0,True,True
00607367,6,6,6,6,3,2,3,3,1.0,1.5,4,4,1.0,6,6,1.0,False,0,True,True
00607421,4,4,4,4,2,2,2,1,1.0,0.5,1,2,0.5,2,4,0.5,False,0,True,True
00607508,0,0,0,0,0,0,0,0,,,0,0,,0,0,,False,0,True,True
00607522,4,4,4,4,2,2,2,2,1.0,1.0,2,2,1.0,4,4,1.0,False,0,True,True
00607531,6,6,6,6,0,0,0,0,,,0,0,,0,0,,False,0,True,True
00607573,4,4,4,4,0,4,0,4,,1.0,2,2,1.0,0,0,,False,0,True,True
00608011,2,2,2,2,2,0,2,0,1.0,,1,1,1.0,0,0,,False,0,True,True
00608171,16,15,14,13,8,4,3,5,0.375,1.25,2,2,1.0,4,4,1.0,False,1,True,True
00608274,0,0,0,0,0,0,0,0,,,0,0,,0,0,,False,0,True,True
00608369,0,0,0,0,0,0,0,0,,,0,0,,0,0,,False,0,True,True
00608372,19,23,19,23,11,8,9,5,0.8181818181818182,0.625,2,2,1.0,4,4,1.0,False,2,True,True
00608432,4,4,4,4,2,2,2,2,1.0,1.0,2,2,1.0,4,4,1.0,False,0,True,True
00608556,23,23,23,23,5,6,7,9,1.4,1.5,4,12,0.3333333333333333,7,16,0.4375,False,2,True,True
00608748,8,8,8,8,4,4,4,4,1.0,1.0,4,4,1.0,8,8,1.0,False,0,True,True
00608830,4,4,4,4,2,2,2,2,1.0,1.0,2,2,1.0,4,4,1.0,False,0,True,True
00608919,0,0,0,0,0,0,0,0,,,0,0,,0,0,,False,0,True,True
00608943,4,4,4,4,2,2,2,2,1.0,1.0,2,2,1.0,4,4,1.0,False,0,True,True
00609063,0,0,0,0,0,0,0,0,,,0,0,,0,0,,False,0,True,True
00609109,4,4,4,4,2,2,2,2,1.0,1.0,2,2,1.0,4,4,1.0,False,0,True,True
00609143,4,4,4,4,2,2,2,2,1.0,1.0,2,2,1.0,4,4,1.0,False,0,True,True
00609378,0,0,0,0,0,0,0,0,,,0,0,,0,0,,False,0,True,True
00609396,6,6,6,6,3,3,3,3,1.0,1.0,6,6,1.0,9,9,1.0,False,0,True,True
00609474,0,0,0,0,0,0,0,0,,,0,0,,0,0,,False,0,True,True
00609531,18,18,18,18,8,8,8,6,1.0,0.75,6,14,0.42857142857142855,12,18,0.6666666666666666,False,0,True,True
00609789,4,4,4,4,2,2,2,2,1.0,1.0,2,2,1.0,4,4,1.0,False,0,True,True
00610102,9,9,9,9,4,1,4,1,1.0,1.0,0,2,0.0,0,2,0.0,False,0,True,True
00610124,12,12,12,12,6,6,6,6,1.0,1.0,14,14,1.0,20,20,1.0,False,0,True,True
00610233,0,0,0,0,0,0,0,0,,,0,0,,0,0,,False,0,True,True
00610390,0,0,0,0,0,0,0,0,,,0,0,,0,0,,False,0,True,True
00610486,32,32,32,32,16,16,15,16,0.9375,1.0,21,24,0.875,36,40,0.9,False,0,True,True
00610524,6,6,6,6,0,0,0,0,,,0,0,,0,0,,False,0,True,True
00610548,8,8,8,8,4,0,4,1,1.0,,3,4,0.75,0,0,,False,0,True,True
00610792,4,4,4,4,2,2,2,2,1.0,1.0,2,2,1.0,4,4,1.0,False,0,True,True
00611086,0,0,0,0,0,0,0,0,,,0,0,,0,0,,False,0,True,True
00611239,2,2,2,2,0,0,0,0,,,0,0,,0,0,,False,0,True,True
00611585,10,10,10,10,4,6,4,6,1.0,1.0,21,21,1.0,24,24,1.0,False,0,True,True
00611653,6,6,6,6,3,3,3,3,1.0,1.0,6,6,1.0,9,9,1.0,False,0,True,True
00612074,4,4,4,4,2,2,2,2,1.0,1.0,2,2,1.0,4,4,1.0,False,0,True,True
00612209,24,24,24,24,12,12,12,12,1.0,1.0,36,36,1.0,48,48,1.0,False,0,True,True
00612268,0,0,0,0,0,0,0,0,,,0,0,,0,0,,False,0,True,True
00612269,0,0,0,0,0,0,0,0,,,0,0,,0,0,,False,0,True,True
00612270,4,4,4,4,2,2,2,2,1.0,1.0,2,2,1.0,4,4,1.0,False,0,True,True
00612294,4,4,4,4,2,2,2,2,1.0,1.0,2,2,1.0,4,4,1.0,False,0,True,True
00612429,0,0,0,0,0,0,0,0,,,0,0,,0,0,,False,0,True,True
00612454,0,0,0,0,0,0,0,0,,,0,0,,0,0,,False,0,True,True
00612787,14,14,14,14,6,8,6,6,1.0,0.75,25,43,0.5813953488372093,43,48,0.8958333333333334,False,0,True,True
00613000,0,0,0,0,0,0,0,0,,,0,0,,0,0,,False,0,True,True
00613051,4,4,4,4,2,2,2,2,1.0,1.0,2,2,1.0,4,4,1.0,False,0,True,True
00613076,6,6,6,6,2,2,1,2,0.5,1.0,1,2,0.5,2,4,0.5,False,0,True,True
00613112,0,0,0,0,0,0,0,0,,,0,0,,0,0,,False,0,True,True
00613143,4,4,4,4,2,2,2,2,1.0,1.0,2,2,1.0,4,4,1.0,False,0,True,True
00613185,8,8,8,8,4,4,4,4,1.0,1.0,12,12,1.0,16,16,1.0,False,0,True,True
00613259,4,4,4,4,2,2,2,2,1.0,1.0,2,2,1.0,4,4,1.0,False,0,True,True
00613264,28,28,28,28,14,14,14,14,1.0,1.0,22,22,1.0,36,36,1.0,False,0,True,True
00613339,4,4,4,4,2,0,2,0,1.0,,1,1,1.0,0,0,,False,0,True,True
00613340,20,20,20,20,10,10,10,10,1.0,1.0,8,10,0.8,18,20,0.9,False,0,True,True
00613399,4,4,4,4,4,0,4,0,1.0,,2,2,1.0,0,0,,False,0,True,True
00613418,13,13,13,13,6,6,6,6,1.0,1.0,8,8,1.0,14,14,1.0,False,0,True,True
00613422,10,10,10,10,5,5,5,5,1.0,1.0,8,8,1.0,13,13,1.0,False,0,True,True
00613506,7,7,7,7,3,3,3,3,1.0,1.0,2,2,1.0,5,5,1.0,False,0,True,True
00613688,12,12,12,12,6,6,6,6,1.0,1.0,6,6,1.0,12,12,1.0,False,0,True,True
00613733,4,4,4,4,2,2,2,2,1.0,1.0,2,2,1.0,4,4,1.0,False,0,True,True
00613750,8,8,8,8,4,4,4,4,1.0,1.0,4,4,1.0,8,8,1.0,False,0,True,True
00613815,0,0,0,0,0,0,0,0,,,0,0,,0,0,,False,0,True,True
00613841,10,10,10,10,5,5,5,5,1.0,1.0,20,20,1.0,25,25,1.0,False,0,True,True
00613873,10,10,10,10,5,5,5,5,1.0,1.0,20,20,1.0,25,25,1.0,False,0,True,True
00613986,4,4,4,4,2,2,2,2,1.0,1.0,2,2,1.0,4,4,1.0,False,0,True,True
00613989,6,7,6,6,4,2,1,2,0.25,1.0,0,0,,0,0,,False,1,True,True
00614012,12,12,12,12,6,5,3,3,0.5,0.6,6,25,0.24,23,30,0.7666666666666667,False,0,True,True
00614093,3,3,3,3,3,0,3,0,1.0,,3,3,1.0,0,0,,False,0,True,True
00614100,12,14,12,14,4,7,3,8,0.75,1.1428571428571428,1,2,0.5,2,4,0.5,False,1,True,True
00614285,6,6,6,6,3,2,3,2,1.0,1.0,4,4,1.0,6,6,1.0,False,0,True,True
00614552,4,4,4,4,0,2,0,1,,0.5,0,0,,0,0,,False,0,True,True
00614924,0,0,0,0,0,0,0,0,,,0,0,,0,0,,False,0,True,True
00614939,0,0,0,0,0,0,0,0,,,0,0,,0,0,,False,0,True,True
00614941,4,4,4,4,2,2,2,2,1.0,1.0,2,2,1.0,4,4,1.0,False,0,True,True
00614972,0,0,0,0,0,0,0,0,,,0,0,,0,0,,False,0,True,True
00615156,4,4,4,4,2,2,2,2,1.0,1.0,2,2,1.0,4,4,1.0,False,0,True,True
00615302,7,7,7,7,3,3,3,3,1.0,1.0,2,2,1.0,5,5,1.0,False,0,True,True
00615329,4,4,4,4,2,2,2,2,1.0,1.0,2,2,1.0,4,4,1.0,False,0,True,True
00615585,0,0,0,0,0,0,0,0,,,0,0,,0,0,,False,0,True,True
00615912,16,16,16,16,8,8,7,7,0.875,0.875,12,16,0.75,18,24,0.75,False,0,True,True
00615961,4,4,4,4,2,2,2,2,1.0,1.0,2,2,1.0,4,4,1.0,False,0,True,True
00616026,4,4,4,4,4,0,4,0,1.0,,2,2,1.0,0,0,,False,0,True,True
00616112,4,4,4,4,2,2,2,2,1.0,1.0,2,2,1.0,4,4,1.0,False,0,True,True
00616256,8,8,8,8,4,4,4,4,1.0,1.0,4,4,1.0,8,8,1.0,False,0,True,True
00616577,4,4,4,4,2,2,2,2,1.0,1.0,2,2,1.0,4,4,1.0,False,0,True,True
00616635,4,4,4,4,2,2,2,2,1.0,1.0,2,2,1.0,4,4,1.0,False,0,True,True
00616659,0,0,0,0,0,0,0,0,,,0,0,,0,0,,False,0,True,True
00616792,2,2,2,2,2,0,2,0,1.0,,1,1,1.0,0,0,,False,0,True,True
00616833,0,0,0,0,0,0,0,0,,,0,0,,0,0,,False,0,True,True
00616846,5,5,5,5,2,2,2,2,1.0,1.0,2,2,1.0,4,4,1.0,False,0,True,True
00616856,0,0,0,0,0,0,0,0,,,0,0,,0,0,,False,0,True,True
00616983,14,14,14,14,7,7,6,5,0.8571428571428571,0.7142857142857143,25,42,0.5952380952380952,37,49,0.7551020408163265,False,0,True,True
00617131,0,0,0,0,0,0,0,0,,,0,0,,0,0,,False,0,True,True
00617241,16,16,16,16,6,10,6,9,1.0,0.9,13,15,0.8666666666666667,18,20,0.9,False,0,True,True
00617277,8,8,8,8,2,2,2,2,1.0,1.0,2,2,1.0,5,5,1.0,False,0,True,True
00617455,2,2,2,2,2,0,2,0,1.0,,1,1,1.0,0,0,,False,0,True,True
00617877,3,3,3,3,2,1,2,1,1.0,1.0,1,1,1.0,2,2,1.0,False,0,True,True
00617879,9,10,9,9,5,4,5,4,1.0,1.0,7,7,1.0,11,11,1.0,False,1,True,True
00618095,16,16,16,16,8,8,8,8,1.0,1.0,8,8,1.0,16,16,1.0,False,0,True,True
00618143,4,4,4,4,2,2,2,2,1.0,1.0,2,2,1.0,4,4,1.0,False,0,True,True
00618261,0,0,0,0,0,0,0,0,,,0,0,,0,0,,False,0,True,True
00618354,4,4,4,4,2,2,2,2,1.0,1.0,2,2,1.0,4,4,1.0,False,0,True,True
00618446,28,28,28,28,14,14,12,11,0.8571428571428571,0.7857142857142857,40,62,0.6451612903225806,58,76,0.7631578947368421,False,0,True,True
00618549,4,4,4,4,2,2,2,2,1.0,1.0,2,2,1.0,4,4,1.0,False,0,True,True
00618658,0,0,0,0,0,0,0,0,,,0,0,,0,0,,False,0,True,True
00618731,4,4,4,4,2,2,2,2,1.0,1.0,2,2,1.0,4,4,1.0,False,0,True,True
00618763,18,19,18,19,8,7,7,6,0.875,0.8571428571428571,4,4,1.0,8,9,0.8888888888888888,False,1,True,True
00619236,7,7,7,7,3,3,3,3,1.0,1.0,2,2,1.0,5,5,1.0,False,0,True,True
00619237,3,3,3,3,1,2,1,2,1.0,1.0,1,1,1.0,2,2,1.0,False,0,True,True
00619265,16,16,16,16,2,6,2,6,1.0,1.0,4,4,1.0,4,4,1.0,True,0,True,True
00619332,0,0,0,0,0,0,0,0,,,0,0,,0,0,,False,0,True,True
00619407,2,2,2,2,2,0,2,0,1.0,,1,1,1.0,0,0,,False,0,True,True
00619433,2,2,2,2,0,0,0,0,,,0,1,0.0,0,0,,False,0,True,True
00619468,4,4,4,4,2,2,2,2,1.0,1.0,2,2,1.0,4,4,1.0,False,0,True,True
00620185,25,25,25,25,12,13,12,11,1.0,0.8461538461538461,11,14,0.7857142857142857,24,26,0.9230769230769231,False,0,True,True
00620195,22,22,22,22,10,9,10,10,1.0,1.1111111111111112,8,8,1.0,17,17,1.0,False,0,True,True
00620323,11,11,11,11,6,5,6,5,1.0,1.0,11,11,1.0,16,16,1.0,False,0,True,True
00620381,15,16,15,16,8,7,8,8,1.0,1.1428571428571428,6,6,1.0,12,12,1.0,False,1,True,True
00620598,4,4,4,4,2,2,2,2,1.0,1.0,2,2,1.0,4,4,1.0,False,0,True,True
00620646,1,1,1,1,0,0,0,0,,,0,0,,0,0,,False,0,True,True
00620669,22,0,22,20,18,4,0,0,0.0,0.0,0,0,,0,0,,False,0,True,False
00620693,4,4,4,4,2,2,2,2,1.0,1.0,2,2,1.0,4,4,1.0,False,0,True,True
00621170,6,6,6,5,4,2,2,2,0.5,1.0,2,7,0.2857142857142857,8,8,1.0,True,0,True,True
00621258,0,0,0,0,0,0,0,0,,,0,0,,0,0,,False,0,True,True
00621322,8,7,8,4,4,4,2,2,0.5,0.5,0,0,,1,1,1.0,False,4,True,True
00621460,0,0,0,0,0,0,0,0,,,0,0,,0,0,,False,0,True,True
00621500,4,4,4,4,2,2,2,2,1.0,1.0,2,2,1.0,4,4,1.0,False,0,True,True
00621611,6,6,6,6,2,2,2,2,1.0,1.0,2,2,1.0,5,5,1.0,False,0,True,True
00621712,4,4,4,4,2,2,2,2,1.0,1.0,2,2,1.0,4,4,1.0,False,0,True,True
00621750,4,4,4,4,2,2,2,2,1.0,1.0,2,2,1.0,4,4,1.0,False,0,True,True
00621901,4,4,4,4,2,2,2,2,1.0,1.0,2,2,1.0,4,4,1.0,False,0,True,True
00621924,9,9,9,9,5,4,5,4,1.0,1.0,6,6,1.0,10,10,1.0,False,0,True,True
00622305,5,5,5,5,3,2,3,2,1.0,1.0,4,4,1.0,6,6,1.0,False,0,True,True
00622350,3,3,3,3,0,0,0,0,,,0,0,,0,0,,False,0,True,True
00622367,0,0,0,0,0,0,0,0,,,0,0,,0,0,,False,0,True,True
00622558,16,16,14,14,8,4,7,5,0.875,1.25,13,18,0.7222222222222222,52,54,0.9629629629629629,False,0,True,True
00622770,4,4,4,4,2,2,2,2,1.0,1.0,2,2,1.0,4,4,1.0,False,0,True,True
00622794,18,18,18,18,6,6,6,6,1.0,1.0,14,14,1.0,20,20,1.0,False,0,True,True
00623092,8,8,8,8,4,4,4,4,1.0,1.0,12,12,1.0,16,16,1.0,False,0,True,True
00623609,8,9,8,9,4,4,4,5,1.0,1.25,2,2,1.0,4,4,1.0,False,1,True,True
00623703,8,8,8,8,4,4,4,4,1.0,1.0,4,4,1.0,8,8,1.0,False,0,True,True
00623866,0,0,0,0,0,0,0,0,,,0,0,,0,0,,False,0,True,True
00623902,36,37,36,37,16,16,16,11,1.0,0.6875,16,24,0.6666666666666666,22,32,0.6875,True,1,True,True
00624116,0,0,0,0,0,0,0,0,,,0,0,,0,0,,False,0,True,True
00624124,4,4,4,4,2,2,2,2,1.0,1.0,2,2,1.0,4,4,1.0,False,0,True,True
00624125,4,4,4,4,2,2,2,2,1.0,1.0,2,2,1.0,4,4,1.0,False,0,True,True
00624315,4,4,4,4,2,2,2,2,1.0,1.0,2,2,1.0,4,4,1.0,False,0,True,True
00624612,4,4,4,4,2,2,2,2,1.0,1.0,2,2,1.0,4,4,1.0,False,0,True,True
00624661,0,0,0,0,0,0,0,0,,,0,0,,0,0,,False,0,True,True
00624734,12,12,12,12,6,6,6,5,1.0,0.8333333333333334,11,14,0.7857142857142857,16,20,0.8,False,0,True,True
00624826,4,4,4,4,2,2,2,2,1.0,1.0,2,2,1.0,4,4,1.0,False,0,True,True
00624861,8,8,8,8,4,4,4,4,1.0,1.0,12,12,1.0,16,16,1.0,False,0,True,True
00625016,4,4,4,4,0,4,1,2,,0.5,0,0,,0,0,,False,3,True,True
00625058,16,16,16,16,8,8,8,8,1.0,1.0,8,8,1.0,16,16,1.0,False,0,True,True
00625118,0,0,0,0,0,0,0,0,,,0,0,,0,0,,False,0,True,True
00625287,8,8,8,8,4,4,4,4,1.0,1.0,12,12,1.0,16,16,1.0,False,0,True,True
00625492,8,8,8,8,4,4,4,4,1.0,1.0,4,4,1.0,8,8,1.0,False,0,True,True
00625550,28,28,28,28,14,14,14,12,1.0,0.8571428571428571,29,38,0.7631578947368421,52,52,1.0,False,0,True,True
00625654,6,6,6,6,0,0,0,0,,,0,2,0.0,0,0,,False,0,True,True
00625659,0,0,0,0,0,0,0,0,,,0,0,,0,0,,False,0,True,True
00625914,6,6,6,6,2,1,2,1,1.0,1.0,0,1,0.0,1,2,0.5,False,0,True,True
00626014,0,0,0,0,0,0,0,0,,,0,0,,0,0,,False,0,True,True
00626143,36,36,36,36,12,24,12,15,1.0,0.625,7,8,0.875,14,16,0.875,False,2,True,True
00626147,10,10,10,10,4,6,4,6,1.0,1.0,3,3,1.0,6,6,1.0,False,0,True,True
00626149,0,0,0,0,0,0,0,0,,,0,0,,0,0,,False,0,True,True
00626492,28,30,28,26,14,14,11,11,0.7857142857142857,0.7857142857142857,0,0,,0,0,,False,3,True,True
00626663,4,4,4,4,2,2,2,2,1.0,1.0,2,2,1.0,4,4,1.0,False,0,True,True
00626664,4,4,4,4,2,2,2,2,1.0,1.0,2,2,1.0,4,4,1.0,False,0,True,True
00626666,8,8,8,8,4,4,4,4,1.0,1.0,12,12,1.0,16,16,1.0,False,0,True,True
00627209,12,12,12,12,6,6,6,6,1.0,1.0,6,6,1.0,12,12,1.0,False,0,True,True
00627254,0,0,0,0,0,0,0,0,,,0,0,,0,0,,False,0,True,True
00627393,4,4,4,4,2,2,2,2,1.0,1.0,2,2,1.0,4,4,1.0,False,0,True,True
00627483,4,4,4,4,2,2,2,2,1.0,1.0,2,2,1.0,4,4,1.0,False,0,True,True
00627705,0,0,0,0,0,0,0,0,,,0,0,,0,0,,False,0,True,True
00627745,0,0,0,0,0,0,0,0,,,0,0,,0,0,,False,0,True,True
00627747,16,16,16,16,4,4,5,6,1.25,1.5,4,8,0.5,8,8,1.0,False,0,True,True
00627848,6,6,6,6,2,2,1,2,0.5,1.0,1,2,0.5,2,4,0.5,False,0,True,True
00627909,8,8,8,8,3,4,3,4,1.0,1.0,3,3,1.0,6,6,1.0,False,0,True,True
00628075,5,9,5,9,1,2,2,3,2.0,1.5,0,0,,0,0,,False,3,True,True
00628109,1,1,1,1,0,1,0,1,,1.0,0,0,,0,0,,False,0,True,True
00628110,1,1,1,1,0,1,0,1,,1.0,0,0,,0,0,,False,0,True,True
00628237,12,12,12,12,6,6,6,6,1.0,1.0,6,6,1.0,12,12,1.0,False,0,True,True
00628344,4,4,4,4,2,2,2,2,1.0,1.0,2,2,1.0,4,4,1.0,False,0,True,True
00628426,4,4,4,4,2,2,2,2,1.0,1.0,2,2,1.0,4,4,1.0,False,0,True,True
00628527,0,0,0,0,0,0,0,0,,,0,0,,0,0,,False,0,True,True
00628624,24,24,24,24,12,12,12,12,1.0,1.0,12,12,1.0,24,24,1.0,False,0,True,True
00628625,32,0,32,33,12,20,0,0,0.0,0.0,0,0,,0,0,,False,0,True,False
00628796,0,0,0,0,0,0,0,0,,,0,0,,0,0,,False,0,True,True
00628956,4,4,4,4,2,2,2,2,1.0,1.0,2,2,1.0,4,4,1.0,False,0,True,True
00629059,9,9,9,9,8,1,6,0,0.75,0.0,1,1,1.0,0,0,,False,2,True,True
00629228,3,3,3,3,1,1,1,1,1.0,1.0,0,0,,1,1,1.0,False,0,True,True
00629475,20,20,20,20,20,0,19,0,0.95,,9,10,0.9,0,0,,False,0,True,True
00629540,6,7,6,6,4,2,4,1,1.0,0.5,0,0,,2,2,1.0,False,1,True,True
00629550,2,2,2,2,2,0,2,0,1.0,,1,1,1.0,0,0,,False,0,True,True
00629657,6,5,6,5,0,1,0,1,,1.0,0,0,,0,0,,False,1,True,True
00629874,0,0,0,0,0,0,0,0,,,0,0,,0,0,,False,0,True,True
00629922,4,4,4,4,2,2,2,2,1.0,1.0,2,2,1.0,4,4,1.0,False,0,True,True
00630018,10,10,10,10,4,2,4,3,1.0,1.5,2,7,0.2857142857142857,4,9,0.4444444444444444,False,0,True,True
00630024,0,0,0,0,0,0,0,0,,,0,0,,0,0,,False,0,True,True
00630144,7,7,7,7,3,4,3,4,1.0,1.0,9,9,1.0,12,12,1.0,False,0,True,True
00630158,3,3,3,3,1,1,1,1,1.0,1.0,0,0,,1,1,1.0,False,0,True,True
00630411,4,4,4,4,2,2,2,2,1.0,1.0,2,2,1.0,4,4,1.0,False,0,True,True
00630419,4,4,4,4,2,2,2,2,1.0,1.0,2,2,1.0,4,4,1.0,False,0,True,True
00630782,16,16,16,16,8,8,8,8,1.0,1.0,16,16,1.0,24,24,1.0,False,0,True,True
00630805,16,15,16,15,8,7,8,6,1.0,0.8571428571428571,8,8,1.0,14,14,1.0,False,1,True,True
00630851,4,4,4,4,4,0,4,0,1.0,,6,6,1.0,0,0,,False,0,True,True
00630909,4,4,4,4,2,2,2,2,1.0,1.0,2,2,1.0,4,4,1.0,False,0,True,True
00631132,4,4,4,4,2,2,2,2,1.0,1.0,2,2,1.0,4,4,1.0,False,0,True,True
00631214,4,4,4,4,2,2,2,2,1.0,1.0,2,2,1.0,4,4,1.0,False,0,True,True
00631215,4,4,4,4,2,2,2,2,1.0,1.0,2,2,1.0,4,4,1.0,False,0,True,True
00631253,6,6,6,6,2,0,2,0,1.0,,0,0,,0,0,,False,0,True,True
00631282,6,6,6,6,3,3,3,3,1.0,1.0,6,6,1.0,9,9,1.0,False,0,True,True
00631496,4,4,4,4,2,2,2,2,1.0,1.0,2,2,1.0,4,4,1.0,False,0,True,True
00631497,8,8,8,8,4,4,4,4,1.0,1.0,12,12,1.0,16,16,1.0,False,0,True,True
00631564,4,4,4,4,2,2,2,2,1.0,1.0,2,2,1.0,4,4,1.0,False,0,True,True
00631998,6,6,6,6,1,2,1,2,1.0,1.0,1,1,1.0,2,2,1.0,False,0,True,True
00632006,12,12,12,12,6,6,6,6,1.0,1.0,6,6,1.0,12,12,1.0,False,0,True,True
00632015,8,8,8,8,4,4,4,4,1.0,1.0,12,12,1.0,16,16,1.0,False,0,True,True
00632242,10,10,10,10,0,1,3,1,,1.0,0,0,,0,0,,False,0,True,True
00632277,4,4,4,4,2,2,2,2,1.0,1.0,2,2,1.0,4,4,1.0,False,0,True,True
00632443,4,4,4,4,2,2,2,2,1.0,1.0,2,2,1.0,4,4,1.0,False,0,True,True
00632542,4,4,4,4,2,1,2,1,1.0,1.0,1,1,1.0,2,2,1.0,False,0,True,True
00632741,4,4,4,4,2,2,2,2,1.0,1.0,2,2,1.0,4,4,1.0,False,0,True,True
00632960,7,7,7,7,3,0,3,0,1.0,,3,3,1.0,0,0,,False,0,True,True
00633347,4,4,4,4,2,2,2,2,1.0,1.0,2,2,1.0,4,4,1.0,False,0,True,True
00633551,3,3,3,3,1,1,1,1,1.0,1.0,0,0,,1,1,1.0,False,0,True,True
00633620,4,4,4,4,2,2,2,2,1.0,1.0,2,2,1.0,4,4,1.0,False,0,True,True
00633814,12,12,12,12,6,6,6,6,1.0,1.0,6,6,1.0,12,12,1.0,False,0,True,True
00634074,24,24,24,24,12,12,12,12,1.0,1.0,20,20,1.0,32,32,1.0,False,0,True,True
00634251,2,2,2,2,0,0,0,0,,,0,0,,0,0,,False,0,True,True
00634253,4,4,4,4,2,2,2,2,1.0,1.0,2,2,1.0,4,4,1.0,False,0,True,True
00634589,4,4,4,4,2,2,2,2,1.0,1.0,2,2,1.0,4,4,1.0,False,0,True,True
00634608,7,7,7,7,4,3,4,3,1.0,1.0,9,9,1.0,12,12,1.0,False,0,True,True
00634780,9,9,9,9,5,4,4,4,0.8,1.0,4,6,0.6666666666666666,8,10,0.8,False,0,True,True
00634828,0,0,0,0,0,0,0,0,,,0,0,,0,0,,False,0,True,True
00634917,4,4,4,4,2,2,2,2,1.0,1.0,2,2,1.0,4,4,1.0,False,0,True,True
00635132,8,8,8,8,4,4,4,4,1.0,1.0,4,4,1.0,8,8,1.0,False,0,True,True
00635405,4,4,4,4,2,0,2,0,1.0,,1,1,1.0,1,1,1.0,False,0,True,True
00635503,4,4,4,4,2,2,2,2,1.0,1.0,2,2,1.0,4,4,1.0,False,0,True,True
00635610,4,4,4,4,2,2,2,2,1.0,1.0,2,2,1.0,4,4,1.0,False,0,True,True
00635928,4,4,4,4,2,2,2,2,1.0,1.0,2,2,1.0,4,4,1.0,False,0,True,True
00636045,4,4,4,4,2,2,2,2,1.0,1.0,2,2,1.0,4,4,1.0,False,0,True,True
00636059,8,8,8,8,4,4,4,4,1.0,1.0,4,4,1.0,8,8,1.0,False,0,True,True
00636213,12,12,12,12,6,6,6,6,1.0,1.0,6,6,1.0,12,12,1.0,False,0,True,True
00636638,12,12,12,12,6,6,6,6,1.0,1.0,6,6,1.0,12,12,1.0,False,0,True,True
00636666,4,4,4,4,2,2,2,2,1.0,1.0,2,2,1.0,4,4,1.0,False,0,True,True
00637020,30,0,30,29,0,0,0,0,,,0,0,,0,0,,False,0,True,False
00637050,4,4,4,4,2,2,2,2,1.0,1.0,2,2,1.0,4,4,1.0,False,0,True,True
00637120,0,0,0,0,0,0,0,0,,,0,0,,0,0,,False,0,True,True
00637124,4,4,4,4,2,2,2,2,1.0,1.0,2,2,1.0,4,4,1.0,False,0,True,True
00637139,0,0,0,0,0,0,0,0,,,0,0,,0,0,,False,0,True,True
00637199,37,37,37,37,16,21,17,16,1.0625,0.7619047619047619,17,30,0.5666666666666667,32,42,0.7619047619047619,False,0,True,True
00637362,6,6,6,6,0,6,0,5,,0.8333333333333334,4,7,0.5714285714285714,0,0,,False,0,True,True
00637438,8,8,8,8,4,4,4,3,1.0,0.75,9,12,0.75,12,16,0.75,False,0,True,True
00637472,12,12,12,12,4,3,4,3,1.0,1.0,2,2,1.0,5,5,1.0,False,0,True,True
00637495,0,0,0,0,0,0,0,0,,,0,0,,0,0,,False,0,True,True
00637545,15,16,15,16,8,7,5,5,0.625,0.7142857142857143,6,12,0.5,9,16,0.5625,True,1,True,True
00637617,4,4,4,4,2,2,2,2,1.0,1.0,2,2,1.0,4,4,1.0,False,0,True,True
00637628,4,2,4,4,4,0,2,0,0.5,,1,1,1.0,0,0,,True,0,True,True
00637764,4,4,4,4,2,2,2,2,1.0,1.0,2,2,1.0,4,4,1.0,False,0,True,True
00637799,3,3,3,3,0,0,0,0,,,0,0,,0,0,,False,0,True,True
00638308,0,0,0,0,0,0,0,0,,,0,0,,0,0,,False,0,True,True
00638736,6,6,6,6,0,0,0,0,,,3,3,1.0,0,0,,False,0,True,True
00638853,4,4,4,4,2,2,2,2,1.0,1.0,2,2,1.0,4,4,1.0,False,0,True,True
00638863,4,4,4,4,2,2,2,2,1.0,1.0,2,2,1.0,4,4,1.0,False,0,True,True
00638901,34,34,34,34,15,18,13,14,0.8666666666666667,0.7777777777777778,13,25,0.52,36,40,0.9,False,0,True,True
00639014,0,0,0,0,0,0,0,0,,,0,0,,0,0,,False,0,True,True
00639016,4,4,4,4,2,2,2,1,1.0,0.5,1,2,0.5,2,4,0.5,False,0,True,True
00639023,7,7,7,7,0,0,0,0,,,0,0,,0,0,,False,0,True,True
00639102,0,0,0,0,0,0,0,0,,,0,0,,0,0,,False,0,True,True
00639115,0,0,0,0,0,0,0,0,,,0,0,,0,0,,False,0,True,True
00639121,0,0,0,0,0,0,0,0,,,0,0,,0,0,,False,0,True,True
00639365,0,0,0,0,0,0,0,0,,,0,0,,0,0,,False,0,True,True
00639403,0,0,0,0,0,0,0,0,,,0,0,,0,0,,False,0,True,True
00639414,0,0,0,0,0,0,0,0,,,0,0,,0,0,,False,0,True,True
00639825,4,4,4,4,2,2,2,2,1.0,1.0,2,2,1.0,4,4,1.0,False,0,True,True
00639885,11,12,11,12,8,3,8,3,1.0,1.0,2,2,1.0,4,4,1.0,False,1,True,True
00639898,18,18,18,18,8,8,8,7,1.0,0.875,6,7,0.8571428571428571,10,12,0.8333333333333334,False,0,True,True
00639935,20,20,20,20,10,10,9,10,0.9,1.0,15,18,0.8333333333333334,24,28,0.8571428571428571,False,0,True,True
00640423,14,0,14,16,3,7,0,0,0.0,0.0,0,0,,0,0,,False,0,True,False
00640597,7,7,7,7,5,2,5,2,1.0,1.0,3,3,1.0,2,2,1.0,False,0,True,True
00641028,4,4,4,4,2,2,2,2,1.0,1.0,2,2,1.0,4,4,1.0,False,0,True,True
00641205,18,18,18,18,10,8,7,6,0.7,0.75,17,32,0.53125,34,40,0.85,False,0,True,True
00641212,4,4,4,4,2,2,2,2,1.0,1.0,2,2,1.0,4,4,1.0,False,0,True,True
00641274,19,18,19,18,8,8,4,3,0.5,0.375,0,0,,0,0,,False,1,True,True
00641690,4,4,4,4,2,2,2,2,1.0,1.0,2,2,1.0,4,4,1.0,False,0,True,True
00641822,4,4,4,4,2,2,2,2,1.0,1.0,2,2,1.0,4,4,1.0,False,0,True,True
00641982,2,2,2,2,2,0,2,0,1.0,,1,1,1.0,0,0,,False,0,True,True
00642035,7,7,7,7,1,0,1,0,1.0,,0,0,,0,0,,False,0,True,True
00642204,8,8,8,8,4,4,4,4,1.0,1.0,4,4,1.0,8,8,1.0,False,0,True,True
00642208,0,0,0,0,0,0,0,0,,,0,0,,0,0,,False,0,True,True
00642249,14,14,14,14,8,4,7,3,0.875,0.75,3,7,0.42857142857142855,5,8,0.625,False,2,True,True
00642545,4,4,4,4,2,2,2,2,1.0,1.0,2,2,1.0,0,0,,False,0,True,True
00642552,4,4,4,4,2,2,2,2,1.0,1.0,2,2,1.0,0,0,,False,0,True,True
00642589,4,4,4,4,2,2,2,2,1.0,1.0,2,2,1.0,0,0,,False,0,True,True
00642721,0,0,0,0,0,0,0,0,,,0,0,,0,0,,False,0,True,True
00642783,8,8,8,8,4,4,4,4,1.0,1.0,12,12,1.0,16,16,1.0,False,0,True,True
00642924,24,24,24,24,14,10,14,10,1.0,1.0,20,20,1.0,28,28,1.0,False,0,True,True
00643106,4,4,4,4,2,2,2,2,1.0,1.0,2,2,1.0,4,4,1.0,False,0,True,True
00643161,0,0,0,0,0,0,0,0,,,0,0,,0,0,,False,0,True,True
00643257,8,8,8,8,2,2,3,2,1.5,1.0,2,2,1.0,4,4,1.0,False,0,True,True
00643322,0,0,0,0,0,0,0,0,,,0,0,,0,0,,False,0,True,True
00644005,8,8,8,8,3,4,3,4,1.0,1.0,3,3,1.0,6,6,1.0,False,0,True,True
00644281,0,0,0,0,0,0,0,0,,,0,0,,0,0,,False,0,True,True
00644455,0,0,0,0,0,0,0,0,,,0,0,,0,0,,False,0,True,True
00644586,0,0,0,0,0,0,0,0,,,0,0,,0,0,,False,0,True,True
00644682,0,0,0,0,0,0,0,0,,,0,0,,0,0,,False,0,True,True
00644875,11,11,11,11,5,5,5,6,1.0,1.2,8,8,1.0,13,13,1.0,False,0,True,True
00645015,4,4,4,4,2,2,2,2,1.0,1.0,2,2,1.0,4,4,1.0,False,0,True,True
00645022,4,4,4,4,2,2,2,2,1.0,1.0,2,2,1.0,4,4,1.0,False,0,True,True
00645163,0,0,0,0,0,0,0,0,,,0,0,,0,0,,False,0,True,True
00645238,0,0,0,0,0,0,0,0,,,0,0,,0,0,,False,0,True,True
00645933,0,0,0,0,0,0,0,0,,,0,0,,0,0,,False,0,True,True
00645991,4,4,4,4,2,2,2,2,1.0,1.0,2,2,1.0,4,4,1.0,False,0,True,True
00646280,9,12,9,12,1,1,2,0,2.0,0.0,0,0,,0,0,,False,3,True,True
00646292,16,16,16,16,8,8,8,7,1.0,0.875,7,8,0.875,14,16,0.875,False,0,True,True
00646390,4,4,4,4,1,2,1,2,1.0,1.0,1,1,1.0,2,2,1.0,False,0,True,True
00646726,4,4,4,4,2,2,2,2,1.0,1.0,2,2,1.0,4,4,1.0,False,0,True,True
00646782,4,4,4,4,2,2,2,2,1.0,1.0,2,2,1.0,4,4,1.0,False,0,True,True
00646821,7,7,7,7,4,3,4,3,1.0,1.0,9,9,1.0,12,12,1.0,False,0,True,True
00646926,4,4,4,4,2,2,2,2,1.0,1.0,2,2,1.0,4,4,1.0,False,0,True,True
00646977,15,15,15,15,7,7,8,6,1.1428571428571428,0.8571428571428571,12,12,1.0,18,19,0.9473684210526315,False,0,True,True
00647213,5,5,5,5,2,3,2,3,1.0,1.0,2,2,1.0,4,4,1.0,False,0,True,True
00648086,4,4,4,4,2,2,2,2,1.0,1.0,2,2,1.0,4,4,1.0,False,0,True,True
00648141,4,4,4,4,2,2,2,2,1.0,1.0,2,2,1.0,4,4,1.0,False,0,True,True
00648788,2,2,2,2,0,0,0,0,,,0,0,,0,0,,False,0,True,True
00648915,2,2,2,2,2,0,2,0,1.0,,1,1,1.0,0,0,,False,0,True,True
00648954,13,13,13,13,7,5,5,5,0.7142857142857143,1.0,2,2,1.0,4,4,1.0,False,2,True,True
00649165,4,4,4,4,2,2,2,2,1.0,1.0,2,2,1.0,4,4,1.0,False,0,True,True
00649353,6,6,6,6,0,2,0,2,,1.0,1,1,1.0,0,0,,False,0,True,True
00649358,0,0,0,0,0,0,0,0,,,0,0,,0,0,,False,0,True,True
00649373,0,0,0,0,0,0,0,0,,,0,0,,0,0,,False,0,True,True
00649382,4,4,4,4,2,2,2,2,1.0,1.0,2,2,1.0,4,4,1.0,False,0,True,True
00649495,8,8,8,8,4,4,4,4,1.0,1.0,4,4,1.0,8,8,1.0,False,0,True,True
00649501,9,9,9,9,5,2,4,3,0.8,1.5,7,11,0.6363636363636364,8,10,0.8,False,0,True,True
00649509,4,4,4,4,1,0,1,0,1.0,,0,0,,0,0,,False,0,True,True
00649583,0,0,0,0,0,0,0,0,,,0,0,,0,0,,False,0,True,True
00649839,4,4,4,4,2,2,2,2,1.0,1.0,2,2,1.0,4,4,1.0,False,0,True,True
00650553,8,8,8,8,4,4,4,4,1.0,1.0,4,4,1.0,8,8,1.0,False,0,True,True
00650560,8,8,8,8,4,4,4,4,1.0,1.0,12,12,1.0,16,16,1.0,False,0,True,True
00650843,8,8,8,8,4,4,4,4,1.0,1.0,12,12,1.0,16,16,1.0,False,0,True,True
00650903,6,6,6,6,3,3,3,3,1.0,1.0,6,6,1.0,9,9,1.0,False,0,True,True
00651212,8,8,8,8,4,4,4,4,1.0,1.0,4,4,1.0,8,8,1.0,False,0,True,True
00651355,0,0,0,0,0,0,0,0,,,0,0,,0,0,,False,0,True,True
00651513,0,0,0,0,0,0,0,0,,,0,0,,0,0,,False,0,True,True
00652493,4,4,4,4,0,0,3,0,,,0,0,,0,0,,False,0,True,True
00652575,20,20,20,20,10,10,9,10,0.9,1.0,9,10,0.9,18,20,0.9,False,0,True,True
00652659,4,4,4,4,2,2,2,2,1.0,1.0,2,2,1.0,4,4,1.0,False,0,True,True
00652757,6,6,6,6,2,4,2,4,1.0,1.0,7,7,1.0,8,8,1.0,False,0,True,True
00652758,9,9,9,9,5,4,5,4,1.0,1.0,16,16,1.0,20,20,1.0,False,0,True,True
00653023,7,7,7,7,0,0,1,0,,,0,0,,0,0,,False,0,True,True
00653091,6,6,6,6,0,0,0,0,,,0,0,,0,0,,False,0,True,True
00653226,3,2,3,2,2,1,2,0,1.0,0.0,0,0,,0,0,,False,1,True,True
00653311,4,4,4,4,2,2,2,2,1.0,1.0,2,2,1.0,4,4,1.0,False,0,True,True
00653353,16,16,16,16,8,8,8,7,1.0,0.875,7,8,0.875,14,16,0.875,False,0,True,True
00653562,4,4,4,4,2,2,2,2,1.0,1.0,2,2,1.0,4,4,1.0,False,0,True,True
00653696,0,0,0,0,0,0,0,0,,,0,0,,0,0,,False,0,True,True
00653980,4,4,4,4,1,2,1,2,1.0,1.0,1,1,1.0,2,2,1.0,False,0,True,True
00654139,4,4,4,4,2,2,2,2,1.0,1.0,2,2,1.0,4,4,1.0,False,0,True,True
00654144,0,0,0,0,0,0,0,0,,,0,0,,0,0,,False,0,True,True
00654147,20,20,20,20,10,6,10,3,1.0,0.5,29,62,0.46774193548387094,49,60,0.8166666666666667,False,0,True,True
00654194,0,0,0,0,0,0,0,0,,,0,0,,0,0,,False,0,True,True
00654424,14,14,14,14,9,5,9,4,1.0,0.8,18,20,0.9,16,22,0.7272727272727273,False,0,True,True
00654617,9,9,9,9,4,5,4,5,1.0,1.0,6,6,1.0,10,10,1.0,False,0,True,True
00654626,0,0,0,0,0,0,0,0,,,0,0,,0,0,,False,0,True,True
00654648,20,23,20,23,8,8,8,7,1.0,0.875,5,10,0.5,10,17,0.5882352941176471,False,1,True,True
00654726,4,4,4,4,2,2,2,2,1.0,1.0,2,2,1.0,4,4,1.0,False,0,True,True
00654727,0,0,0,0,0,0,0,0,,,0,0,,0,0,,False,0,True,True
00654762,8,8,8,8,2,2,2,2,1.0,1.0,4,4,1.0,8,8,1.0,False,0,True,True
00654817,4,4,4,4,2,2,2,2,1.0,1.0,2,2,1.0,4,4,1.0,False,0,True,True
00654821,4,4,4,4,2,2,2,2,1.0,1.0,2,2,1.0,4,4,1.0,False,0,True,True
00655112,18,18,18,18,10,8,8,7,0.8,0.875,21,33,0.6363636363636364,37,40,0.925,False,0,True,True
00655174,10,10,10,10,5,2,5,2,1.0,1.0,4,4,1.0,5,5,1.0,False,0,True,True
00655499,4,4,4,4,2,2,2,2,1.0,1.0,2,2,1.0,4,4,1.0,False,0,True,True
00655556,8,8,8,8,4,2,4,2,1.0,1.0,7,7,1.0,8,8,1.0,False,0,True,True
00655723,0,0,0,0,0,0,0,0,,,0,0,,0,0,,False,0,True,True
00655755,0,0,0,0,0,0,0,0,,,0,0,,0,0,,False,0,True,True
00655967,4,4,4,4,2,2,2,2,1.0,1.0,2,2,1.0,4,4,1.0,False,0,True,True
00656022,3,3,3,3,1,0,1,0,1.0,,0,0,,0,0,,False,0,True,True
00656351,8,8,8,8,4,4,4,4,1.0,1.0,12,12,1.0,16,16,1.0,False,0,True,True
00656515,4,4,4,4,2,2,2,2,1.0,1.0,2,2,1.0,4,4,1.0,False,0,True,True
00656820,0,0,0,0,0,0,0,0,,,0,0,,0,0,,False,0,True,True
00656829,4,4,4,4,2,0,2,0,1.0,,1,1,1.0,0,0,,False,0,True,True
00656915,8,9,8,9,2,2,3,3,1.5,1.5,2,2,1.0,4,4,1.0,False,2,True,True
00656926,0,0,0,0,0,0,0,0,,,0,0,,0,0,,False,0,True,True
00656969,0,0,0,0,0,0,0,0,,,0,0,,0,0,,False,0,True,True
00656991,12,12,12,12,6,6,5,6,0.8333333333333334,1.0,11,14,0.7857142857142857,16,20,0.8,False,0,True,True
00657329,0,0,0,0,0,0,0,0,,,0,0,,0,0,,False,0,True,True
00657331,4,4,4,4,2,2,2,2,1.0,1.0,2,2,1.0,4,4,1.0,False,0,True,True
00657352,4,4,4,4,2,2,2,2,1.0,1.0,2,2,1.0,4,4,1.0,False,0,True,True
00657465,10,14,10,14,6,4,6,4,1.0,1.0,0,0,,1,1,1.0,False,3,True,True
00657823,4,4,4,4,2,2,2,2,1.0,1.0,2,2,1.0,4,4,1.0,False,0,True,True
00657941,4,4,4,4,2,2,2,2,1.0,1.0,2,2,1.0,4,4,1.0,False,0,True,True
00658114,6,6,6,6,3,3,3,3,1.0,1.0,6,6,1.0,9,9,1.0,False,0,True,True
00658121,4,4,4,4,2,2,2,2,1.0,1.0,2,2,1.0,4,4,1.0,False,0,True,True
00658127,28,34,28,34,6,2,9,2,1.5,1.0,3,5,0.6,0,0,,False,6,True,True
00658242,4,4,4,4,2,2,2,2,1.0,1.0,2,2,1.0,4,4,1.0,False,0,True,True
00658261,28,28,28,28,0,0,6,4,,,1,9,0.1111111111111111,1,9,0.1111111111111111,False,0,True,True
00658407,10,10,10,10,6,4,4,2,0.6666666666666666,0.5,6,21,0.2857142857142857,23,24,0.9583333333333334,False,0,True,True
00658428,8,8,8,8,4,4,4,4,1.0,1.0,12,12,1.0,16,16,1.0,False,0,True,True
00658709,0,0,0,0,0,0,0,0,,,0,0,,0,0,,False,0,True,True
00658965,0,0,0,0,0,0,0,0,,,0,0,,0,0,,False,0,True,True
00659071,14,14,14,14,6,8,3,6,0.5,0.75,18,43,0.4186046511627907,31,48,0.6458333333333334,False,0,True,True
00659133,8,8,8,8,4,4,4,4,1.0,1.0,2,2,1.0,6,6,1.0,False,0,True,True
00659246,18,22,16,22,0,2,2,9,,4.5,0,0,,0,0,,True,2,True,True
00659273,4,4,4,4,2,2,2,2,1.0,1.0,2,2,1.0,4,4,1.0,False,0,True,True
00659675,38,38,38,38,14,24,11,13,0.7857142857142857,0.5416666666666666,28,91,0.3076923076923077,48,84,0.5714285714285714,True,0,True,True
00659752,0,0,0,0,0,0,0,0,,,0,0,,0,0,,False,0,True,True
00659754,4,4,4,4,2,2,2,2,1.0,1.0,2,2,1.0,4,4,1.0,False,0,True,True
00659899,0,0,0,0,0,0,0,0,,,0,0,,0,0,,False,0,True,True
00660195,34,38,34,38,2,14,11,8,5.5,0.5714285714285714,0,0,,0,0,,False,1,True,True
00660210,8,8,8,8,4,4,4,4,1.0,1.0,4,4,1.0,8,8,1.0,False,0,True,True
00660215,8,8,8,8,4,4,4,4,1.0,1.0,12,12,1.0,16,16,1.0,False,0,True,True
00660225,16,16,16,16,8,6,8,7,1.0,1.1666666666666667,14,14,1.0,20,20,1.0,False,0,True,True
00660508,3,3,3,3,2,1,2,1,1.0,1.0,1,1,1.0,2,2,1.0,False,0,True,True
00660549,0,0,0,0,0,0,0,0,,,0,0,,0,0,,False,0,True,True
00660633,4,4,4,4,1,2,1,2,1.0,1.0,1,1,1.0,2,2,1.0,False,0,True,True
00660662,8,8,8,8,4,4,4,4,1.0,1.0,4,4,1.0,8,8,1.0,False,0,True,True
00660941,0,0,0,0,0,0,0,0,,,0,0,,0,0,,False,0,True,True
00661114,0,0,0,0,0,0,0,0,,,0,0,,0,0,,False,0,True,True
00661201,12,12,12,12,6,6,6,6,1.0,1.0,14,14,1.0,20,20,1.0,False,0,True,True
00661272,48,50,48,50,24,24,15,12,0.625,0.5,16,60,0.26666666666666666,44,72,0.6111111111111112,True,1,True,True
00661286,6,6,6,6,0,0,0,0,,,3,3,1.0,0,0,,False,0,True,True
00661301,0,0,0,0,0,0,0,0,,,0,0,,0,0,,False,0,True,True
00661391,13,13,13,13,7,6,7,6,1.0,1.0,6,6,1.0,12,12,1.0,False,0,True,True
00661567,0,0,0,0,0,0,0,0,,,0,0,,0,0,,False,0,True,True
00662248,9,9,9,9,3,3,4,3,1.3333333333333333,1.0,2,3,0.6666666666666666,5,5,1.0,False,0,True,True
00662416,0,0,0,0,0,0,0,0,,,0,0,,0,0,,False,0,True,True
00662598,9,9,9,9,1,8,1,7,1.0,0.875,3,4,0.75,1,2,0.5,False,0,True,True
00662647,15,16,15,15,6,9,6,5,1.0,0.5555555555555556,0,0,,0,0,,False,1,True,True
00662779,4,4,4,4,2,2,2,2,1.0,1.0,2,2,1.0,4,4,1.0,False,0,True,True
00662950,4,4,4,4,2,2,2,2,1.0,1.0,2,2,1.0,4,4,1.0,False,0,True,True
00663106,0,0,0,0,0,0,0,0,,,0,0,,0,0,,False,0,True,True
00663119,11,13,11,12,2,9,3,8,1.5,0.8888888888888888,4,4,1.0,6,6,1.0,False,2,True,True
00663220,4,4,4,4,2,2,2,2,1.0,1.0,2,2,1.0,4,4,1.0,False,0,True,True
00663313,5,5,5,5,2,2,2,2,1.0,1.0,2,2,1.0,4,4,1.0,False,0,True,True
00663561,12,12,12,12,6,6,5,4,0.8333333333333334,0.6666666666666666,6,14,0.42857142857142855,14,20,0.7,False,0,True,True
00663702,9,9,9,9,5,4,5,4,1.0,1.0,16,16,1.0,20,20,1.0,False,0,True,True
00663723,4,4,4,4,2,2,2,2,1.0,1.0,2,2,1.0,4,4,1.0,False,0,True,True
00663730,14,15,14,15,6,6,6,5,1.0,0.8333333333333334,2,2,1.0,5,5,1.0,True,1,True,True
00663758,4,4,4,4,2,2,2,2,1.0,1.0,2,2,1.0,4,4,1.0,False,0,True,True
00664101,0,0,0,0,0,0,0,0,,,0,0,,0,0,,False,0,True,True
00664458,9,9,9,9,5,4,5,4,1.0,1.0,16,16,1.0,20,20,1.0,False,0,True,True
00664484,0,0,0,0,0,0,0,0,,,0,0,,0,0,,False,0,True,True
00664516,12,12,12,12,6,6,6,6,1.0,1.0,14,14,1.0,20,20,1.0,False,0,True,True
00664664,4,4,4,4,2,0,2,0,1.0,,1,1,1.0,0,0,,False,0,True,True
00664666,10,10,10,10,5,5,5,5,1.0,1.0,8,8,1.0,13,13,1.0,False,0,True,True
00664791,4,4,4,4,2,2,2,2,1.0,1.0,2,2,1.0,4,4,1.0,False,0,True,True
00664811,8,6,8,10,0,0,1,0,,,0,0,,0,0,,True,2,True,True
00664818,32,32,32,32,18,14,12,14,0.6666666666666666,1.0,13,32,0.40625,34,44,0.7727272727272727,False,0,True,True
00664967,4,4,4,4,2,2,2,2,1.0,1.0,2,2,1.0,4,4,1.0,False,0,True,True
00665036,6,5,6,5,4,2,4,1,1.0,0.5,0,0,,0,0,,False,1,True,True
00665208,7,7,7,7,2,2,2,3,1.0,1.5,2,3,0.6666666666666666,4,6,0.6666666666666666,False,0,True,True
00665265,6,6,6,6,2,4,2,3,1.0,0.75,4,7,0.5714285714285714,8,8,1.0,False,0,True,True
00666106,2,2,2,2,2,0,2,0,1.0,,1,1,1.0,0,0,,False,0,True,True
00666109,4,4,4,4,2,2,2,2,1.0,1.0,2,2,1.0,4,4,1.0,False,0,True,True
00666260,4,4,4,4,2,2,2,2,1.0,1.0,2,2,1.0,4,4,1.0,False,0,True,True
00666308,0,0,0,0,0,0,0,0,,,0,0,,0,0,,False,0,True,True
00666384,4,4,4,4,2,2,2,2,1.0,1.0,2,2,1.0,4,4,1.0,False,0,True,True
00666410,29,29,29,29,10,6,14,8,1.4,1.3333333333333333,5,12,0.4166666666666667,8,12,0.6666666666666666,False,0,True,True
00666556,4,4,4,4,2,2,2,2,1.0,1.0,2,2,1.0,4,4,1.0,False,0,True,True
00666618,4,4,4,4,2,2,2,2,1.0,1.0,2,2,1.0,4,4,1.0,False,0,True,True
00666695,6,6,6,6,3,3,3,3,1.0,1.0,6,6,1.0,9,9,1.0,False,0,True,True
00666803,19,19,19,19,10,9,9,9,0.9,1.0,24,29,0.8275862068965517,33,38,0.868421052631579,False,0,True,True
00668705,6,6,6,6,0,0,2,0,,,1,1,1.0,0,0,,False,0,True,True
00668786,4,4,4,4,2,2,2,2,1.0,1.0,2,2,1.0,4,4,1.0,False,0,True,True
00668793,6,5,6,5,2,3,1,3,0.5,1.0,1,1,1.0,2,2,1.0,False,1,True,True
00668812,11,11,11,11,5,5,5,5,1.0,1.0,12,12,1.0,17,17,1.0,False,0,True,True
00668949,8,8,8,8,4,4,4,4,1.0,1.0,12,12,1.0,16,16,1.0,False,0,True,True
00669299,0,0,0,0,0,0,0,0,,,0,0,,0,0,,False,0,True,True
00669378,0,0,0,0,0,0,0,0,,,0,0,,0,0,,False,0,True,True
00669451,9,10,9,10,4,1,4,2,1.0,2.0,3,3,1.0,0,0,,False,1,True,True
00669573,4,4,4,4,2,2,2,2,1.0,1.0,2,2,1.0,4,4,1.0,False,0,True,True
00669692,6,6,6,6,0,0,0,0,,,1,1,1.0,0,0,,False,0,True,True
00669838,12,12,12,12,6,6,4,6,0.6666666666666666,1.0,6,14,0.42857142857142855,17,20,0.85,False,0,True,True
00669966,0,0,0,0,0,0,0,0,,,0,0,,0,0,,False,0,True,True
00670178,8,8,8,8,4,4,4,4,1.0,1.0,4,4,1.0,8,8,1.0,False,0,True,True
00670327,0,0,0,0,0,0,0,0,,,0,0,,0,0,,False,0,True,True
00670372,4,4,4,4,2,2,2,2,1.0,1.0,2,2,1.0,4,4,1.0,False,0,True,True
00670464,12,12,12,12,4,4,3,4,0.75,1.0,2,4,0.5,4,8,0.5,False,0,True,True
00670479,4,4,4,4,2,2,2,2,1.0,1.0,2,2,1.0,4,4,1.0,False,0,True,True
00670593,8,8,8,8,4,4,4,2,1.0,0.5,4,12,0.3333333333333333,13,16,0.8125,False,0,True,True
00670634,4,4,4,4,2,2,2,2,1.0,1.0,2,2,1.0,4,4,1.0,False,0,True,True
00670649,12,12,12,12,6,6,5,5,0.8333333333333334,0.8333333333333334,8,14,0.5714285714285714,17,20,0.85,False,0,True,True
00670655,36,36,36,36,18,18,15,18,0.8333333333333334,1.0,31,34,0.9117647058823529,46,52,0.8846153846153846,False,0,True,True
00670739,4,4,4,4,0,1,0,2,,2.0,0,0,,0,0,,False,0,True,True
00670851,0,0,0,0,0,0,0,0,,,0,0,,0,0,,False,0,True,True
00670922,6,6,6,6,2,4,2,4,1.0,1.0,7,7,1.0,8,8,1.0,False,0,True,True
00671097,4,4,4,4,2,2,2,2,1.0,1.0,2,2,1.0,4,4,1.0,False,0,True,True
00671274,10,10,10,10,4,6,3,6,0.75,1.0,13,21,0.6190476190476191,19,24,0.7916666666666666,False,0,True,True
00671652,0,0,0,0,0,0,0,0,,,0,0,,0,0,,False,0,True,True
00671728,4,4,4,4,2,2,2,2,1.0,1.0,2,2,1.0,4,4,1.0,False,0,True,True
00672390,8,8,8,8,4,4,4,4,1.0,1.0,12,12,1.0,16,16,1.0,False,0,True,True
00672473,4,4,4,4,2,2,2,2,1.0,1.0,2,2,1.0,4,4,1.0,False,0,True,True
00672498,3,3,3,3,1,0,1,0,1.0,,0,0,,0,0,,False,0,True,True
00672858,0,0,0,0,0,0,0,0,,,0,0,,0,0,,False,0,True,True
00672972,4,5,4,4,2,0,1,0,0.5,,0,0,,0,0,,False,1,True,True
00673343,5,5,5,5,2,2,2,2,1.0,1.0,2,2,1.0,4,4,1.0,False,0,True,True
00673429,0,0,0,0,0,0,0,0,,,0,0,,0,0,,False,0,True,True
00673484,0,0,0,0,0,0,0,0,,,0,0,,0,0,,False,0,True,True
00673720,8,9,8,9,2,2,5,0,2.5,0.0,0,0,,2,2,1.0,False,1,True,True
00673775,13,13,13,13,6,4,6,5,1.0,1.25,3,6,0.5,7,8,0.875,False,0,True,True
00673789,4,4,4,4,2,2,2,2,1.0,1.0,2,2,1.0,4,4,1.0,False,0,True,True
00673866,19,19,19,19,8,11,8,7,1.0,0.6363636363636364,7,15,0.4666666666666667,20,22,0.9090909090909091,False,0,True,True
00673869,14,15,14,15,7,7,5,8,0.7142857142857143,1.1428571428571428,6,12,0.5,12,18,0.6666666666666666,False,1,True,True
00673875,4,4,4,4,2,2,2,2,1.0,1.0,2,2,1.0,4,4,1.0,False,0,True,True
00674059,12,12,12,12,6,6,4,3,0.6666666666666666,0.5,9,30,0.3,24,36,0.6666666666666666,False,0,True,True
00674218,0,0,0,0,0,0,0,0,,,0,0,,0,0,,False,0,True,True
00674243,22,22,22,22,11,11,9,12,0.8181818181818182,1.0909090909090908,11,14,0.7857142857142857,19,25,0.76,False,0,True,True
00674299,7,7,7,7,3,3,3,3,1.0,1.0,2,2,1.0,5,5,1.0,False,0,True,True
00674441,12,12,12,12,6,6,6,6,1.0,1.0,30,30,1.0,36,36,1.0,False,0,True,True
00674575,4,4,4,4,2,2,2,2,1.0,1.0,2,2,1.0,4,4,1.0,False,0,True,True
00674579,0,0,0,0,0,0,0,0,,,0,0,,0,0,,False,0,True,True
00674586,4,4,4,4,2,2,2,2,1.0,1.0,2,2,1.0,4,4,1.0,False,0,True,True
00674879,0,0,0,0,0,0,0,0,,,0,0,,0,0,,False,0,True,True
00675295,0,0,0,0,0,0,0,0,,,0,0,,0,0,,False,0,True,True
00675311,0,0,0,0,0,0,0,0,,,0,0,,0,0,,False,0,True,True
00675356,4,4,4,4,2,2,2,2,1.0,1.0,2,2,1.0,4,4,1.0,False,0,True,True
00675385,4,4,4,4,2,2,2,2,1.0,1.0,2,2,1.0,4,4,1.0,False,0,True,True
00675497,4,4,4,4,2,2,2,2,1.0,1.0,2,2,1.0,4,4,1.0,False,0,True,True
00675679,8,8,8,8,0,0,2,1,,,0,0,,0,0,,False,0,True,True
00675781,27,30,27,30,15,9,14,12,0.9333333333333333,1.3333333333333333,8,8,1.0,10,10,1.0,False,6,True,True
00676105,4,4,4,4,2,2,2,2,1.0,1.0,2,2,1.0,4,4,1.0,False,0,True,True
00676253,4,4,4,4,2,2,2,2,1.0,1.0,2,2,1.0,4,4,1.0,False,0,True,True
00676353,5,5,5,5,2,3,2,3,1.0,1.0,4,4,1.0,6,6,1.0,False,0,True,True
00676544,4,4,4,4,2,2,2,2,1.0,1.0,2,2,1.0,4,4,1.0,False,0,True,True
00676653,24,24,24,24,12,12,12,12,1.0,1.0,12,12,1.0,24,24,1.0,False,0,True,True
00676687,14,14,14,14,6,8,4,4,0.6666666666666666,0.5,12,43,0.27906976744186046,34,48,0.7083333333333334,False,0,True,True
00676804,9,9,9,9,5,4,5,4,1.0,1.0,16,16,1.0,20,20,1.0,False,0,True,True
00676941,4,4,4,4,2,2,2,2,1.0,1.0,2,2,1.0,4,4,1.0,False,0,True,True
00677020,0,0,0,0,0,0,0,0,,,0,0,,0,0,,False,0,True,True
00677076,4,4,4,4,2,2,2,2,1.0,1.0,2,2,1.0,4,4,1.0,False,0,True,True
00677275,4,4,4,4,2,2,2,2,1.0,1.0,2,2,1.0,4,4,1.0,False,0,True,True
00677369,6,6,6,6,4,2,2,0,0.5,0.0,1,7,0.14285714285714285,8,8,1.0,False,0,True,True
00677398,8,8,8,8,4,4,4,4,1.0,1.0,4,4,1.0,8,8,1.0,False,0,True,True
00677723,0,0,0,0,0,0,0,0,,,0,0,,0,0,,False,0,True,True
00677857,8,8,8,8,4,4,4,4,1.0,1.0,12,12,1.0,16,16,1.0,False,0,True,True
00678446,0,0,0,0,0,0,0,0,,,0,0,,0,0,,False,0,True,True
00678681,4,4,4,4,2,2,2,2,1.0,1.0,2,2,1.0,4,4,1.0,False,0,True,True
00678931,4,4,4,4,2,2,2,2,1.0,1.0,2,2,1.0,4,4,1.0,False,0,True,True
00679079,16,16,16,16,8,8,7,8,0.875,1.0,13,16,0.8125,20,24,0.8333333333333334,False,0,True,True
00679265,10,10,10,10,6,4,6,4,1.0,1.0,9,9,1.0,12,12,1.0,False,0,True,True
00679268,4,4,4,4,2,2,2,2,1.0,1.0,2,2,1.0,4,4,1.0,False,0,True,True
00679274,4,4,4,4,2,0,2,0,1.0,,1,1,1.0,0,0,,False,0,True,True
00679282,0,0,0,0,0,0,0,0,,,0,0,,0,0,,False,0,True,True
00679628,16,16,16,16,8,8,6,3,0.75,0.375,5,24,0.20833333333333334,13,32,0.40625,False,0,True,True
00679769,0,0,0,0,0,0,0,0,,,0,0,,0,0,,False,0,True,True
00679853,8,8,8,8,4,4,4,4,1.0,1.0,4,4,1.0,8,8,1.0,False,0,True,True
00680101,4,4,4,4,2,2,2,2,1.0,1.0,2,2,1.0,4,4,1.0,False,0,True,True
00680111,4,4,4,4,2,2,2,2,1.0,1.0,2,2,1.0,4,4,1.0,False,0,True,True
00680130,12,12,12,12,6,6,6,6,1.0,1.0,6,6,1.0,12,12,1.0,False,0,True,True
00680177,9,9,9,9,0,0,2,1,,,0,0,,0,0,,False,2,True,True
00680342,12,12,12,12,6,6,6,6,1.0,1.0,6,6,1.0,12,12,1.0,False,0,True,True
00680416,0,0,0,0,0,0,0,0,,,0,0,,0,0,,False,0,True,True
00681161,3,3,3,3,1,1,1,1,1.0,1.0,0,0,,1,1,1.0,False,0,True,True
00681173,0,0,0,0,0,0,0,0,,,0,0,,0,0,,False,0,True,True
00681401,13,13,13,13,2,9,3,9,1.5,1.0,4,4,1.0,4,4,1.0,False,0,True,True
00681760,10,10,10,10,6,2,6,2,1.0,1.0,8,8,1.0,9,9,1.0,False,0,True,True
00681869,12,13,12,13,6,6,6,6,1.0,1.0,2,6,0.3333333333333333,5,9,0.5555555555555556,False,1,True,True
00682039,12,12,12,12,6,6,6,6,1.0,1.0,6,6,1.0,12,12,1.0,False,0,True,True
00682046,4,4,4,4,2,2,2,2,1.0,1.0,2,2,1.0,4,4,1.0,False,0,True,True
00682055,8,8,8,8,4,4,4,4,1.0,1.0,4,4,1.0,8,8,1.0,False,0,True,True
00682064,8,8,8,8,4,4,4,4,1.0,1.0,4,4,1.0,8,8,1.0,False,0,True,True
00682091,8,8,8,8,4,4,4,4,1.0,1.0,4,4,1.0,8,8,1.0,False,0,True,True
00682102,4,4,4,4,2,2,2,2,1.0,1.0,2,2,1.0,4,4,1.0,False,0,True,True
00682107,5,5,5,5,2,2,2,2,1.0,1.0,2,2,1.0,4,4,1.0,False,0,True,True
00682122,9,9,9,9,4,4,4,4,1.0,1.0,12,12,1.0,16,16,1.0,False,0,True,True
00682248,8,8,8,8,4,4,4,4,1.0,1.0,4,4,1.0,8,8,1.0,False,0,True,True
00682422,4,4,4,4,2,2,2,2,1.0,1.0,2,2,1.0,4,4,1.0,False,0,True,True
00682548,22,21,22,21,8,14,6,12,0.75,0.8571428571428571,9,9,1.0,12,12,1.0,False,1,True,True
00682566,12,12,12,12,6,6,6,6,1.0,1.0,6,6,1.0,12,12,1.0,False,0,True,True
00682812,0,0,0,0,0,0,0,0,,,0,0,,0,0,,False,0,True,True
00682829,4,4,4,4,2,2,2,2,1.0,1.0,2,2,1.0,4,4,1.0,False,0,True,True
00682830,4,4,4,4,2,2,2,2,1.0,1.0,2,2,1.0,4,4,1.0,False,0,True,True
00683079,4,4,4,4,2,2,2,2,1.0,1.0,2,2,1.0,4,4,1.0,False,0,True,True
00683150,0,0,0,0,0,0,0,0,,,0,0,,0,0,,False,0,True,True
00683244,2,2,2,2,2,0,2,0,1.0,,1,1,1.0,0,0,,False,0,True,True
00683308,0,0,0,0,0,0,0,0,,,0,0,,0,0,,False,0,True,True
00683319,0,0,0,0,0,0,0,0,,,0,0,,0,0,,False,0,True,True
00684025,5,5,5,5,2,2,2,2,1.0,1.0,2,2,1.0,4,4,1.0,False,0,True,True
00684055,6,6,6,6,2,0,2,0,1.0,,3,3,1.0,0,0,,False,0,True,True
00684227,3,3,3,3,1,1,1,1,1.0,1.0,0,0,,1,1,1.0,False,0,True,True
00684392,4,4,4,4,2,2,2,2,1.0,1.0,2,2,1.0,4,4,1.0,False,0,True,True
00684449,4,4,4,4,2,2,2,2,1.0,1.0,2,2,1.0,4,4,1.0,False,0,True,True
00684537,5,5,5,5,3,2,3,2,1.0,1.0,4,4,1.0,6,6,1.0,False,0,True,True
00684550,16,16,16,16,8,8,8,6,1.0,0.75,23,32,0.71875,40,40,1.0,False,0,True,True
00684767,12,12,12,12,6,6,6,5,1.0,0.8333333333333334,13,30,0.43333333333333335,24,36,0.6666666666666666,False,0,True,True
00684934,6,6,6,6,2,4,2,4,1.0,1.0,2,2,1.0,4,4,1.0,False,0,True,True
00684955,12,12,12,12,6,6,5,4,0.8333333333333334,0.6666666666666666,16,30,0.5333333333333333,36,36,1.0,False,0,True,True
00685241,4,4,4,4,2,2,2,2,1.0,1.0,2,2,1.0,4,4,1.0,False,0,True,True
00685261,16,16,16,16,8,8,8,8,1.0,1.0,8,8,1.0,16,16,1.0,False,0,True,True
00685262,8,8,8,8,4,4,4,4,1.0,1.0,4,4,1.0,8,8,1.0,False,0,True,True
00685289,2,2,2,2,0,0,0,0,,,0,0,,0,0,,False,0,True,True
00685354,8,8,8,8,4,4,4,4,1.0,1.0,4,4,1.0,8,8,1.0,False,0,True,True
00685399,4,4,4,4,2,2,2,2,1.0,1.0,2,2,1.0,4,4,1.0,False,0,True,True
00685405,4,4,4,4,2,2,2,2,1.0,1.0,2,2,1.0,4,4,1.0,False,0,True,True
00685512,12,12,12,12,6,6,6,6,1.0,1.0,6,6,1.0,12,12,1.0,False,0,True,True
00685527,8,8,8,8,4,4,4,4,1.0,1.0,12,12,1.0,16,16,1.0,False,0,True,True
00685540,5,5,5,5,2,2,2,2,1.0,1.0,2,2,1.0,4,4,1.0,False,0,True,True
00685566,12,12,12,12,6,6,5,6,0.8333333333333334,1.0,10,12,0.8333333333333334,15,18,0.8333333333333334,False,0,True,True
00685579,4,4,4,4,2,2,2,2,1.0,1.0,2,2,1.0,4,4,1.0,False,0,True,True
00685581,5,5,5,5,3,2,3,2,1.0,1.0,4,4,1.0,6,6,1.0,False,0,True,True
00685636,8,8,8,8,4,4,4,4,1.0,1.0,4,4,1.0,8,8,1.0,False,0,True,True
00685659,4,4,4,4,4,0,4,0,1.0,,2,2,1.0,0,0,,False,0,True,True
00685693,20,20,20,20,12,6,12,6,1.0,1.0,16,16,1.0,20,20,1.0,False,0,True,True
00685767,8,8,8,8,8,0,7,0,0.875,,3,4,0.75,0,0,,False,0,True,True
00685890,8,8,8,8,4,4,4,4,1.0,1.0,12,12,1.0,16,16,1.0,False,0,True,True
00685969,0,0,0,0,0,0,0,0,,,0,0,,0,0,,False,0,True,True
00686086,4,4,4,4,2,2,2,2,1.0,1.0,2,2,1.0,4,4,1.0,False,0,True,True
00686204,4,4,4,4,2,2,2,2,1.0,1.0,2,2,1.0,4,4,1.0,False,0,True,True
00686400,6,6,6,6,0,2,0,2,,1.0,1,1,1.0,0,0,,False,0,True,True
00686748,8,8,8,8,4,4,4,4,1.0,1.0,4,4,1.0,8,8,1.0,False,0,True,True
00686757,4,4,4,4,2,2,2,2,1.0,1.0,2,2,1.0,4,4,1.0,False,0,True,True
00686918,10,10,10,10,2,4,2,4,1.0,1.0,3,3,1.0,4,4,1.0,False,0,True,True
00686926,10,10,10,10,2,4,2,4,1.0,1.0,3,3,1.0,4,4,1.0,False,0,True,True
00686984,10,10,10,10,2,4,2,4,1.0,1.0,3,3,1.0,4,4,1.0,False,0,True,True
00687083,10,10,10,10,2,4,2,4,1.0,1.0,3,3,1.0,4,4,1.0,False,0,True,True
00687741,28,29,28,29,18,10,3,13,0.16666666666666666,1.3,0,0,,0,0,,False,1,True,True
00687867,4,4,4,4,2,0,2,0,1.0,,2,2,1.0,0,0,,False,0,True,True
00688662,4,4,4,4,2,2,2,2,1.0,1.0,2,2,1.0,4,4,1.0,False,0,True,True
00688883,0,0,0,0,0,0,0,0,,,0,0,,0,0,,False,0,True,True
00688915,8,8,8,8,4,4,3,4,0.75,1.0,9,12,0.75,12,16,0.75,False,0,True,True
00688920,5,5,5,5,1,2,1,2,1.0,1.0,1,1,1.0,2,2,1.0,False,0,True,True
00689112,12,12,12,12,6,6,6,6,1.0,1.0,2,2,1.0,8,8,1.0,False,0,True,True
00689962,4,4,4,4,2,2,2,2,1.0,1.0,2,2,1.0,4,4,1.0,False,0,True,True
00689985,7,7,7,7,3,4,3,4,1.0,1.0,3,3,1.0,6,6,1.0,False,0,True,True
00690003,0,0,0,0,0,0,0,0,,,0,0,,0,0,,False,0,True,True
00690006,0,0,0,0,0,0,0,0,,,0,0,,0,0,,False,0,True,True
00690010,0,0,0,0,0,0,0,0,,,0,0,,0,0,,False,0,True,True
00690294,6,6,6,6,2,0,2,0,1.0,,3,3,1.0,0,0,,False,0,True,True
00690340,4,4,4,4,2,2,2,2,1.0,1.0,2,2,1.0,4,4,1.0,False,0,True,True
00690641,7,7,7,7,2,2,2,2,1.0,1.0,2,2,1.0,4,4,1.0,False,0,True,True
00690802,0,0,0,0,0,0,0,0,,,0,0,,0,0,,False,0,True,True
00690921,4,4,4,4,2,2,2,2,1.0,1.0,2,2,1.0,4,4,1.0,False,0,True,True
00691054,27,29,27,28,10,17,8,15,0.8,0.8823529411764706,4,8,0.5,13,13,1.0,False,2,True,True
00691241,4,4,4,4,2,2,2,2,1.0,1.0,2,2,1.0,4,4,1.0,False,0,True,True
00691443,16,16,16,16,8,8,8,7,1.0,0.875,21,24,0.875,28,32,0.875,False,0,True,True
00691500,3,4,3,4,2,1,2,2,1.0,2.0,0,0,,0,0,,False,1,True,True
00691769,6,6,6,6,2,0,2,0,1.0,,3,3,1.0,0,0,,False,0,True,True
00691807,0,0,0,0,0,0,0,0,,,0,0,,0,0,,False,0,True,True
00691880,0,0,0,0,0,0,0,0,,,0,0,,0,0,,False,0,True,True
00691902,8,8,8,8,4,4,4,4,1.0,1.0,12,12,1.0,16,16,1.0,False,0,True,True
00691955,6,6,6,6,2,4,2,4,1.0,1.0,2,2,1.0,4,4,1.0,False,0,True,True
00692152,4,4,4,4,2,2,2,2,1.0,1.0,2,2,1.0,4,4,1.0,False,0,True,True
00692217,10,16,10,14,4,2,4,1,1.0,0.5,0,0,,0,0,,False,2,True,True
00692262,4,4,4,4,2,2,2,2,1.0,1.0,2,2,1.0,4,4,1.0,False,0,True,True
00692311,16,16,16,16,8,4,8,5,1.0,1.25,13,16,0.8125,8,16,0.5,False,0,True,True
00692642,4,4,4,4,2,0,2,0,1.0,,1,1,1.0,0,0,,False,0,True,True
00692725,4,4,4,4,2,2,2,2,1.0,1.0,2,2,1.0,4,4,1.0,False,0,True,True
00692735,0,0,0,0,0,0,0,0,,,0,0,,0,0,,False,0,True,True
00692808,0,0,0,0,0,0,0,0,,,0,0,,0,0,,False,0,True,True
00692877,4,4,4,4,2,2,2,2,1.0,1.0,2,2,1.0,4,4,1.0,False,0,True,True
00693111,4,4,4,4,2,2,2,2,1.0,1.0,2,2,1.0,4,4,1.0,False,0,True,True
00693453,4,4,4,4,2,2,2,2,1.0,1.0,2,2,1.0,4,4,1.0,False,0,True,True
00693522,5,5,5,5,3,2,3,2,1.0,1.0,1,1,1.0,2,2,1.0,False,0,True,True
00693585,4,4,4,4,2,2,2,2,1.0,1.0,2,2,1.0,4,4,1.0,False,0,True,True
00693811,6,5,6,5,0,0,0,0,,,0,0,,0,0,,False,1,True,True
00694095,4,4,4,4,2,2,2,2,1.0,1.0,2,2,1.0,4,4,1.0,False,0,True,True
00694305,6,6,6,6,2,1,2,1,1.0,1.0,1,1,1.0,2,2,1.0,False,0,True,True
00694405,12,12,12,12,6,6,6,6,1.0,1.0,30,30,1.0,36,36,1.0,False,0,True,True
00694531,4,4,4,4,2,2,2,2,1.0,1.0,2,2,1.0,4,4,1.0,False,0,True,True
00694628,4,4,4,4,2,2,2,2,1.0,1.0,2,2,1.0,4,4,1.0,False,0,True,True
00694632,4,4,4,4,2,2,2,2,1.0,1.0,2,2,1.0,4,4,1.0,False,0,True,True
00694672,4,4,4,4,2,2,2,2,1.0,1.0,2,2,1.0,4,4,1.0,False,0,True,True
00694822,4,4,4,4,2,2,2,2,1.0,1.0,2,2,1.0,4,4,1.0,False,0,True,True
00694828,0,0,0,0,0,0,0,0,,,0,0,,0,0,,False,0,True,True
00694918,6,6,6,6,3,3,3,3,1.0,1.0,6,6,1.0,9,9,1.0,False,0,True,True
00694969,6,6,6,6,2,4,2,4,1.0,1.0,3,3,1.0,4,4,1.0,False,0,True,True
00695171,8,8,8,8,4,4,4,4,1.0,1.0,4,4,1.0,8,8,1.0,False,0,True,True
00695241,12,12,12,12,6,6,6,6,1.0,1.0,6,6,1.0,12,12,1.0,False,0,True,True
00695296,4,4,4,4,2,2,2,2,1.0,1.0,2,2,1.0,4,4,1.0,False,0,True,True
00695311,12,12,12,12,6,6,6,6,1.0,1.0,6,6,1.0,12,12,1.0,False,0,True,True
00695330,14,14,14,14,6,4,6,5,1.0,1.25,4,4,1.0,8,8,1.0,False,0,True,True
00695440,4,4,4,4,2,2,2,2,1.0,1.0,2,2,1.0,4,4,1.0,False,0,True,True
00695598,0,0,0,0,0,0,0,0,,,0,0,,0,0,,False,0,True,True
00695644,4,4,4,4,2,2,2,2,1.0,1.0,2,2,1.0,4,4,1.0,False,0,True,True
00695765,4,4,4,4,2,2,2,2,1.0,1.0,2,2,1.0,4,4,1.0,False,0,True,True
00695771,20,20,20,20,10,10,9,10,0.9,1.0,9,10,0.9,18,20,0.9,False,0,True,True
00695803,12,12,12,12,6,6,6,6,1.0,1.0,6,6,1.0,12,12,1.0,False,0,True,True
00695951,8,8,8,8,4,4,4,4,1.0,1.0,4,4,1.0,8,8,1.0,False,0,True,True
00695983,4,4,4,4,2,2,2,2,1.0,1.0,2,2,1.0,4,4,1.0,False,0,True,True
00696149,6,6,6,6,3,3,3,3,1.0,1.0,6,6,1.0,9,9,1.0,False,0,True,True
00696172,6,6,6,6,3,3,3,3,1.0,1.0,6,6,1.0,9,9,1.0,False,0,True,True
00696267,9,9,9,9,5,0,4,1,0.8,,6,12,0.5,0,0,,False,0,True,True
00696409,8,8,8,8,4,4,4,4,1.0,1.0,4,4,1.0,8,8,1.0,False,0,True,True
00696611,14,14,14,14,8,6,7,6,0.875,1.0,8,11,0.7272727272727273,16,16,1.0,False,0,True,True
00696856,8,8,8,8,4,4,4,4,1.0,1.0,4,4,1.0,8,8,1.0,False,0,True,True
00696925,12,12,12,12,6,6,6,6,1.0,1.0,14,14,1.0,20,20,1.0,False,0,True,True
00696927,10,10,10,10,5,2,4,3,0.8,1.5,2,4,0.5,4,5,0.8,False,0,True,True
00696944,3,3,3,3,1,1,1,1,1.0,1.0,0,0,,1,1,1.0,False,0,True,True
00697032,0,0,0,0,0,0,0,0,,,0,0,,0,0,,False,0,True,True
00697339,6,6,6,6,0,0,0,0,,,0,0,,0,0,,False,0,True,True
00697434,20,20,20,20,10,10,10,10,1.0,1.0,10,10,1.0,20,20,1.0,False,0,True,True
00697559,9,9,9,9,7,2,6,2,0.8571428571428571,1.0,11,12,0.9166666666666666,10,10,1.0,False,0,True,True
00697952,0,0,0,0,0,0,0,0,,,0,0,,0,0,,False,0,True,True
00698176,4,4,4,4,2,2,2,2,1.0,1.0,2,2,1.0,4,4,1.0,False,0,True,True
00698257,4,4,4,4,2,2,2,2,1.0,1.0,2,2,1.0,4,4,1.0,False,0,True,True
00698357,4,4,4,4,2,2,2,2,1.0,1.0,2,2,1.0,4,4,1.0,False,0,True,True
00698372,4,4,4,4,2,2,2,2,1.0,1.0,2,2,1.0,4,4,1.0,False,0,True,True
00698377,4,4,4,4,2,2,2,2,1.0,1.0,2,2,1.0,4,4,1.0,False,0,True,True
00698394,16,16,16,16,8,8,8,8,1.0,1.0,8,8,1.0,16,16,1.0,False,0,True,True
00698399,16,16,16,16,8,8,8,8,1.0,1.0,8,8,1.0,16,16,1.0,False,0,True,True
00698524,0,0,0,0,0,0,0,0,,,0,0,,0,0,,False,0,True,True
00698560,4,4,4,4,2,2,2,2,1.0,1.0,2,2,1.0,4,4,1.0,False,0,True,True
00698828,4,4,4,4,2,2,2,2,1.0,1.0,2,2,1.0,4,4,1.0,False,0,True,True
00698893,4,4,4,4,2,2,2,2,1.0,1.0,2,2,1.0,4,4,1.0,False,0,True,True
00698952,0,0,0,0,0,0,0,0,,,0,0,,0,0,,False,0,True,True
00698985,4,4,4,4,2,2,2,2,1.0,1.0,2,2,1.0,4,4,1.0,False,0,True,True
00699297,4,4,4,4,2,2,2,2,1.0,1.0,2,2,1.0,4,4,1.0,False,0,True,True
00699311,8,8,8,8,2,2,2,2,1.0,1.0,4,4,1.0,8,8,1.0,False,0,True,True
00699919,8,8,8,8,4,4,4,4,1.0,1.0,4,4,1.0,8,8,1.0,False,0,True,True
00700013,6,6,6,6,3,3,3,3,1.0,1.0,6,6,1.0,9,9,1.0,False,0,True,True
00700237,4,4,4,4,2,2,2,2,1.0,1.0,2,2,1.0,4,4,1.0,False,0,True,True
00700252,6,6,6,6,0,2,0,2,,1.0,1,1,1.0,0,0,,False,0,True,True
00700323,4,4,4,4,2,2,2,2,1.0,1.0,2,2,1.0,4,4,1.0,False,0,True,True
00700509,24,24,24,24,12,12,12,12,1.0,1.0,20,20,1.0,32,32,1.0,False,0,True,True
00700544,12,12,12,12,1,4,4,4,4.0,1.0,1,4,0.25,4,10,0.4,False,0,True,True
00700697,4,4,4,4,2,2,2,2,1.0,1.0,2,2,1.0,4,4,1.0,False,0,True,True
00700731,14,13,14,13,4,6,5,5,1.25,0.8333333333333334,2,2,1.0,4,4,1.0,False,1,True,True
00700880,24,24,24,24,12,12,12,12,1.0,1.0,20,20,1.0,32,32,1.0,False,0,True,True
00700951,6,6,6,6,2,0,2,0,1.0,,3,3,1.0,0,0,,False,0,True,True
00701047,6,6,6,6,0,2,0,2,,1.0,1,1,1.0,0,0,,False,0,True,True
00701153,0,0,0,0,0,0,0,0,,,0,0,,0,0,,False,0,True,True
00701158,8,8,8,8,4,4,4,4,1.0,1.0,4,4,1.0,8,8,1.0,False,0,True,True
00701675,22,20,22,18,10,12,5,10,0.5,0.8333333333333334,0,0,,0,0,,False,3,True,True
00702048,14,16,14,16,6,4,6,4,1.0,1.0,4,4,1.0,8,8,1.0,False,2,True,True
00702066,4,4,4,4,2,2,2,2,1.0,1.0,2,2,1.0,4,4,1.0,False,0,True,True
00702069,8,8,8,8,4,2,4,2,1.0,1.0,7,7,1.0,8,8,1.0,False,0,True,True
00702141,4,4,4,4,2,2,2,2,1.0,1.0,2,2,1.0,4,4,1.0,False,0,True,True
00702221,0,0,0,0,0,0,0,0,,,0,0,,0,0,,False,0,True,True
00702236,4,4,4,4,1,0,1,0,1.0,,0,0,,0,0,,False,0,True,True
00702497,0,0,0,0,0,0,0,0,,,0,0,,0,0,,False,0,True,True
00702516,0,0,0,0,0,0,0,0,,,0,0,,0,0,,False,0,True,True
00702563,13,13,13,13,5,2,8,3,1.6,1.5,7,15,0.4666666666666667,9,16,0.5625,False,0,True,True
00702781,4,4,4,4,2,2,2,2,1.0,1.0,2,2,1.0,4,4,1.0,False,0,True,True
00702856,6,6,6,6,2,4,1,3,0.5,0.75,3,7,0.42857142857142855,5,8,0.625,False,0,True,True
00702891,10,10,10,10,2,8,2,8,1.0,1.0,9,9,1.0,8,8,1.0,False,0,True,True
00703072,0,0,0,0,0,0,0,0,,,0,0,,0,0,,False,0,True,True
00703073,28,28,28,28,14,14,14,13,1.0,0.9285714285714286,13,14,0.9285714285714286,26,28,0.9285714285714286,False,0,True,True
00703102,4,4,4,4,2,2,2,2,1.0,1.0,2,2,1.0,4,4,1.0,False,0,True,True
00703158,4,4,4,4,2,2,2,2,1.0,1.0,2,2,1.0,4,4,1.0,False,0,True,True
00703171,14,14,14,14,6,8,6,6,1.0,0.75,11,18,0.6111111111111112,20,24,0.8333333333333334,False,0,True,True
00703263,0,0,0,0,0,0,0,0,,,0,0,,0,0,,False,0,True,True
00703296,0,0,0,0,0,0,0,0,,,0,0,,0,0,,False,0,True,True
00703514,4,4,4,4,2,2,2,2,1.0,1.0,2,2,1.0,4,4,1.0,False,0,True,True
00703900,26,30,26,30,13,13,8,15,0.6153846153846154,1.1538461538461537,4,6,0.6666666666666666,6,9,0.6666666666666666,False,3,True,True
00703902,4,4,4,4,2,2,2,2,1.0,1.0,2,2,1.0,4,4,1.0,False,0,True,True
00703934,2,2,2,2,2,0,2,0,1.0,,1,1,1.0,0,0,,False,0,True,True
00704007,4,4,4,4,2,2,2,2,1.0,1.0,2,2,1.0,4,4,1.0,False,0,True,True
00704044,4,4,4,4,2,2,2,2,1.0,1.0,2,2,1.0,4,4,1.0,False,0,True,True
00704257,28,28,28,28,14,14,12,12,0.8571428571428571,0.8571428571428571,23,38,0.6052631578947368,40,52,0.7692307692307693,False,0,True,True
00704365,24,24,24,24,12,12,12,12,1.0,1.0,20,20,1.0,32,32,1.0,False,0,True,True
00704447,17,18,17,17,5,1,5,5,1.0,5.0,0,6,0.0,1,2,0.5,False,1,True,True
00704488,0,0,0,0,0,0,0,0,,,0,0,,0,0,,False,0,True,True
00704757,2,2,2,2,0,0,0,0,,,0,0,,0,0,,False,0,True,True
00704799,6,6,6,6,0,0,0,1,,,0,0,,0,0,,False,0,True,True
00704840,4,4,4,4,2,2,2,2,1.0,1.0,2,2,1.0,4,4,1.0,False,0,True,True
00705082,9,9,9,9,6,3,6,3,1.0,1.0,2,3,0.6666666666666666,5,6,0.8333333333333334,False,0,True,True
00705130,34,34,34,38,14,20,9,14,0.6428571428571429,0.7,12,36,0.3333333333333333,30,46,0.6521739130434783,True,3,True,True
00705153,2,2,2,2,0,2,0,2,,1.0,0,0,,0,0,,False,0,True,True
00705230,0,0,0,0,0,0,0,0,,,0,0,,0,0,,False,0,True,True
00705263,24,24,24,24,12,12,12,12,1.0,1.0,12,12,1.0,24,24,1.0,False,0,True,True
00705534,4,4,4,4,2,2,2,2,1.0,1.0,2,2,1.0,4,4,1.0,False,0,True,True
00705645,0,0,0,0,0,0,0,0,,,0,0,,0,0,,False,0,True,True
00705677,12,12,12,12,6,6,6,6,1.0,1.0,14,14,1.0,20,20,1.0,False,0,True,True
00705695,4,4,4,4,2,2,2,2,1.0,1.0,2,2,1.0,4,4,1.0,False,0,True,True
00705726,4,4,4,4,2,2,2,2,1.0,1.0,2,2,1.0,4,4,1.0,False,0,True,True
00705837,12,12,12,12,6,6,6,6,1.0,1.0,6,6,1.0,12,12,1.0,False,0,True,True
00706155,4,5,4,4,0,0,1,0,,,0,0,,0,0,,False,1,True,True
00706156,0,0,0,0,0,0,0,0,,,0,0,,0,0,,False,0,True,True
00706394,4,4,4,4,2,2,2,2,1.0,1.0,2,2,1.0,4,4,1.0,False,0,True,True
00706469,0,0,0,0,0,0,0,0,,,0,0,,0,0,,False,0,True,True
00706574,3,3,3,3,1,1,1,1,1.0,1.0,0,0,,1,1,1.0,False,0,True,True
00706586,4,4,4,4,2,1,2,1,1.0,1.0,1,1,1.0,2,2,1.0,False,0,True,True
00706690,4,4,4,4,2,2,2,2,1.0,1.0,2,2,1.0,4,4,1.0,False,0,True,True
00706713,4,4,4,4,2,2,2,2,1.0,1.0,2,2,1.0,4,4,1.0,False,0,True,True
00706986,0,0,0,0,0,0,0,0,,,0,0,,0,0,,False,0,True,True
00707343,7,6,7,6,4,3,4,2,1.0,0.6666666666666666,1,1,1.0,2,2,1.0,False,1,True,True
00707599,20,20,20,20,20,0,19,0,0.95,,9,10,0.9,0,0,,False,0,True,True
00707614,4,4,4,4,0,0,0,1,,,0,0,,0,0,,False,0,True,True
00707665,4,4,4,4,2,2,2,2,1.0,1.0,2,2,1.0,4,4,1.0,False,0,True,True
00707758,0,0,0,0,0,0,0,0,,,0,0,,0,0,,False,0,True,True
00708004,4,4,4,4,2,2,2,2,1.0,1.0,2,2,1.0,4,4,1.0,False,0,True,True
00708368,4,4,4,4,0,2,0,2,,1.0,2,2,1.0,0,0,,False,0,True,True
00708419,3,3,3,3,1,2,1,2,1.0,1.0,1,1,1.0,2,2,1.0,False,0,True,True
00708433,7,6,7,6,6,1,5,0,0.8333333333333334,0.0,2,2,1.0,0,0,,False,1,True,True
00708507,4,4,4,4,2,2,2,2,1.0,1.0,2,2,1.0,4,4,1.0,False,0,True,True
00708512,4,4,4,4,2,2,2,2,1.0,1.0,2,2,1.0,4,4,1.0,False,0,True,True
00708567,0,0,0,0,0,0,0,0,,,0,0,,0,0,,False,0,True,True
00708642,0,0,0,0,0,0,0,0,,,0,0,,0,0,,False,0,True,True
00708645,0,0,0,0,0,0,0,0,,,0,0,,0,0,,False,0,True,True
00708698,4,4,4,4,2,2,2,2,1.0,1.0,2,2,1.0,4,4,1.0,False,0,True,True
00708740,2,2,2,2,2,0,1,0,0.5,,0,1,0.0,0,0,,False,0,True,True
00708952,6,7,6,6,2,3,2,2,1.0,0.6666666666666666,0,0,,0,0,,False,1,True,True
00708999,0,0,0,0,0,0,0,0,,,0,0,,0,0,,False,0,True,True
00709166,0,0,0,0,0,0,0,0,,,0,0,,0,0,,False,0,True,True
00709211,36,38,36,38,22,14,15,8,0.6818181818181818,0.5714285714285714,0,0,,0,0,,True,4,True,True
00709225,0,0,0,0,0,0,0,0,,,0,0,,0,0,,False,0,True,True
00709277,20,20,20,20,10,10,9,8,0.9,0.8,11,18,0.6111111111111112,19,28,0.6785714285714286,False,0,True,True
00709287,4,4,4,4,2,2,2,2,1.0,1.0,2,2,1.0,4,4,1.0,False,0,True,True
00709299,6,6,6,6,2,0,2,0,1.0,,1,3,0.3333333333333333,0,0,,False,0,True,True
00709356,4,4,4,4,2,2,2,2,1.0,1.0,2,2,1.0,4,4,1.0,False,0,True,True
00709457,23,24,23,24,10,9,4,10,0.4,1.1111111111111112,2,7,0.2857142857142857,4,14,0.2857142857142857,True,1,True,True
00709476,4,4,4,4,2,2,2,2,1.0,1.0,2,2,1.0,4,4,1.0,False,0,True,True
00709498,3,3,3,3,1,0,1,0,1.0,,0,0,,0,0,,False,0,True,True
00709506,8,8,8,8,4,4,4,4,1.0,1.0,4,4,1.0,8,8,1.0,False,0,True,True
00709539,0,0,0,0,0,0,0,0,,,0,0,,0,0,,False,0,True,True
00709571,10,16,10,14,2,5,7,4,3.5,0.8,0,0,,0,0,,True,5,True,True
00709689,0,0,0,0,0,0,0,0,,,0,0,,0,0,,False,0,True,True
00709739,10,10,10,10,0,2,0,2,,1.0,3,3,1.0,0,0,,False,0,True,True
00710168,0,0,0,0,0,0,0,0,,,0,0,,0,0,,False,0,True,True
00710467,4,4,4,4,2,2,2,2,1.0,1.0,2,2,1.0,4,4,1.0,False,0,True,True
00710638,4,4,4,4,2,2,2,2,1.0,1.0,2,2,1.0,4,4,1.0,False,0,True,True
00710705,4,4,4,4,2,2,2,2,1.0,1.0,2,2,1.0,4,4,1.0,False,0,True,True
00710822,8,8,8,8,4,2,4,2,1.0,1.0,3,3,1.0,4,4,1.0,False,0,True,True
00711061,4,4,4,4,2,2,2,2,1.0,1.0,2,2,1.0,4,4,1.0,False,0,True,True
00711177,8,8,8,8,4,4,4,4,1.0,1.0,12,12,1.0,16,16,1.0,False,0,True,True
00711346,4,4,4,4,0,0,0,0,,,0,0,,1,1,1.0,False,0,True,True
00711350,37,37,37,37,18,19,16,14,0.8888888888888888,0.7368421052631579,9,12,0.75,20,22,0.9090909090909091,False,2,True,True
00711415,4,4,4,4,2,2,2,2,1.0,1.0,2,2,1.0,4,4,1.0,False,0,True,True
00711568,0,0,0,0,0,0,0,0,,,0,0,,0,0,,False,0,True,True
00711660,26,26,26,26,10,12,12,11,1.2,0.9166666666666666,28,31,0.9032258064516129,38,40,0.95,False,0,True,True
00711822,4,4,4,4,0,0,0,1,,,0,2,0.0,1,4,0.25,False,0,True,True
00712029,4,4,4,4,2,2,2,2,1.0,1.0,2,2,1.0,4,4,1.0,False,0,True,True
00712383,4,4,4,4,2,2,2,2,1.0,1.0,2,2,1.0,4,4,1.0,False,0,True,True
00712384,4,4,4,4,2,2,2,2,1.0,1.0,2,2,1.0,4,4,1.0,False,0,True,True
00712475,4,4,4,4,2,2,2,2,1.0,1.0,2,2,1.0,4,4,1.0,False,0,True,True
00712478,4,4,4,4,2,2,2,2,1.0,1.0,2,2,1.0,4,4,1.0,False,0,True,True
00712479,4,4,4,4,2,2,2,2,1.0,1.0,2,2,1.0,4,4,1.0,False,0,True,True
00712541,8,8,8,8,4,4,4,4,1.0,1.0,12,12,1.0,16,16,1.0,False,0,True,True
00712594,8,8,8,8,4,4,4,4,1.0,1.0,12,12,1.0,16,16,1.0,False,0,True,True
00712603,12,12,12,12,6,6,6,6,1.0,1.0,30,30,1.0,36,36,1.0,False,0,True,True
00712622,0,0,0,0,0,0,0,0,,,0,0,,0,0,,False,0,True,True
00712721,4,4,4,4,2,2,2,2,1.0,1.0,2,2,1.0,4,4,1.0,False,0,True,True
00712776,4,4,4,4,2,2,2,2,1.0,1.0,2,2,1.0,4,4,1.0,False,0,True,True
00713075,8,8,8,8,4,4,4,4,1.0,1.0,12,12,1.0,16,16,1.0,False,0,True,True
00713211,4,4,4,4,2,2,2,2,1.0,1.0,2,2,1.0,4,4,1.0,False,0,True,True
00713304,0,0,0,0,0,0,0,0,,,0,0,,0,0,,False,0,True,True
00713331,21,21,21,21,8,3,11,4,1.375,1.3333333333333333,3,4,0.75,5,5,1.0,False,0,True,True
00713363,12,12,12,12,4,8,4,7,1.0,0.875,11,14,0.7857142857142857,16,16,1.0,False,0,True,True
00713677,4,4,4,4,2,2,2,2,1.0,1.0,2,2,1.0,4,4,1.0,False,0,True,True
00713860,37,37,37,37,13,16,12,9,0.9230769230769231,0.5625,10,46,0.21739130434782608,51,72,0.7083333333333334,False,0,True,True
00714434,0,0,0,0,0,0,0,0,,,0,0,,0,0,,False,0,True,True
00714501,10,10,10,10,6,4,6,4,1.0,1.0,9,9,1.0,12,12,1.0,False,0,True,True
00714669,0,0,0,0,0,0,0,0,,,0,0,,0,0,,False,0,True,True
00714729,7,7,7,7,3,2,3,3,1.0,1.5,4,4,1.0,6,6,1.0,False,0,True,True
00714790,4,4,4,4,2,2,2,2,1.0,1.0,2,2,1.0,4,4,1.0,False,0,True,True
00714815,8,4,8,6,2,6,0,4,0.0,0.6666666666666666,0,0,,0,0,,True,2,True,True
00715140,22,26,22,25,8,12,6,8,0.75,0.6666666666666666,0,1,0.0,1,4,0.25,False,3,True,True
00715157,8,8,8,8,4,4,4,4,1.0,1.0,4,4,1.0,8,8,1.0,False,0,True,True
00715534,18,18,18,18,11,7,7,6,0.6363636363636364,0.8571428571428571,13,22,0.5909090909090909,18,29,0.6206896551724138,False,2,True,True
00716072,0,0,0,0,0,0,0,0,,,0,0,,0,0,,False,0,True,True
00716091,4,4,4,4,2,2,2,2,1.0,1.0,2,2,1.0,4,4,1.0,False,0,True,True
00716330,0,0,0,0,0,0,0,0,,,0,0,,0,0,,False,0,True,True
00716383,4,4,4,4,2,2,2,2,1.0,1.0,2,2,1.0,4,4,1.0,False,0,True,True
00716683,8,8,8,8,2,2,2,2,1.0,1.0,2,2,1.0,5,5,1.0,False,0,True,True
00716729,2,2,2,2,0,1,0,1,,1.0,0,0,,0,0,,False,0,True,True
00717136,6,6,6,6,3,3,3,3,1.0,1.0,6,6,1.0,9,9,1.0,False,0,True,True
00717354,5,5,5,5,1,1,1,1,1.0,1.0,1,3,0.3333333333333333,1,1,1.0,False,0,True,True
00717660,12,12,12,12,6,6,6,6,1.0,1.0,6,6,1.0,12,12,1.0,False,0,True,True
00717738,4,4,4,4,2,2,2,2,1.0,1.0,2,2,1.0,4,4,1.0,False,0,True,True
00717776,4,4,4,4,2,2,2,2,1.0,1.0,2,2,1.0,4,4,1.0,False,0,True,True
00717818,6,5,6,5,0,1,1,2,,2.0,0,0,,0,0,,False,1,True,True
00718338,8,8,8,8,4,4,4,4,1.0,1.0,4,4,1.0,8,8,1.0,False,0,True,True
00718366,19,20,19,20,11,8,9,7,0.8181818181818182,0.875,5,11,0.45454545454545453,14,15,0.9333333333333333,False,3,True,True
00718514,32,32,32,32,0,12,8,10,,0.8333333333333334,9,20,0.45,0,0,,False,0,True,True
00718868,4,4,4,4,2,2,2,2,1.0,1.0,2,2,1.0,4,4,1.0,False,0,True,True
00719062,12,12,12,12,6,6,6,6,1.0,1.0,6,6,1.0,12,12,1.0,False,0,True,True
00719214,0,0,0,0,0,0,0,0,,,0,0,,0,0,,False,0,True,True
00719613,4,4,4,4,2,2,2,2,1.0,1.0,2,2,1.0,4,4,1.0,False,0,True,True
00719760,0,0,0,0,0,0,0,0,,,0,0,,0,0,,False,0,True,True
00720088,4,4,4,4,2,2,2,2,1.0,1.0,2,2,1.0,4,4,1.0,False,0,True,True
00720166,3,3,3,3,1,1,1,1,1.0,1.0,0,0,,1,1,1.0,False,0,True,True
00720225,4,4,4,4,0,0,2,0,,,0,0,,0,0,,False,0,True,True
00720261,4,4,4,4,2,2,2,2,1.0,1.0,2,2,1.0,4,4,1.0,False,0,True,True
00720350,4,4,4,4,2,2,2,2,1.0,1.0,2,2,1.0,4,4,1.0,False,0,True,True
00720485,4,4,4,4,2,2,2,2,1.0,1.0,2,2,1.0,4,4,1.0,False,0,True,True
00720699,0,0,0,0,0,0,0,0,,,0,0,,0,0,,False,0,True,True
00720898,22,22,22,22,12,10,12,9,1.0,0.9,14,15,0.9333333333333333,22,24,0.9166666666666666,False,0,True,True
00721093,12,12,12,12,6,6,6,6,1.0,1.0,30,30,1.0,36,36,1.0,False,0,True,True
00721165,4,4,4,4,2,2,2,2,1.0,1.0,2,2,1.0,4,4,1.0,False,0,True,True
00721170,4,4,4,4,2,2,2,2,1.0,1.0,2,2,1.0,4,4,1.0,False,0,True,True
00721182,8,8,8,8,4,4,4,4,1.0,1.0,12,12,1.0,16,16,1.0,False,0,True,True
00721185,9,9,9,9,4,5,4,4,1.0,0.8,12,16,0.75,20,20,1.0,False,0,True,True
00721195,4,4,4,4,2,2,2,2,1.0,1.0,2,2,1.0,4,4,1.0,False,0,True,True
00721236,0,0,0,0,0,0,0,0,,,0,0,,0,0,,False,0,True,True
00721565,4,4,4,4,2,2,2,2,1.0,1.0,2,2,1.0,4,4,1.0,False,0,True,True
00721576,0,0,0,0,0,0,0,0,,,0,0,,0,0,,False,0,True,True
00721608,0,0,0,0,0,0,0,0,,,0,0,,0,0,,False,0,True,True
00721609,4,4,4,4,2,2,2,2,1.0,1.0,2,2,1.0,4,4,1.0,False,0,True,True
00721652,4,4,4,4,2,2,2,2,1.0,1.0,2,2,1.0,4,4,1.0,False,0,True,True
00721993,0,0,0,0,0,0,0,0,,,0,0,,0,0,,False,0,True,True
00722082,0,0,0,0,0,0,0,0,,,0,0,,0,0,,False,0,True,True
00722152,1,1,1,1,0,0,0,0,,,0,0,,0,0,,False,0,True,True
00722171,6,6,6,6,2,0,2,0,1.0,,3,3,1.0,0,0,,False,0,True,True
00722400,8,8,8,8,4,4,4,4,1.0,1.0,12,12,1.0,16,16,1.0,False,0,True,True
00722506,16,16,16,16,8,8,8,8,1.0,1.0,8,8,1.0,16,16,1.0,False,0,True,True
00722515,16,16,16,16,8,8,8,8,1.0,1.0,8,8,1.0,16,16,1.0,False,0,True,True
00722533,8,8,8,8,4,4,4,4,1.0,1.0,4,4,1.0,8,8,1.0,False,0,True,True
00722690,6,6,6,6,4,0,4,0,1.0,,6,6,1.0,0,0,,False,0,True,True
00722725,5,5,5,5,1,0,2,0,2.0,,0,0,,0,0,,False,0,True,True
00722756,4,4,4,4,2,0,2,0,1.0,,2,2,1.0,0,0,,False,0,True,True
00722825,8,8,8,8,4,4,4,4,1.0,1.0,12,12,1.0,16,16,1.0,False,0,True,True
00722833,4,5,4,4,4,0,3,0,0.75,,0,1,0.0,0,0,,False,1,True,True
00722930,0,0,0,0,0,0,0,0,,,0,0,,0,0,,False,0,True,True
00722936,0,0,0,0,0,0,0,0,,,0,0,,0,0,,False,0,True,True
00723307,4,4,4,4,2,2,2,2,1.0,1.0,2,2,1.0,4,4,1.0,False,0,True,True
00723326,8,8,8,8,4,4,4,4,1.0,1.0,4,4,1.0,8,8,1.0,False,0,True,True
00723343,11,11,11,11,5,6,4,4,0.8,0.6666666666666666,12,25,0.48,21,30,0.7,False,0,True,True
00723382,4,4,4,4,2,1,2,1,1.0,1.0,1,1,1.0,2,2,1.0,False,0,True,True
00723439,14,14,14,14,5,6,3,6,0.6,1.0,2,16,0.125,7,21,0.3333333333333333,False,0,True,True
00723540,27,27,27,27,9,12,13,13,1.4444444444444444,1.0833333333333333,11,11,1.0,18,18,1.0,False,0,True,True
00723656,8,8,8,8,4,4,4,4,1.0,1.0,4,4,1.0,8,8,1.0,False,0,True,True
00723708,4,4,4,4,0,0,0,0,,,0,0,,0,0,,False,0,True,True
00724057,12,12,12,12,6,6,6,6,1.0,1.0,30,30,1.0,36,36,1.0,False,0,True,True
00724066,12,12,12,12,6,6,6,6,1.0,1.0,30,30,1.0,36,36,1.0,False,0,True,True
00724110,12,12,12,12,6,6,6,6,1.0,1.0,30,30,1.0,36,36,1.0,False,0,True,True
00724198,0,0,0,0,0,0,0,0,,,0,0,,0,0,,False,0,True,True
00724424,0,0,0,0,0,0,0,0,,,0,0,,0,0,,False,0,True,True
00724559,6,6,6,6,3,3,3,3,1.0,1.0,6,6,1.0,9,9,1.0,False,0,True,True
00724985,6,6,6,6,0,0,1,0,,,0,0,,0,0,,False,0,True,True
00725203,24,17,24,26,16,8,9,4,0.5625,0.5,4,7,0.5714285714285714,8,8,1.0,True,2,True,True
00725227,15,15,15,15,7,6,6,3,0.8571428571428571,0.5,11,36,0.3055555555555556,27,42,0.6428571428571429,False,0,True,True
00725355,0,0,0,0,0,0,0,0,,,0,0,,0,0,,False,0,True,True
00725534,4,4,4,4,2,2,2,2,1.0,1.0,2,2,1.0,4,4,1.0,False,0,True,True
00725658,8,8,8,8,2,2,2,2,1.0,1.0,4,4,1.0,8,8,1.0,False,0,True,True
00725970,8,8,8,8,4,4,4,4,1.0,1.0,4,4,1.0,8,8,1.0,False,0,True,True
00726164,4,4,4,4,2,2,2,2,1.0,1.0,2,2,1.0,4,4,1.0,False,0,True,True
00726174,4,4,4,4,2,2,2,2,1.0,1.0,2,2,1.0,4,4,1.0,False,0,True,True
00726730,4,4,4,4,2,2,2,2,1.0,1.0,2,2,1.0,4,4,1.0,False,0,True,True
00727128,14,16,14,16,6,6,4,7,0.6666666666666666,1.1666666666666667,4,4,1.0,6,7,0.8571428571428571,False,1,True,True
00727320,6,6,6,6,0,0,0,0,,,0,0,,0,0,,False,0,True,True
00727474,4,4,4,4,2,2,2,2,1.0,1.0,2,2,1.0,4,4,1.0,False,0,True,True
00727608,0,0,0,0,0,0,0,0,,,0,0,,0,0,,False,0,True,True
00727634,4,4,4,4,2,2,2,2,1.0,1.0,2,2,1.0,4,4,1.0,False,0,True,True
00727671,4,4,4,4,2,2,2,2,1.0,1.0,2,2,1.0,4,4,1.0,False,0,True,True
00727682,4,4,4,4,2,2,2,2,1.0,1.0,2,2,1.0,4,4,1.0,False,0,True,True
00727896,4,4,4,4,2,2,2,2,1.0,1.0,2,2,1.0,4,4,1.0,False,0,True,True
00728135,4,4,4,4,2,2,2,2,1.0,1.0,2,2,1.0,4,4,1.0,False,0,True,True
00728246,4,4,4,4,2,2,2,2,1.0,1.0,2,2,1.0,4,4,1.0,False,0,True,True
00728310,4,4,4,4,2,2,2,2,1.0,1.0,2,2,1.0,4,4,1.0,False,0,True,True
00728512,6,6,6,6,0,2,0,2,,1.0,1,1,1.0,0,0,,False,0,True,True
00728573,0,0,0,0,0,0,0,0,,,0,0,,0,0,,False,0,True,True
00728574,0,0,0,0,0,0,0,0,,,0,0,,0,0,,False,0,True,True
00728723,4,4,4,4,2,2,2,2,1.0,1.0,2,2,1.0,4,4,1.0,False,0,True,True
00728747,4,4,4,4,2,2,2,2,1.0,1.0,2,2,1.0,4,4,1.0,False,0,True,True
00728822,4,4,4,4,0,0,0,0,,,0,0,,0,0,,False,0,True,True
00728898,4,4,4,4,2,2,2,2,1.0,1.0,2,2,1.0,4,4,1.0,False,0,True,True
00728902,4,4,4,4,2,2,2,2,1.0,1.0,2,2,1.0,4,4,1.0,False,0,True,True
00729094,4,4,4,4,2,0,2,0,1.0,,1,1,1.0,0,0,,False,0,True,True
00729314,0,0,0,0,0,0,0,0,,,0,0,,0,0,,False,0,True,True
00729519,4,4,4,4,2,2,2,2,1.0,1.0,2,2,1.0,4,4,1.0,False,0,True,True
00729626,6,6,6,6,0,2,0,2,,1.0,3,3,1.0,0,0,,False,0,True,True
00729685,0,0,0,0,0,0,0,0,,,0,0,,0,0,,False,0,True,True
00729816,0,0,0,0,0,0,0,0,,,0,0,,0,0,,False,0,True,True
00729876,18,18,18,18,6,0,8,3,1.3333333333333333,,6,6,1.0,0,0,,False,0,True,True
00730056,2,2,2,2,2,0,2,0,1.0,,1,1,1.0,0,0,,False,0,True,True
00730057,4,4,4,4,2,2,2,2,1.0,1.0,2,2,1.0,4,4,1.0,False,0,True,True
00730444,11,11,11,11,6,5,6,5,1.0,1.0,5,5,1.0,10,10,1.0,False,0,True,True
00730446,9,9,9,9,5,2,5,2,1.0,1.0,4,4,1.0,5,5,1.0,False,0,True,True
00730674,0,0,0,0,0,0,0,0,,,0,0,,0,0,,False,0,True,True
00730675,4,4,4,4,2,2,2,2,1.0,1.0,2,2,1.0,4,4,1.0,False,0,True,True
00730993,2,2,2,2,0,0,0,0,,,0,0,,0,0,,False,0,True,True
00731053,8,8,8,8,4,4,4,4,1.0,1.0,12,12,1.0,16,16,1.0,False,0,True,True
00731067,4,4,4,4,2,2,2,2,1.0,1.0,2,2,1.0,4,4,1.0,False,0,True,True
00731104,8,8,8,8,4,4,4,4,1.0,1.0,4,4,1.0,8,8,1.0,False,0,True,True
00731168,4,4,4,4,2,2,2,2,1.0,1.0,2,2,1.0,4,4,1.0,False,0,True,True
00731194,4,4,4,4,2,2,2,2,1.0,1.0,2,2,1.0,4,4,1.0,False,0,True,True
00731366,4,4,4,4,2,2,2,2,1.0,1.0,2,2,1.0,4,4,1.0,False,0,True,True
00731383,6,6,6,6,3,3,3,3,1.0,1.0,6,6,1.0,9,9,1.0,False,0,True,True
00731609,6,6,6,6,0,0,0,0,,,0,2,0.0,0,0,,False,0,True,True
00731656,0,0,0,0,0,0,0,0,,,0,0,,0,0,,False,0,True,True
00732239,0,0,0,0,0,0,0,0,,,0,0,,0,0,,False,0,True,True
00732437,25,0,25,34,4,12,0,0,0.0,0.0,0,0,,0,0,,False,0,True,False
00732452,6,7,6,4,5,1,2,1,0.4,1.0,1,6,0.16666666666666666,0,0,,False,1,True,True
00732461,12,12,12,12,6,6,4,6,0.6666666666666666,1.0,10,14,0.7142857142857143,14,20,0.7,False,0,True,True
00732780,4,4,4,4,2,2,2,2,1.0,1.0,2,2,1.0,4,4,1.0,False,0,True,True
00732794,4,4,4,4,2,2,2,2,1.0,1.0,2,2,1.0,4,4,1.0,False,0,True,True
00733482,0,0,0,0,0,0,0,0,,,0,0,,0,0,,False,0,True,True
00734010,18,18,18,18,10,8,10,7,1.0,0.875,18,21,0.8571428571428571,24,28,0.8571428571428571,False,0,True,True
00734290,4,4,4,4,2,2,2,2,1.0,1.0,2,2,1.0,4,4,1.0,False,0,True,True
00734376,4,4,4,4,2,2,2,2,1.0,1.0,2,2,1.0,4,4,1.0,False,0,True,True
00734478,0,0,0,0,0,0,0,0,,,0,0,,0,0,,False,0,True,True
00734512,6,6,6,6,0,2,0,2,,1.0,1,1,1.0,0,0,,False,0,True,True
00734581,6,6,6,6,2,0,2,0,1.0,,3,3,1.0,0,0,,False,0,True,True
00734912,4,4,4,4,2,2,2,2,1.0,1.0,2,2,1.0,4,4,1.0,False,0,True,True
00735173,4,4,4,4,2,2,2,2,1.0,1.0,2,2,1.0,4,4,1.0,False,0,True,True
00735181,0,0,0,0,0,0,0,0,,,0,0,,0,0,,False,0,True,True
00735191,2,2,2,2,2,0,2,0,1.0,,1,1,1.0,0,0,,False,0,True,True
00735203,4,4,4,4,2,2,2,2,1.0,1.0,2,2,1.0,4,4,1.0,False,0,True,True
00735210,20,20,20,20,20,0,19,0,0.95,,9,10,0.9,0,0,,False,0,True,True
00735279,9,9,9,9,5,4,5,4,1.0,1.0,16,16,1.0,20,20,1.0,False,0,True,True
00735483,4,4,4,4,2,2,2,2,1.0,1.0,2,2,1.0,4,4,1.0,False,0,True,True
00735677,5,5,5,5,2,2,2,2,1.0,1.0,2,2,1.0,4,4,1.0,False,0,True,True
00735731,6,6,6,6,3,3,3,3,1.0,1.0,6,6,1.0,9,9,1.0,False,0,True,True
00735803,6,6,6,6,3,3,3,3,1.0,1.0,6,6,1.0,9,9,1.0,False,0,True,True
00735829,10,10,10,10,5,5,5,5,1.0,1.0,8,8,1.0,13,13,1.0,False,0,True,True
00735859,6,6,6,6,3,3,3,3,1.0,1.0,6,6,1.0,9,9,1.0,False,0,True,True
00735882,16,16,16,16,8,8,8,8,1.0,1.0,8,8,1.0,16,16,1.0,False,0,True,True
00735988,20,20,20,20,10,10,9,10,0.9,1.0,9,10,0.9,18,20,0.9,False,0,True,True
00736026,36,36,36,36,21,11,13,11,0.6190476190476191,1.0,32,117,0.27350427350427353,72,117,0.6153846153846154,True,1,True,True
00736033,11,11,11,11,4,5,4,5,1.0,1.0,16,16,1.0,20,20,1.0,False,0,True,True
00736037,0,0,0,0,0,0,0,0,,,0,0,,0,0,,False,0,True,True
00736144,23,24,23,24,9,9,9,8,1.0,0.8888888888888888,6,11,0.5454545454545454,22,29,0.7586206896551724,False,1,True,True
00736217,18,18,18,18,6,6,7,8,1.1666666666666667,1.3333333333333333,11,14,0.7857142857142857,16,20,0.8,False,0,True,True
00736340,0,0,0,0,0,0,0,0,,,0,0,,0,0,,False,0,True,True
00736413,0,0,0,0,0,0,0,0,,,0,0,,0,0,,False,0,True,True
00736446,0,0,0,0,0,0,0,0,,,0,0,,0,0,,False,0,True,True
00736576,8,8,8,8,4,4,4,4,1.0,1.0,0,0,,4,4,1.0,False,0,True,True
00736850,4,4,4,4,2,2,2,2,1.0,1.0,2,2,1.0,4,4,1.0,False,0,True,True
00736882,0,0,0,0,0,0,0,0,,,0,0,,0,0,,False,0,True,True
00736906,4,4,4,4,2,2,2,2,1.0,1.0,2,2,1.0,4,4,1.0,False,0,True,True
00737136,16,16,16,16,8,8,8,8,1.0,1.0,16,16,1.0,24,24,1.0,False,0,True,True
00737356,16,14,16,14,6,6,4,2,0.6666666666666666,0.3333333333333333,0,0,,1,1,1.0,False,1,True,True
00737538,2,2,2,2,0,2,0,2,,1.0,1,1,1.0,0,0,,False,0,True,True
00737760,0,0,0,0,0,0,0,0,,,0,0,,0,0,,False,0,True,True
00737781,11,11,11,11,6,5,5,4,0.8333333333333334,0.8,6,10,0.6,10,15,0.6666666666666666,False,0,True,True
00737953,4,4,4,4,2,2,2,2,1.0,1.0,2,2,1.0,4,4,1.0,False,0,True,True
00737970,13,18,13,15,6,5,6,3,1.0,0.6,0,1,0.0,2,2,1.0,False,4,True,True
00738079,0,0,0,0,0,0,0,0,,,0,0,,0,0,,False,0,True,True
00738311,6,6,6,6,3,3,3,3,1.0,1.0,6,6,1.0,9,9,1.0,False,0,True,True
00738557,4,4,4,4,2,2,2,2,1.0,1.0,2,2,1.0,4,4,1.0,False,0,True,True
00738627,12,12,12,12,6,6,6,6,1.0,1.0,10,10,1.0,12,12,1.0,False,0,True,True
00738647,0,0,0,0,0,0,0,0,,,0,0,,0,0,,False,0,True,True
00738797,4,4,4,4,2,2,2,2,1.0,1.0,2,2,1.0,4,4,1.0,False,0,True,True
00738816,4,4,4,4,2,2,2,2,1.0,1.0,2,2,1.0,4,4,1.0,False,0,True,True
00738844,10,10,10,10,5,3,4,3,0.8,1.0,4,5,0.8,7,8,0.875,False,0,True,True
00738853,4,4,4,4,2,2,2,2,1.0,1.0,2,2,1.0,4,4,1.0,False,0,True,True
00738860,4,4,4,4,2,2,2,2,1.0,1.0,2,2,1.0,4,4,1.0,False,0,True,True
00738876,4,4,4,4,2,2,2,2,1.0,1.0,2,2,1.0,4,4,1.0,False,0,True,True
00738973,8,8,8,8,4,4,4,4,1.0,1.0,12,12,1.0,16,16,1.0,False,0,True,True
00739055,4,4,4,4,2,2,2,2,1.0,1.0,2,2,1.0,4,4,1.0,False,0,True,True
00739126,6,6,6,6,3,2,3,2,1.0,1.0,1,1,1.0,3,3,1.0,False,0,True,True
00739173,8,8,8,8,4,4,4,4,1.0,1.0,4,4,1.0,8,8,1.0,False,0,True,True
00739178,8,8,8,8,4,2,4,2,1.0,1.0,3,3,1.0,4,4,1.0,False,0,True,True
00739227,0,0,0,0,0,0,0,0,,,0,0,,0,0,,False,0,True,True
00739338,4,4,4,4,2,2,2,2,1.0,1.0,2,2,1.0,4,4,1.0,False,0,True,True
00739344,8,8,8,8,4,4,4,4,1.0,1.0,12,12,1.0,16,16,1.0,False,0,True,True
00739381,6,6,6,6,3,3,3,3,1.0,1.0,6,6,1.0,9,9,1.0,False,0,True,True
00739438,4,4,4,4,2,2,2,2,1.0,1.0,2,2,1.0,4,4,1.0,False,0,True,True
00739493,4,4,4,4,2,2,2,2,1.0,1.0,2,2,1.0,4,4,1.0,False,0,True,True
00739672,0,0,0,0,0,0,0,0,,,0,0,,0,0,,False,0,True,True
00739676,16,16,16,16,8,8,8,8,1.0,1.0,8,8,1.0,16,16,1.0,False,0,True,True
00739793,2,2,2,2,0,2,0,2,,1.0,1,1,1.0,0,0,,False,0,True,True
00739866,4,4,4,4,2,2,2,2,1.0,1.0,2,2,1.0,4,4,1.0,False,0,True,True
00739873,5,5,5,5,2,3,2,3,1.0,1.0,4,4,1.0,6,6,1.0,False,0,True,True
00739910,5,5,5,5,2,3,2,3,1.0,1.0,4,4,1.0,6,6,1.0,False,0,True,True
00739986,24,26,24,26,6,2,10,5,1.6666666666666667,2.5,0,0,,0,0,,True,4,True,True
00740142,4,4,4,4,2,2,2,2,1.0,1.0,2,2,1.0,4,4,1.0,False,0,True,True
00740178,9,9,9,9,4,4,3,4,0.75,1.0,3,4,0.75,6,8,0.75,False,0,True,True
00740408,4,4,4,4,2,2,2,2,1.0,1.0,2,2,1.0,4,4,1.0,False,0,True,True
00740503,10,10,10,10,4,4,5,3,1.25,0.75,3,4,0.75,8,8,1.0,False,0,True,True
00740546,6,6,6,6,3,2,3,2,1.0,1.0,4,4,1.0,6,6,1.0,False,0,True,True
00740559,6,6,6,6,3,3,3,3,1.0,1.0,6,6,1.0,9,9,1.0,False,0,True,True
00740565,0,0,0,0,0,0,0,0,,,0,0,,0,0,,False,0,True,True
00740699,10,10,10,10,4,4,6,4,1.5,1.0,12,12,1.0,16,16,1.0,False,0,True,True
00740724,4,4,4,4,2,2,2,2,1.0,1.0,2,2,1.0,4,4,1.0,False,0,True,True
00740871,2,2,2,2,2,0,2,0,1.0,,1,1,1.0,0,0,,False,0,True,True
00740904,2,2,2,2,0,0,0,0,,,0,0,,0,0,,False,0,True,True
00740924,4,4,4,4,2,2,2,2,1.0,1.0,2,2,1.0,4,4,1.0,False,0,True,True
00741021,4,4,4,4,2,2,2,2,1.0,1.0,2,2,1.0,4,4,1.0,False,0,True,True
00741202,0,0,0,0,0,0,0,0,,,0,0,,0,0,,False,0,True,True
00741254,10,10,10,9,0,0,1,0,,,0,0,,1,2,0.5,False,0,True,True
00741373,0,0,0,0,0,0,0,0,,,0,0,,0,0,,False,0,True,True
00741393,8,8,8,8,4,4,4,4,1.0,1.0,12,12,1.0,16,16,1.0,False,0,True,True
00741471,3,4,3,4,1,0,2,0,2.0,,0,0,,0,0,,False,1,True,True
00741540,4,4,4,4,2,2,2,2,1.0,1.0,2,2,1.0,4,4,1.0,False,0,True,True
00741783,10,11,10,11,8,2,8,3,1.0,1.5,3,3,1.0,2,2,1.0,False,1,True,True
00741801,5,5,5,5,3,2,3,2,1.0,1.0,4,4,1.0,6,6,1.0,False,0,True,True
00741847,4,4,4,4,2,2,2,2,1.0,1.0,2,2,1.0,4,4,1.0,False,0,True,True
00741865,36,36,36,36,18,18,18,18,1.0,1.0,18,18,1.0,36,36,1.0,False,0,True,True
00741878,8,8,8,8,4,4,4,4,1.0,1.0,4,4,1.0,8,8,1.0,False,0,True,True
00741972,8,9,8,8,4,4,4,4,1.0,1.0,0,0,,0,0,,False,1,True,True
00742243,8,8,8,8,4,2,4,2,1.0,1.0,7,7,1.0,8,8,1.0,False,0,True,True
00742245,17,17,17,17,7,7,7,7,1.0,1.0,12,12,1.0,19,19,1.0,False,0,True,True
00742248,4,4,4,4,2,2,2,2,1.0,1.0,2,2,1.0,4,4,1.0,False,0,True,True
00742341,4,4,4,4,2,2,2,2,1.0,1.0,2,2,1.0,4,4,1.0,False,0,True,True
00742347,6,6,6,6,3,3,3,3,1.0,1.0,6,6,1.0,9,9,1.0,False,0,True,True
00742348,20,20,20,20,10,6,10,7,1.0,1.1666666666666667,7,7,1.0,10,12,0.8333333333333334,False,0,True,True
00742353,6,6,6,6,3,3,3,3,1.0,1.0,6,6,1.0,9,9,1.0,False,0,True,True
00742392,21,25,21,25,9,12,9,11,1.0,0.9166666666666666,6,9,0.6666666666666666,10,12,0.8333333333333334,False,3,True,True
00742527,0,0,0,0,0,0,0,0,,,0,0,,0,0,,False,0,True,True
00742539,0,0,0,0,0,0,0,0,,,0,0,,0,0,,False,0,True,True
00742545,2,2,2,2,0,2,0,2,,1.0,0,0,,0,0,,False,0,True,True
00742557,20,20,20,20,10,10,10,10,1.0,1.0,10,10,1.0,20,20,1.0,False,0,True,True
00742605,0,0,0,0,0,0,0,0,,,0,0,,0,0,,False,0,True,True
00742659,0,0,0,0,0,0,0,0,,,0,0,,0,0,,False,0,True,True
00742870,8,8,8,8,4,4,4,4,1.0,1.0,12,12,1.0,16,16,1.0,False,0,True,True
00742922,12,12,12,12,6,6,6,6,1.0,1.0,6,6,1.0,12,12,1.0,False,0,True,True
00742989,19,20,19,20,10,9,10,10,1.0,1.1111111111111112,12,12,1.0,19,19,1.0,False,1,True,True
00743083,14,14,14,14,6,6,6,6,1.0,1.0,4,4,1.0,10,10,1.0,False,0,True,True
00743393,8,8,8,8,4,4,3,4,0.75,1.0,9,12,0.75,12,16,0.75,False,0,True,True
00743460,0,0,0,0,0,0,0,0,,,0,0,,0,0,,False,0,True,True
00743461,4,4,4,4,2,2,2,2,1.0,1.0,2,2,1.0,4,4,1.0,False,0,True,True
00743462,2,2,2,2,1,1,1,1,1.0,1.0,0,0,,1,1,1.0,False,0,True,True
00743646,0,0,0,0,0,0,0,0,,,0,0,,0,0,,False,0,True,True
00743651,6,6,6,6,0,2,0,2,,1.0,1,1,1.0,0,0,,False,0,True,True
00743844,9,9,9,9,4,3,4,3,1.0,1.0,2,3,0.6666666666666666,6,6,1.0,False,0,True,True
00743860,11,11,11,11,5,2,5,4,1.0,2.0,11,11,1.0,10,11,0.9090909090909091,False,0,True,True
00744085,4,4,4,4,2,2,2,2,1.0,1.0,2,2,1.0,4,4,1.0,False,0,True,True
00744348,4,4,4,4,2,2,2,2,1.0,1.0,2,2,1.0,4,4,1.0,False,0,True,True
00744539,0,0,0,0,0,0,0,0,,,0,0,,0,0,,False,0,True,True
00744636,6,6,6,6,2,0,2,0,1.0,,3,3,1.0,0,0,,False,0,True,True
00744749,47,25,47,48,16,5,3,8,0.1875,1.6,0,8,0.0,2,6,0.3333333333333333,True,1,True,True
00744777,0,0,0,0,0,0,0,0,,,0,0,,0,0,,False,0,True,True
00744912,0,0,0,0,0,0,0,0,,,0,0,,0,0,,False,0,True,True
00744935,0,0,0,0,0,0,0,0,,,0,0,,0,0,,False,0,True,True
00745394,0,0,0,0,0,0,0,0,,,0,0,,0,0,,False,0,True,True
00745710,0,0,0,0,0,0,0,0,,,0,0,,0,0,,False,0,True,True
00745781,0,0,0,0,0,0,0,0,,,0,0,,0,0,,False,0,True,True
00745784,0,0,0,0,0,0,0,0,,,0,0,,0,0,,False,0,True,True
00745786,6,6,6,6,2,4,2,4,1.0,1.0,1,2,0.5,3,4,0.75,False,0,True,True
00745875,30,0,30,31,6,10,0,0,0.0,0.0,0,0,,0,0,,False,0,True,False
00746075,4,4,4,4,2,2,2,2,1.0,1.0,2,2,1.0,4,4,1.0,False,0,True,True
00746184,4,4,4,4,2,2,2,2,1.0,1.0,2,2,1.0,4,4,1.0,False,0,True,True
00746243,6,6,6,6,2,2,2,2,1.0,1.0,2,2,1.0,5,5,1.0,False,0,True,True
00746278,4,4,4,4,2,0,1,1,0.5,,0,0,,0,0,,False,0,True,True
00746333,8,8,8,8,4,4,4,4,1.0,1.0,4,4,1.0,8,8,1.0,False,0,True,True
00746500,7,7,7,7,3,3,3,3,1.0,1.0,2,2,1.0,5,5,1.0,False,0,True,True
00746505,8,8,8,8,4,2,4,2,1.0,1.0,7,7,1.0,8,8,1.0,False,0,True,True
00746517,4,4,4,4,2,2,2,2,1.0,1.0,2,2,1.0,4,4,1.0,False,0,True,True
00746604,14,14,14,14,6,6,6,6,1.0,1.0,4,4,1.0,10,10,1.0,False,0,True,True
00746961,3,3,3,3,1,1,1,1,1.0,1.0,0,0,,1,1,1.0,False,0,True,True
00746967,8,8,8,8,4,4,4,4,1.0,1.0,12,12,1.0,16,16,1.0,False,0,True,True
00747106,12,12,12,12,6,6,6,6,1.0,1.0,6,6,1.0,12,12,1.0,False,0,True,True
00747137,0,0,0,0,0,0,0,0,,,0,0,,0,0,,False,0,True,True
00747180,4,4,4,4,2,2,2,2,1.0,1.0,2,2,1.0,4,4,1.0,False,0,True,True
00747189,0,0,0,0,0,0,0,0,,,0,0,,0,0,,False,0,True,True
00747241,25,25,25,25,10,2,9,1,0.9,0.5,0,5,0.0,1,5,0.2,False,0,True,True
00747452,0,0,0,0,0,0,0,0,,,0,0,,0,0,,False,0,True,True
00747767,0,0,0,0,0,0,0,0,,,0,0,,0,0,,False,0,True,True
00747882,0,0,0,0,0,0,0,0,,,0,0,,0,0,,False,0,True,True
00748278,4,4,4,4,2,2,2,2,1.0,1.0,2,2,1.0,4,4,1.0,False,0,True,True
00748469,10,10,10,10,6,4,6,4,1.0,1.0,8,8,1.0,12,12,1.0,False,0,True,True
00748531,4,4,4,4,2,2,2,2,1.0,1.0,2,2,1.0,4,4,1.0,False,0,True,True
00748640,0,0,0,0,0,0,0,0,,,0,0,,0,0,,False,0,True,True
00748659,4,4,4,4,2,2,2,2,1.0,1.0,2,2,1.0,4,4,1.0,False,0,True,True
00748724,24,24,24,24,12,12,7,10,0.5833333333333334,0.8333333333333334,27,60,0.45,65,72,0.9027777777777778,False,0,True,True
00748884,4,4,4,4,2,2,2,2,1.0,1.0,2,2,1.0,4,4,1.0,False,0,True,True
00748926,5,5,5,5,2,2,2,2,1.0,1.0,2,2,1.0,4,4,1.0,False,0,True,True
00748941,2,3,2,2,0,0,0,0,,,0,0,,0,0,,False,1,True,True
00748963,2,2,2,2,0,0,1,0,,,0,0,,0,0,,False,0,True,True
00748972,8,6,8,2,0,0,0,0,,,0,0,,0,0,,False,1,True,True
00749014,4,4,4,4,2,2,2,2,1.0,1.0,2,2,1.0,4,4,1.0,False,0,True,True
00749118,4,4,4,4,2,2,2,2,1.0,1.0,2,2,1.0,4,4,1.0,False,0,True,True
00749177,8,8,8,8,4,4,4,4,1.0,1.0,4,4,1.0,8,8,1.0,False,0,True,True
00749182,8,8,8,8,4,4,4,4,1.0,1.0,4,4,1.0,8,8,1.0,False,0,True,True
00749324,8,8,8,8,0,4,0,4,,1.0,2,2,1.0,2,2,1.0,False,0,True,True
00749352,8,8,8,8,4,4,4,4,1.0,1.0,12,12,1.0,16,16,1.0,False,0,True,True
00749697,4,4,4,4,2,2,2,2,1.0,1.0,2,2,1.0,4,4,1.0,False,0,True,True
00749721,0,0,0,0,0,0,0,0,,,0,0,,0,0,,False,0,True,True
00749777,12,12,12,12,6,6,6,6,1.0,1.0,6,6,1.0,12,12,1.0,False,0,True,True
00749788,12,12,12,12,6,6,6,6,1.0,1.0,6,6,1.0,12,12,1.0,False,0,True,True
00749978,0,0,0,0,0,0,0,0,,,0,0,,0,0,,False,0,True,True
00750216,5,5,5,5,2,1,2,1,1.0,1.0,1,1,1.0,2,2,1.0,False,0,True,True
00750330,4,4,4,4,2,2,2,2,1.0,1.0,2,2,1.0,4,4,1.0,False,0,True,True
00750403,12,12,12,12,6,6,6,6,1.0,1.0,6,6,1.0,12,12,1.0,False,0,True,True
00750502,0,0,0,0,0,0,0,0,,,0,0,,0,0,,False,0,True,True
00751307,8,8,8,8,4,4,4,4,1.0,1.0,4,4,1.0,8,8,1.0,False,0,True,True
00751422,10,9,10,8,7,3,6,2,0.8571428571428571,0.6666666666666666,2,4,0.5,3,3,1.0,False,1,True,True
00751427,0,0,0,0,0,0,0,0,,,0,0,,0,0,,False,0,True,True
00751739,0,0,0,0,0,0,0,0,,,0,0,,0,0,,False,0,True,True
00751800,8,8,8,8,4,4,4,4,1.0,1.0,4,4,1.0,8,8,1.0,False,0,True,True
00752221,0,0,0,0,0,0,0,0,,,0,0,,0,0,,False,0,True,True
00752252,8,8,8,8,2,2,2,2,1.0,1.0,4,4,1.0,8,8,1.0,False,0,True,True
00752500,10,10,10,10,4,2,3,4,0.75,2.0,4,9,0.4444444444444444,6,8,0.75,False,0,True,True
00752806,0,0,0,0,0,0,0,0,,,0,0,,0,0,,False,0,True,True
00752986,6,6,6,6,3,2,3,2,1.0,1.0,4,4,1.0,11,11,1.0,False,0,True,True
00752987,4,4,4,4,2,2,2,2,1.0,1.0,2,2,1.0,4,4,1.0,False,0,True,True
00753045,4,4,4,4,2,2,2,2,1.0,1.0,2,2,1.0,4,4,1.0,False,0,True,True
00753161,40,36,40,40,20,20,18,18,0.9,0.9,26,26,1.0,44,44,1.0,True,0,True,True
00753280,6,6,6,6,2,0,2,0,1.0,,3,3,1.0,0,0,,False,0,True,True
00753315,24,24,24,24,12,12,12,12,1.0,1.0,20,20,1.0,32,32,1.0,False,0,True,True
00753420,0,0,0,0,0,0,0,0,,,0,0,,0,0,,False,0,True,True
00754263,0,0,0,0,0,0,0,0,,,0,0,,0,0,,False,0,True,True
00754264,0,0,0,0,0,0,0,0,,,0,0,,0,0,,False,0,True,True
00754614,4,4,4,4,2,2,2,2,1.0,1.0,2,2,1.0,4,4,1.0,False,0,True,True
00754659,9,9,9,9,5,3,5,4,1.0,1.3333333333333333,5,5,1.0,7,7,1.0,False,0,True,True
00754742,0,0,0,0,0,0,0,0,,,0,0,,0,0,,False,0,True,True
00754862,32,32,32,32,16,16,14,15,0.875,0.9375,39,48,0.8125,53,64,0.828125,False,0,True,True
00754864,0,0,0,0,0,0,0,0,,,0,0,,0,0,,False,0,True,True
00755108,24,24,24,24,12,12,12,12,1.0,1.0,20,20,1.0,32,32,1.0,False,0,True,True
00755454,0,0,0,0,0,0,0,0,,,0,0,,0,0,,False,0,True,True
00755534,4,4,4,4,2,2,2,2,1.0,1.0,2,2,1.0,4,4,1.0,False,0,True,True
00755610,6,6,6,6,0,2,0,2,,1.0,1,1,1.0,0,0,,False,0,True,True
00755628,36,37,36,37,18,18,4,25,0.2222222222222222,1.3888888888888888,43,72,0.5972222222222222,25,81,0.30864197530864196,False,1,True,True
00755715,0,0,0,0,0,0,0,0,,,0,0,,0,0,,False,0,True,True
00755983,8,8,8,8,4,4,4,4,1.0,1.0,4,4,1.0,8,8,1.0,False,0,True,True
00755989,13,13,13,13,6,7,6,7,1.0,1.0,8,8,1.0,14,14,1.0,False,0,True,True
00756286,24,24,24,23,18,6,11,7,0.6111111111111112,1.1666666666666667,9,19,0.47368421052631576,6,8,0.75,False,2,True,True
00756346,6,6,6,6,0,2,0,2,,1.0,1,1,1.0,0,0,,False,0,True,True
00756641,0,0,0,0,0,0,0,0,,,0,0,,0,0,,False,0,True,True
00756758,4,4,4,4,2,2,2,2,1.0,1.0,2,2,1.0,4,4,1.0,False,0,True,True
00757069,4,4,4,4,2,2,2,2,1.0,1.0,2,2,1.0,4,4,1.0,False,0,True,True
00757257,6,6,6,6,2,4,2,4,1.0,1.0,3,3,1.0,4,4,1.0,False,0,True,True
00757284,6,6,6,6,0,0,1,1,,,0,0,,0,0,,False,0,True,True
00757295,0,0,0,0,0,0,0,0,,,0,0,,0,0,,False,0,True,True
00757561,4,4,4,4,2,1,1,1,0.5,1.0,0,1,0.0,2,2,1.0,False,0,True,True
00757576,10,10,10,10,2,4,2,3,1.0,0.75,4,9,0.4444444444444444,6,8,0.75,False,0,True,True
00757598,4,4,4,4,2,2,2,2,1.0,1.0,2,2,1.0,4,4,1.0,False,0,True,True
00757668,8,8,8,8,8,0,8,0,1.0,,4,4,1.0,0,0,,False,0,True,True
00757711,4,4,4,4,2,2,2,2,1.0,1.0,2,2,1.0,4,4,1.0,False,0,True,True
00757752,12,12,12,12,6,6,6,6,1.0,1.0,6,6,1.0,12,12,1.0,False,0,True,True
00757977,4,4,4,4,2,2,2,2,1.0,1.0,2,2,1.0,4,4,1.0,False,0,True,True
00758036,0,0,0,0,0,0,0,0,,,0,0,,0,0,,False,0,True,True
00758171,4,4,4,4,2,2,2,2,1.0,1.0,2,2,1.0,4,4,1.0,False,0,True,True
00758180,4,4,4,4,2,2,2,2,1.0,1.0,2,2,1.0,4,4,1.0,False,0,True,True
00758212,20,20,20,20,10,8,7,7,0.7,0.875,8,20,0.4,18,28,0.6428571428571429,False,0,True,True
00758712,0,0,0,0,0,0,0,0,,,0,0,,0,0,,False,0,True,True
00758911,4,4,4,4,2,2,2,2,1.0,1.0,2,2,1.0,4,4,1.0,False,0,True,True
00758942,8,8,8,8,4,4,4,4,1.0,1.0,12,12,1.0,16,16,1.0,False,0,True,True
00758971,9,9,9,9,2,2,3,2,1.5,1.0,2,2,1.0,4,4,1.0,False,0,True,True
00758986,8,8,8,8,1,0,1,0,1.0,,0,0,,0,0,,False,0,True,True
00759195,0,0,0,0,0,0,0,0,,,0,0,,0,0,,False,0,True,True
00759365,6,6,6,6,0,0,0,0,,,3,3,1.0,0,0,,False,0,True,True
00759372,2,2,2,2,0,0,0,0,,,0,0,,0,0,,False,0,True,True
00759403,6,6,6,6,2,0,2,0,1.0,,3,3,1.0,0,0,,False,0,True,True
00759434,2,2,2,2,0,0,0,0,,,0,0,,0,0,,False,0,True,True
00759533,0,0,0,0,0,0,0,0,,,0,0,,0,0,,False,0,True,True
00759681,4,4,4,4,2,2,2,2,1.0,1.0,2,2,1.0,4,4,1.0,False,0,True,True
00759863,4,4,4,4,2,2,2,2,1.0,1.0,2,2,1.0,4,4,1.0,False,0,True,True
00760216,6,6,6,6,2,0,2,0,1.0,,3,3,1.0,0,0,,False,0,True,True
00760512,12,12,12,12,6,6,6,6,1.0,1.0,6,6,1.0,12,12,1.0,False,0,True,True
00760699,4,4,4,4,2,2,2,2,1.0,1.0,2,2,1.0,4,4,1.0,False,0,True,True
00760948,0,0,0,0,0,0,0,0,,,0,0,,0,0,,False,0,True,True
00761267,8,8,8,8,4,4,4,4,1.0,1.0,4,4,1.0,8,8,1.0,False,0,True,True
00761277,4,4,4,4,2,2,2,2,1.0,1.0,2,2,1.0,4,4,1.0,False,0,True,True
00761325,4,4,4,4,2,2,2,2,1.0,1.0,2,2,1.0,4,4,1.0,False,0,True,True
00761350,4,4,4,4,2,2,2,2,1.0,1.0,2,2,1.0,4,4,1.0,False,0,True,True
00761391,4,4,4,4,2,2,2,2,1.0,1.0,2,2,1.0,4,4,1.0,False,0,True,True
00761396,4,4,4,4,2,2,2,2,1.0,1.0,2,2,1.0,4,4,1.0,False,0,True,True
00761652,4,4,4,4,2,2,2,2,1.0,1.0,2,2,1.0,4,4,1.0,False,0,True,True
00761663,4,4,4,4,2,2,2,2,1.0,1.0,2,2,1.0,4,4,1.0,False,0,True,True
00761741,0,0,0,0,0,0,0,0,,,0,0,,0,0,,False,0,True,True
00762327,7,8,7,8,2,3,3,3,1.5,1.0,2,2,1.0,4,4,1.0,False,1,True,True
00762429,6,6,6,6,3,3,3,3,1.0,1.0,6,6,1.0,9,9,1.0,False,0,True,True
00762458,22,22,22,22,10,6,7,5,0.7,0.8333333333333334,20,32,0.625,50,61,0.819672131147541,False,0,True,True
00762484,4,4,4,4,2,2,2,2,1.0,1.0,2,2,1.0,4,4,1.0,False,0,True,True
00762777,12,12,12,12,6,6,6,6,1.0,1.0,6,6,1.0,12,12,1.0,False,0,True,True
00762877,3,3,3,3,0,0,0,0,,,0,0,,0,0,,False,0,True,True
00763123,29,28,29,28,13,12,10,9,0.7692307692307693,0.75,3,4,0.75,6,10,0.6,True,1,True,True
00763292,6,6,6,6,0,0,0,0,,,1,2,0.5,0,0,,False,0,True,True
00763349,4,4,4,4,2,2,2,2,1.0,1.0,2,2,1.0,4,4,1.0,False,0,True,True
00763483,4,4,4,4,2,2,2,2,1.0,1.0,2,2,1.0,4,4,1.0,False,0,True,True
00763620,4,4,4,4,2,2,2,2,1.0,1.0,2,2,1.0,4,4,1.0,False,0,True,True
00763782,14,14,14,14,8,4,8,3,1.0,0.75,9,10,0.9,6,8,0.75,False,0,True,True
00763948,0,0,0,0,0,0,0,0,,,0,0,,0,0,,False,0,True,True
00764196,5,5,5,5,3,2,3,2,1.0,1.0,4,4,1.0,6,6,1.0,False,0,True,True
00764264,3,4,3,4,2,1,2,2,1.0,2.0,0,0,,0,0,,False,1,True,True
00764317,0,0,0,0,0,0,0,0,,,0,0,,0,0,,False,0,True,True
00764362,9,10,9,10,3,5,3,6,1.0,1.2,0,0,,0,0,,False,1,True,True
00764500,8,8,8,8,4,4,4,4,1.0,1.0,4,4,1.0,8,8,1.0,False,0,True,True
00764570,12,12,12,12,6,6,6,6,1.0,1.0,12,12,1.0,18,18,1.0,False,0,True,True
00765098,6,6,6,6,2,2,2,2,1.0,1.0,2,2,1.0,4,4,1.0,False,0,True,True
00765118,6,6,6,6,4,2,4,2,1.0,1.0,2,2,1.0,4,4,1.0,False,0,True,True
00765175,9,9,9,9,5,4,5,4,1.0,1.0,6,6,1.0,10,10,1.0,False,0,True,True
00765223,0,0,0,0,0,0,0,0,,,0,0,,0,0,,False,0,True,True
00765253,0,0,0,0,0,0,0,0,,,0,0,,0,0,,False,0,True,True
00765285,26,28,26,26,10,8,7,11,0.7,1.375,0,0,,0,0,,True,7,True,True
00765459,4,4,4,4,2,2,2,2,1.0,1.0,2,2,1.0,4,4,1.0,False,0,True,True
00765880,8,8,8,8,4,4,4,4,1.0,1.0,12,12,1.0,16,16,1.0,False,0,True,True
00766093,4,4,4,4,2,2,2,2,1.0,1.0,2,2,1.0,4,4,1.0,False,0,True,True
00766111,6,6,6,6,3,3,3,3,1.0,1.0,6,6,1.0,9,9,1.0,False,0,True,True
00766171,4,4,4,4,2,2,2,2,1.0,1.0,2,2,1.0,4,4,1.0,False,0,True,True
00766558,0,0,0,0,0,0,0,0,,,0,0,,0,0,,False,0,True,True
00766613,12,12,12,12,6,6,6,6,1.0,1.0,14,14,1.0,20,20,1.0,False,0,True,True
00766680,6,6,6,6,3,3,3,3,1.0,1.0,6,6,1.0,9,9,1.0,False,0,True,True
00766764,0,0,0,0,0,0,0,0,,,0,0,,0,0,,False,0,True,True
00766781,0,0,0,0,0,0,0,0,,,0,0,,0,0,,False,0,True,True
00766828,8,8,8,8,4,4,4,4,1.0,1.0,4,4,1.0,8,8,1.0,False,0,True,True
00766844,8,8,8,8,4,4,4,4,1.0,1.0,12,12,1.0,16,16,1.0,False,0,True,True
00767229,26,33,26,33,12,12,14,12,1.1666666666666667,1.0,4,4,1.0,8,8,1.0,True,4,True,True
00767475,4,4,4,4,2,2,2,2,1.0,1.0,2,2,1.0,4,4,1.0,False,0,True,True
00767554,0,0,0,0,0,0,0,0,,,0,0,,0,0,,False,0,True,True
00767824,8,8,8,8,4,4,4,4,1.0,1.0,4,4,1.0,8,8,1.0,False,0,True,True
00767978,6,6,6,6,4,2,4,2,1.0,1.0,3,3,1.0,4,4,1.0,False,0,True,True
00768201,12,12,12,12,6,6,6,6,1.0,1.0,30,30,1.0,36,36,1.0,False,0,True,True
00768216,0,0,0,0,0,0,0,0,,,0,0,,0,0,,False,0,True,True
00768300,3,3,3,3,1,0,1,0,1.0,,0,0,,0,0,,False,0,True,True
00768461,0,0,0,0,0,0,0,0,,,0,0,,0,0,,False,0,True,True
00768511,3,3,3,3,1,0,1,0,1.0,,0,0,,0,0,,False,0,True,True
00768552,0,0,0,0,0,0,0,0,,,0,0,,0,0,,False,0,True,True
00768683,0,0,0,0,0,0,0,0,,,0,0,,0,0,,False,0,True,True
00768713,4,4,4,4,2,2,2,2,1.0,1.0,2,2,1.0,4,4,1.0,False,0,True,True
00768770,9,12,9,11,9,0,6,1,0.6666666666666666,,1,3,0.3333333333333333,0,0,,True,1,True,True
00769686,4,4,4,4,2,2,2,2,1.0,1.0,2,2,1.0,4,4,1.0,False,0,True,True
00769714,6,6,6,6,3,2,3,2,1.0,1.0,4,4,1.0,6,6,1.0,False,0,True,True
00769759,4,4,4,4,2,2,2,2,1.0,1.0,2,2,1.0,4,4,1.0,False,0,True,True
00769879,5,5,5,5,2,2,2,2,1.0,1.0,2,2,1.0,4,4,1.0,False,0,True,True
00769901,4,4,4,4,2,2,2,2,1.0,1.0,2,2,1.0,4,4,1.0,False,0,True,True
00769945,6,6,6,6,3,2,3,2,1.0,1.0,4,4,1.0,6,6,1.0,False,0,True,True
00769975,4,4,4,4,2,2,2,2,1.0,1.0,2,2,1.0,4,4,1.0,False,0,True,True
00770183,0,0,0,0,0,0,0,0,,,0,0,,0,0,,False,0,True,True
00770426,4,4,4,4,2,2,2,2,1.0,1.0,2,2,1.0,4,4,1.0,False,0,True,True
00770489,4,4,4,4,2,2,2,2,1.0,1.0,2,2,1.0,4,4,1.0,False,0,True,True
00770520,23,0,23,28,11,12,0,0,0.0,0.0,0,0,,0,0,,False,0,True,False
00770646,4,4,4,4,2,2,2,2,1.0,1.0,2,2,1.0,4,4,1.0,False,0,True,True
00770657,6,6,6,6,3,2,3,2,1.0,1.0,4,4,1.0,6,6,1.0,False,0,True,True
00770703,0,0,0,0,0,0,0,0,,,0,0,,0,0,,False,0,True,True
00771449,4,4,4,4,4,0,4,0,1.0,,6,6,1.0,0,0,,False,0,True,True
00771647,12,12,12,12,6,2,4,4,0.6666666666666666,2.0,7,18,0.3888888888888889,12,16,0.75,False,0,True,True
00771844,12,18,12,16,2,2,8,4,4.0,2.0,0,0,,0,0,,True,4,True,True
00772024,12,12,12,12,6,6,6,6,1.0,1.0,6,6,1.0,12,12,1.0,False,0,True,True
00772074,14,14,14,14,6,6,6,6,1.0,1.0,4,4,1.0,10,10,1.0,False,0,True,True
00772082,4,4,4,4,2,2,2,2,1.0,1.0,2,2,1.0,4,4,1.0,False,0,True,True
00772181,20,20,20,20,8,8,7,8,0.875,1.0,7,16,0.4375,18,30,0.6,False,0,True,True
00772462,20,20,20,20,6,6,8,7,1.3333333333333333,1.1666666666666667,4,4,1.0,8,8,1.0,False,0,True,True
00772578,12,12,12,12,3,4,4,4,1.3333333333333333,1.0,2,3,0.6666666666666666,4,6,0.6666666666666666,False,0,True,True
00772644,0,0,0,0,0,0,0,0,,,0,0,,0,0,,False,0,True,True
00772681,8,8,8,8,4,4,4,4,1.0,1.0,12,12,1.0,16,16,1.0,False,0,True,True
00772951,4,4,4,4,2,2,2,2,1.0,1.0,2,2,1.0,4,4,1.0,False,0,True,True
00773001,8,8,8,8,4,4,4,4,1.0,1.0,4,4,1.0,8,8,1.0,False,0,True,True
00773053,17,17,17,17,7,9,8,9,1.1428571428571428,1.0,9,9,1.0,15,15,1.0,False,0,True,True
00773056,4,4,4,4,2,2,2,2,1.0,1.0,2,2,1.0,4,4,1.0,False,0,True,True
00773085,0,0,0,0,0,0,0,0,,,0,0,,0,0,,False,0,True,True
00773087,6,4,6,4,0,2,0,3,,1.5,0,0,,0,0,,False,3,True,True
00773122,6,6,6,6,1,2,1,3,1.0,1.5,1,1,1.0,2,2,1.0,False,0,True,True
00773251,0,0,0,0,0,0,0,0,,,0,0,,0,0,,False,0,True,True
00773267,6,6,6,6,2,4,2,4,1.0,1.0,3,3,1.0,4,4,1.0,False,0,True,True
00773321,4,4,4,4,2,2,2,2,1.0,1.0,2,2,1.0,4,4,1.0,False,0,True,True
00773431,0,0,0,0,0,0,0,0,,,0,0,,0,0,,False,0,True,True
00773456,0,0,0,0,0,0,0,0,,,0,0,,0,0,,False,0,True,True
00773560,12,12,12,12,6,6,6,6,1.0,1.0,6,6,1.0,12,12,1.0,False,0,True,True
00773783,0,0,0,0,0,0,0,0,,,0,0,,0,0,,False,0,True,True
00773954,8,8,8,8,4,4,4,4,1.0,1.0,4,4,1.0,8,8,1.0,False,0,True,True
00774150,0,0,0,0,0,0,0,0,,,0,0,,0,0,,False,0,True,True
00774498,0,0,0,0,0,0,0,0,,,0,0,,0,0,,False,0,True,True
00774679,0,1,0,0,0,0,0,0,,,0,0,,0,0,,False,1,True,True
00775329,3,3,3,3,0,0,0,0,,,0,0,,0,0,,False,0,True,True
00775373,7,7,7,7,0,2,1,2,,1.0,1,1,1.0,0,0,,False,0,True,True
00775415,23,23,23,23,11,11,11,9,1.0,0.8181818181818182,8,10,0.8,16,21,0.7619047619047619,False,0,True,True
00775419,0,0,0,0,0,0,0,0,,,0,0,,0,0,,False,0,True,True
00775469,8,8,8,8,4,4,4,4,1.0,1.0,4,4,1.0,8,8,1.0,False,0,True,True
00775490,0,0,0,0,0,0,0,0,,,0,0,,0,0,,False,0,True,True
00775598,4,4,4,4,2,2,2,2,1.0,1.0,2,2,1.0,4,4,1.0,False,0,True,True
00775974,0,0,0,0,0,0,0,0,,,0,0,,0,0,,False,0,True,True
00776143,26,26,26,26,14,12,12,8,0.8571428571428571,0.6666666666666666,12,28,0.42857142857142855,23,32,0.71875,False,0,True,True
00776150,4,4,4,4,2,2,2,2,1.0,1.0,2,2,1.0,4,4,1.0,False,0,True,True
00776614,0,0,0,0,0,0,0,0,,,0,0,,0,0,,False,0,True,True
00776846,17,17,17,17,6,7,7,6,1.1666666666666667,0.8571428571428571,3,3,1.0,8,9,0.8888888888888888,False,0,True,True
00776857,14,14,14,14,6,4,6,7,1.0,1.75,3,4,0.75,6,8,0.75,False,0,True,True
00776997,0,0,0,0,0,0,0,0,,,0,0,,0,0,,False,0,True,True
00777136,4,4,4,4,2,2,2,2,1.0,1.0,2,2,1.0,4,4,1.0,False,0,True,True
00777260,4,4,4,4,2,2,2,2,1.0,1.0,2,2,1.0,4,4,1.0,False,0,True,True
00777261,21,21,21,21,9,10,8,8,0.8888888888888888,0.8,10,20,0.5,22,29,0.7586206896551724,False,0,True,True
00777563,0,0,0,0,0,0,0,0,,,0,0,,0,0,,False,0,True,True
00777876,4,4,4,4,2,2,2,2,1.0,1.0,2,2,1.0,4,4,1.0,False,0,True,True
00777897,24,0,24,24,12,12,0,0,0.0,0.0,0,0,,0,0,,False,0,True,False
00777924,4,4,4,4,2,2,2,2,1.0,1.0,2,2,1.0,4,4,1.0,False,0,True,True
00777992,0,0,0,0,0,0,0,0,,,0,0,,0,0,,False,0,True,True
00778006,0,0,0,0,0,0,0,0,,,0,0,,0,0,,False,0,True,True
00778097,4,4,4,4,2,2,2,2,1.0,1.0,2,2,1.0,4,4,1.0,False,0,True,True
00778108,4,4,4,4,2,2,2,2,1.0,1.0,2,2,1.0,4,4,1.0,False,0,True,True
00778188,20,28,20,27,14,6,13,12,0.9285714285714286,2.0,0,0,,0,0,,False,6,True,True
00778195,17,22,17,22,5,11,8,8,1.6,0.7272727272727273,1,1,1.0,0,0,,False,2,True,True
00778197,20,20,20,20,10,10,10,10,1.0,1.0,10,10,1.0,20,20,1.0,False,0,True,True
00778204,6,6,6,6,3,3,3,3,1.0,1.0,6,6,1.0,9,9,1.0,False,0,True,True
00778316,0,0,0,0,0,0,0,0,,,0,0,,0,0,,False,0,True,True
00778325,0,0,0,0,0,0,0,0,,,0,0,,0,0,,False,0,True,True
00778347,0,0,0,0,0,0,0,0,,,0,0,,0,0,,False,0,True,True
00778682,24,24,24,24,12,12,12,12,1.0,1.0,20,20,1.0,32,32,1.0,False,0,True,True
00778728,12,13,12,12,0,12,1,9,,0.75,0,2,0.0,0,0,,False,3,True,True
00778906,3,3,3,3,0,0,0,0,,,0,0,,0,0,,False,0,True,True
00778947,0,0,0,0,0,0,0,0,,,0,0,,0,0,,False,0,True,True
00779015,2,2,2,2,0,0,0,0,,,0,0,,0,0,,False,0,True,True
00779038,4,4,4,4,2,2,2,2,1.0,1.0,2,2,1.0,4,4,1.0,False,0,True,True
00779074,4,5,4,4,0,4,0,2,,0.5,0,1,0.0,0,0,,False,1,True,True
00779100,12,7,12,7,0,4,1,5,,1.25,1,1,1.0,0,0,,False,2,True,True
00779236,4,4,4,4,2,2,2,2,1.0,1.0,2,2,1.0,4,4,1.0,False,0,True,True
00779284,30,30,30,30,12,14,13,14,1.0833333333333333,1.0,9,10,0.9,20,22,0.9090909090909091,False,0,True,True
00779330,21,21,21,21,4,4,8,7,2.0,1.75,3,4,0.75,6,8,0.75,False,0,True,True
00779385,12,12,12,12,6,6,6,6,1.0,1.0,14,14,1.0,20,20,1.0,False,0,True,True
00779529,4,4,4,4,2,2,2,2,1.0,1.0,2,2,1.0,4,4,1.0,False,0,True,True
00779613,28,28,28,28,16,12,9,11,0.5625,0.9166666666666666,20,48,0.4166666666666667,31,54,0.5740740740740741,False,0,True,True
00779837,9,9,9,9,4,5,4,5,1.0,1.0,6,6,1.0,10,10,1.0,False,0,True,True
00779838,4,4,4,4,2,2,2,2,1.0,1.0,2,2,1.0,4,4,1.0,False,0,True,True
00779839,0,0,0,0,0,0,0,0,,,0,0,,0,0,,False,0,True,True
00779861,4,4,4,4,2,2,2,2,1.0,1.0,2,2,1.0,4,4,1.0,False,0,True,True
00780018,4,4,4,4,2,2,2,2,1.0,1.0,2,2,1.0,4,4,1.0,False,0,True,True
00780264,0,0,0,0,0,0,0,0,,,0,0,,0,0,,False,0,True,True
00780369,36,36,36,36,16,12,16,14,1.0,1.1666666666666667,10,12,0.8333333333333334,19,24,0.7916666666666666,False,0,True,True
00780535,0,0,0,0,0,0,0,0,,,0,0,,0,0,,False,0,True,True
00780616,4,4,4,4,2,2,2,2,1.0,1.0,2,2,1.0,4,4,1.0,False,0,True,True
00780726,4,4,4,4,2,2,2,2,1.0,1.0,2,2,1.0,4,4,1.0,False,0,True,True
00780771,4,4,4,4,2,2,2,2,1.0,1.0,2,2,1.0,4,4,1.0,False,0,True,True
00780975,8,8,8,8,4,4,4,4,1.0,1.0,4,4,1.0,8,8,1.0,False,0,True,True
00781092,8,8,8,8,4,4,4,4,1.0,1.0,12,12,1.0,16,16,1.0,False,0,True,True
00781245,0,0,0,0,0,0,0,0,,,0,0,,0,0,,False,0,True,True
00781387,6,5,6,5,2,0,2,0,1.0,,0,0,,0,0,,False,1,True,True
00781690,0,0,0,0,0,0,0,0,,,0,0,,0,0,,False,0,True,True
00781880,6,6,6,6,2,0,2,0,1.0,,3,3,1.0,0,0,,False,0,True,True
00781916,16,16,16,16,8,8,8,8,1.0,1.0,8,8,1.0,16,16,1.0,False,0,True,True
00782077,14,14,14,14,8,6,7,6,0.875,1.0,36,43,0.8372093023255814,48,48,1.0,False,0,True,True
00782084,8,8,8,8,2,6,2,6,1.0,1.0,4,4,1.0,4,4,1.0,False,0,True,True
00782311,0,0,0,0,0,0,0,0,,,0,0,,0,0,,False,0,True,True
00782317,0,0,0,0,0,0,0,0,,,0,0,,0,0,,False,0,True,True
00782324,10,10,10,10,6,4,6,4,1.0,1.0,9,9,1.0,12,12,1.0,False,0,True,True
00782342,4,4,4,4,2,2,2,2,1.0,1.0,2,2,1.0,4,4,1.0,False,0,True,True
00782384,4,4,4,4,2,2,2,2,1.0,1.0,2,2,1.0,4,4,1.0,False,0,True,True
00782723,18,18,18,18,6,0,5,0,0.8333333333333334,,1,3,0.3333333333333333,0,0,,False,0,True,True
00782743,4,4,4,4,2,2,2,2,1.0,1.0,2,2,1.0,4,4,1.0,False,0,True,True
00783444,4,4,4,4,2,2,2,2,1.0,1.0,2,2,1.0,4,4,1.0,False,0,True,True
00783456,2,2,2,2,1,0,1,0,1.0,,0,0,,0,0,,False,0,True,True
00783492,8,8,8,8,4,4,4,4,1.0,1.0,12,12,1.0,16,16,1.0,False,0,True,True
00783533,4,4,4,4,2,2,2,2,1.0,1.0,2,2,1.0,4,4,1.0,False,0,True,True
00783535,4,4,4,4,2,2,2,2,1.0,1.0,2,2,1.0,4,4,1.0,False,0,True,True
00783559,4,4,4,4,2,2,2,2,1.0,1.0,2,2,1.0,4,4,1.0,False,0,True,True
00783624,4,4,4,4,2,2,2,2,1.0,1.0,2,2,1.0,4,4,1.0,False,0,True,True
00783654,4,4,4,4,2,2,2,2,1.0,1.0,2,2,1.0,4,4,1.0,False,0,True,True
00783796,4,4,4,4,2,2,2,2,1.0,1.0,2,2,1.0,4,4,1.0,False,0,True,True
00783939,4,4,4,4,2,2,2,2,1.0,1.0,2,2,1.0,4,4,1.0,False,0,True,True
00784115,6,6,6,6,2,4,2,4,1.0,1.0,7,7,1.0,8,8,1.0,False,0,True,True
00784158,10,10,10,10,4,4,4,4,1.0,1.0,2,2,1.0,5,6,0.8333333333333334,False,0,True,True
00784319,6,6,6,6,2,2,2,2,1.0,1.0,2,2,1.0,4,4,1.0,False,0,True,True
00784713,2,2,2,2,1,0,1,0,1.0,,0,0,,0,0,,False,0,True,True
00784722,2,2,2,2,1,0,1,0,1.0,,0,0,,0,0,,False,0,True,True
00784909,4,4,4,4,2,2,2,2,1.0,1.0,2,2,1.0,4,4,1.0,False,0,True,True
00785225,16,16,16,16,7,7,8,5,1.1428571428571428,0.7142857142857143,9,18,0.5,19,25,0.76,False,0,True,True
00785583,11,11,11,11,5,4,5,4,1.0,1.0,3,3,1.0,7,7,1.0,False,0,True,True
00785716,5,5,5,5,3,2,3,2,1.0,1.0,4,4,1.0,6,6,1.0,False,0,True,True
00785757,4,4,4,4,2,2,2,2,1.0,1.0,2,2,1.0,4,4,1.0,False,0,True,True
00785765,28,28,28,28,16,12,11,10,0.6875,0.8333333333333334,25,74,0.33783783783783783,40,80,0.5,False,0,True,True
00785862,12,12,12,12,6,6,6,6,1.0,1.0,6,6,1.0,12,12,1.0,False,0,True,True
00786080,18,18,18,18,8,8,8,8,1.0,1.0,6,6,1.0,14,14,1.0,False,0,True,True
00786091,11,11,11,11,5,4,5,4,1.0,1.0,3,3,1.0,7,7,1.0,False,0,True,True
00786455,4,4,4,4,2,2,2,2,1.0,1.0,2,2,1.0,4,4,1.0,False,0,True,True
00786772,4,4,4,4,2,2,2,2,1.0,1.0,2,2,1.0,4,4,1.0,False,0,True,True
00786933,4,4,4,4,2,2,2,2,1.0,1.0,2,2,1.0,4,4,1.0,False,0,True,True
00787061,16,16,16,16,8,8,6,4,0.75,0.5,16,56,0.2857142857142857,54,64,0.84375,False,0,True,True
00787065,0,0,0,0,0,0,0,0,,,0,0,,0,0,,False,0,True,True
00787088,3,1,3,1,2,1,1,0,0.5,0.0,0,0,,0,0,,False,1,True,True
00787182,2,2,2,2,1,0,1,0,1.0,,0,0,,0,0,,False,0,True,True
00787442,10,10,10,10,6,4,6,4,1.0,1.0,9,9,1.0,12,12,1.0,False,0,True,True
00787469,6,6,6,6,2,0,2,0,1.0,,3,3,1.0,0,0,,False,0,True,True
00787596,12,12,12,12,6,6,6,6,1.0,1.0,30,30,1.0,36,36,1.0,False,0,True,True
00787608,12,12,12,12,6,6,6,6,1.0,1.0,30,30,1.0,36,36,1.0,False,0,True,True
00787611,12,12,12,12,6,6,6,6,1.0,1.0,30,30,1.0,36,36,1.0,False,0,True,True
00787651,12,12,12,12,6,6,6,6,1.0,1.0,30,30,1.0,36,36,1.0,False,0,True,True
00787725,20,20,20,20,10,10,10,10,1.0,1.0,10,10,1.0,20,20,1.0,False,0,True,True
00787767,12,12,12,12,6,4,5,2,0.8333333333333334,0.5,11,21,0.5238095238095238,16,24,0.6666666666666666,False,0,True,True
00787967,4,4,4,4,2,2,2,2,1.0,1.0,2,2,1.0,4,4,1.0,False,0,True,True
00787980,4,4,4,4,2,2,2,2,1.0,1.0,2,2,1.0,4,4,1.0,False,0,True,True
00788120,6,6,6,6,4,2,4,2,1.0,1.0,7,7,1.0,8,8,1.0,False,0,True,True
00788213,4,4,4,4,2,2,2,2,1.0,1.0,2,2,1.0,4,4,1.0,False,0,True,True
00788449,4,4,4,4,2,2,2,2,1.0,1.0,2,2,1.0,4,4,1.0,False,0,True,True
00788466,2,2,2,2,0,1,0,2,,2.0,0,0,,0,0,,False,0,True,True
00788472,16,16,16,16,8,8,7,7,0.875,0.875,11,14,0.7857142857142857,17,22,0.7727272727272727,False,0,True,True
00788710,4,4,4,4,2,2,2,2,1.0,1.0,2,2,1.0,4,4,1.0,False,0,True,True
00788764,4,4,4,4,2,2,2,2,1.0,1.0,2,2,1.0,4,4,1.0,False,0,True,True
00788789,8,8,8,8,4,2,4,2,1.0,1.0,7,7,1.0,8,8,1.0,False,0,True,True
00788792,0,0,0,0,0,0,0,0,,,0,0,,0,0,,False,0,True,True
00788866,12,12,12,12,6,6,6,6,1.0,1.0,6,6,1.0,12,12,1.0,False,0,True,True
00788898,8,8,8,8,4,4,4,4,1.0,1.0,4,4,1.0,8,8,1.0,False,0,True,True
00788939,0,0,0,0,0,0,0,0,,,0,0,,0,0,,False,0,True,True
00789034,2,2,2,2,0,0,0,0,,,0,0,,0,0,,False,0,True,True
00789325,4,4,4,4,2,2,2,2,1.0,1.0,2,2,1.0,4,4,1.0,False,0,True,True
00789327,4,4,4,4,0,2,0,2,,1.0,0,0,,0,0,,False,0,True,True
00789379,4,4,4,4,2,2,2,2,1.0,1.0,2,2,1.0,4,4,1.0,False,0,True,True
00789498,6,3,6,2,0,0,0,0,,,0,0,,0,0,,False,4,True,True
00789836,2,2,2,2,2,0,2,0,1.0,,1,1,1.0,0,0,,False,0,True,True
00789946,5,5,5,5,1,0,1,0,1.0,,0,0,,0,0,,False,0,True,True
00789978,6,6,6,6,3,3,3,3,1.0,1.0,6,6,1.0,9,9,1.0,False,0,True,True
00790198,0,0,0,0,0,0,0,0,,,0,0,,0,0,,False,0,True,True
00790334,9,9,9,9,6,3,6,2,1.0,0.6666666666666666,7,8,0.875,6,10,0.6,False,0,True,True
00790402,7,8,7,7,3,4,1,4,0.3333333333333333,1.0,0,0,,0,0,,False,1,True,True
00790490,0,0,0,0,0,0,0,0,,,0,0,,0,0,,False,0,True,True
00790611,0,0,0,0,0,0,0,0,,,0,0,,0,0,,False,0,True,True
00790660,12,12,12,12,6,6,6,6,1.0,1.0,6,6,1.0,12,12,1.0,False,0,True,True
00790702,10,10,10,10,6,0,5,0,0.8333333333333334,,10,15,0.6666666666666666,0,0,,False,0,True,True
00790708,0,0,0,0,0,0,0,0,,,0,0,,0,0,,False,0,True,True
00790721,12,12,12,12,5,5,5,4,1.0,0.8,3,4,0.75,7,9,0.7777777777777778,False,0,True,True
00790765,4,4,4,4,2,2,2,2,1.0,1.0,2,2,1.0,4,4,1.0,False,0,True,True
00790795,6,6,6,6,0,0,0,0,,,3,3,1.0,0,0,,False,0,True,True
00790855,8,8,8,8,4,4,4,4,1.0,1.0,12,12,1.0,16,16,1.0,False,0,True,True
00791024,4,4,4,4,2,2,2,2,1.0,1.0,2,2,1.0,4,4,1.0,False,0,True,True
00791078,4,4,4,4,2,2,2,2,1.0,1.0,2,2,1.0,4,4,1.0,False,0,True,True
00791221,8,8,8,8,4,4,4,4,1.0,1.0,12,12,1.0,16,16,1.0,False,0,True,True
00791223,36,36,36,36,18,18,17,18,0.9444444444444444,1.0,17,18,0.9444444444444444,34,36,0.9444444444444444,False,0,True,True
00791232,0,0,0,0,0,0,0,0,,,0,0,,0,0,,False,0,True,True
00791289,40,40,40,40,20,20,18,18,0.9,0.9,34,44,0.7727272727272727,52,64,0.8125,False,0,True,True
00791341,8,8,8,8,4,4,4,4,1.0,1.0,12,12,1.0,16,16,1.0,False,0,True,True
00791377,4,4,4,4,2,2,2,2,1.0,1.0,2,2,1.0,4,4,1.0,False,0,True,True
00791426,8,8,8,8,4,4,4,4,1.0,1.0,4,4,1.0,8,8,1.0,False,0,True,True
00791520,0,0,0,0,0,0,0,0,,,0,0,,0,0,,False,0,True,True
00791533,8,8,8,8,4,4,4,4,1.0,1.0,4,4,1.0,8,8,1.0,False,0,True,True
00791603,4,4,4,4,2,2,2,2,1.0,1.0,2,2,1.0,4,4,1.0,False,0,True,True
00791755,0,0,0,0,0,0,0,0,,,0,0,,0,0,,False,0,True,True
00791775,4,4,4,4,2,2,2,2,1.0,1.0,2,2,1.0,4,4,1.0,False,0,True,True
00791781,12,12,12,12,6,6,4,5,0.6666666666666666,0.8333333333333334,6,14,0.42857142857142855,10,20,0.5,False,0,True,True
00791930,0,0,0,0,0,0,0,0,,,0,0,,0,0,,False,0,True,True
00791942,0,0,0,0,0,0,0,0,,,0,0,,0,0,,False,0,True,True
00792211,4,4,4,4,2,2,2,2,1.0,1.0,2,2,1.0,4,4,1.0,False,0,True,True
00792291,4,4,4,4,2,2,2,2,1.0,1.0,2,2,1.0,4,4,1.0,False,0,True,True
00792322,12,12,12,12,6,6,6,6,1.0,1.0,10,10,1.0,12,12,1.0,False,0,True,True
00792354,4,4,4,4,2,2,2,2,1.0,1.0,2,2,1.0,4,4,1.0,False,0,True,True
00792465,4,4,4,4,2,2,2,2,1.0,1.0,2,2,1.0,4,4,1.0,False,0,True,True
00792815,21,21,21,21,7,11,9,8,1.2857142857142858,0.7272727272727273,6,11,0.5454545454545454,12,17,0.7058823529411765,False,0,True,True
00792817,4,4,4,4,2,2,2,2,1.0,1.0,2,2,1.0,4,4,1.0,False,0,True,True
00792847,24,26,24,26,8,11,7,10,0.875,0.9090909090909091,2,2,1.0,4,5,0.8,False,2,True,True
00792996,4,4,4,4,2,2,2,2,1.0,1.0,2,2,1.0,4,4,1.0,False,0,True,True
00793143,3,3,3,3,1,1,1,1,1.0,1.0,0,0,,1,1,1.0,False,0,True,True
00793506,0,0,0,0,0,0,0,0,,,0,0,,0,0,,False,0,True,True
00793648,0,0,0,0,0,0,0,0,,,0,0,,0,0,,False,0,True,True
00793849,0,0,0,0,0,0,0,0,,,0,0,,0,0,,False,0,True,True
00793963,4,4,4,4,2,2,2,2,1.0,1.0,2,2,1.0,4,4,1.0,False,0,True,True
00794126,0,0,0,0,0,0,0,0,,,0,0,,0,0,,False,0,True,True
00794230,17,17,17,17,9,8,9,8,1.0,1.0,10,10,1.0,18,18,1.0,False,0,True,True
00794231,14,12,14,12,6,8,4,8,0.6666666666666666,1.0,4,4,1.0,8,8,1.0,False,2,True,True
00794360,4,4,4,4,2,2,2,2,1.0,1.0,2,2,1.0,4,4,1.0,False,0,True,True
00794369,4,4,4,4,2,2,2,2,1.0,1.0,2,2,1.0,4,4,1.0,False,0,True,True
00794467,4,4,4,4,1,0,1,0,1.0,,0,0,,0,0,,False,0,True,True
00794780,6,6,6,6,2,2,2,2,1.0,1.0,2,2,1.0,5,5,1.0,False,0,True,True
00794860,4,4,4,4,2,2,2,2,1.0,1.0,2,2,1.0,4,4,1.0,False,0,True,True
00794975,22,22,22,22,12,9,11,10,0.9166666666666666,1.1111111111111112,9,13,0.6923076923076923,20,21,0.9523809523809523,False,0,True,True
00795107,4,4,4,4,2,2,2,2,1.0,1.0,2,2,1.0,4,4,1.0,False,0,True,True
00795121,4,4,4,4,2,2,2,2,1.0,1.0,2,2,1.0,4,4,1.0,False,0,True,True
00795388,4,4,4,4,2,2,2,2,1.0,1.0,2,2,1.0,4,4,1.0,False,0,True,True
00795772,0,0,0,0,0,0,0,0,,,0,0,,0,0,,False,0,True,True
00795945,6,6,6,6,2,0,2,0,1.0,,3,3,1.0,0,0,,False,0,True,True
00796035,9,9,9,9,3,6,3,5,1.0,0.8333333333333334,5,8,0.625,8,8,1.0,False,0,True,True
00796129,4,4,4,4,2,2,2,2,1.0,1.0,2,2,1.0,4,4,1.0,False,0,True,True
00796307,4,4,4,4,2,2,2,2,1.0,1.0,2,2,1.0,4,4,1.0,False,0,True,True
00796317,4,4,4,4,2,2,2,2,1.0,1.0,2,2,1.0,4,4,1.0,False,0,True,True
00796328,4,4,4,4,2,2,2,2,1.0,1.0,2,2,1.0,4,4,1.0,False,0,True,True
00796758,4,4,4,4,2,2,2,2,1.0,1.0,2,2,1.0,4,4,1.0,False,0,True,True
00796909,0,0,0,0,0,0,0,0,,,0,0,,0,0,,False,0,True,True
00797138,8,8,8,8,4,4,4,4,1.0,1.0,4,4,1.0,8,8,1.0,False,0,True,True
00797303,4,4,4,4,2,2,2,2,1.0,1.0,2,2,1.0,4,4,1.0,False,0,True,True
00797308,4,4,4,4,2,2,2,2,1.0,1.0,2,2,1.0,4,4,1.0,False,0,True,True
00797376,14,14,14,14,2,6,2,6,1.0,1.0,3,4,0.75,2,4,0.5,False,0,True,True
00797421,0,0,0,0,0,0,0,0,,,0,0,,0,0,,False,0,True,True
00797424,30,32,30,32,10,10,10,8,1.0,0.8,4,9,0.4444444444444444,10,12,0.8333333333333334,True,2,True,True
00797686,0,0,0,0,0,0,0,0,,,0,0,,0,0,,False,0,True,True
00797837,5,5,5,5,2,2,2,2,1.0,1.0,2,2,1.0,4,4,1.0,False,0,True,True
00797875,6,6,6,6,4,2,4,2,1.0,1.0,7,7,1.0,8,8,1.0,False,0,True,True
00797888,0,0,0,0,0,0,0,0,,,0,0,,0,0,,False,0,True,True
00797906,16,16,16,16,8,8,8,8,1.0,1.0,16,16,1.0,24,24,1.0,False,0,True,True
00797915,4,4,4,4,2,2,2,2,1.0,1.0,2,2,1.0,4,4,1.0,False,0,True,True
00797964,0,0,0,0,0,0,0,0,,,0,0,,0,0,,False,0,True,True
00798106,6,6,6,6,2,0,2,0,1.0,,3,3,1.0,0,0,,False,0,True,True
00798145,0,0,0,0,0,0,0,0,,,0,0,,0,0,,False,0,True,True
00798773,8,8,8,8,4,4,4,4,1.0,1.0,4,4,1.0,8,8,1.0,False,0,True,True
00798840,4,4,4,4,2,2,2,2,1.0,1.0,2,2,1.0,4,4,1.0,False,0,True,True
00798848,4,4,4,4,2,2,2,2,1.0,1.0,2,2,1.0,4,4,1.0,False,0,True,True
00798856,6,6,6,6,4,0,5,0,1.25,,2,2,1.0,0,0,,False,0,True,True
00799350,11,11,11,11,4,2,4,2,1.0,1.0,8,8,1.0,10,10,1.0,False,0,True,True
00799686,6,6,6,6,2,0,2,0,1.0,,3,3,1.0,0,0,,False,0,True,True
00800054,4,4,4,4,2,2,2,2,1.0,1.0,2,2,1.0,4,4,1.0,False,0,True,True
00800192,0,0,0,0,0,0,0,0,,,0,0,,0,0,,False,0,True,True
00800409,0,0,0,0,0,0,0,0,,,0,0,,0,0,,False,0,True,True
00800467,16,16,16,16,8,8,8,8,1.0,1.0,8,8,1.0,16,16,1.0,False,0,True,True
00800534,32,32,32,32,16,16,16,16,1.0,1.0,16,16,1.0,32,32,1.0,False,0,True,True
00800735,6,6,6,6,0,0,0,0,,,1,1,1.0,0,0,,False,0,True,True
00800809,4,4,4,4,2,2,2,2,1.0,1.0,2,2,1.0,4,4,1.0,False,0,True,True
00800814,4,4,4,4,2,2,2,2,1.0,1.0,2,2,1.0,4,4,1.0,False,0,True,True
00800825,4,4,4,4,2,2,2,2,1.0,1.0,2,2,1.0,4,4,1.0,False,0,True,True
00800831,4,4,4,4,2,2,2,2,1.0,1.0,2,2,1.0,4,4,1.0,False,0,True,True
00800972,12,12,12,12,2,6,5,4,2.5,0.6666666666666666,10,22,0.45454545454545453,10,12,0.8333333333333334,False,0,True,True
00801025,4,4,4,4,2,2,2,2,1.0,1.0,2,2,1.0,4,4,1.0,False,0,True,True
00801082,4,4,4,4,2,2,2,2,1.0,1.0,2,2,1.0,4,4,1.0,False,0,True,True
00801096,4,4,4,4,2,2,2,2,1.0,1.0,2,2,1.0,4,4,1.0,False,0,True,True
00801107,6,6,6,6,3,3,3,3,1.0,1.0,6,6,1.0,9,9,1.0,False,0,True,True
00801112,0,0,0,0,0,0,0,0,,,0,0,,0,0,,False,0,True,True
00801199,12,12,12,12,6,6,6,6,1.0,1.0,30,30,1.0,36,36,1.0,False,0,True,True
00801203,12,12,12,12,6,6,6,6,1.0,1.0,30,30,1.0,36,36,1.0,False,0,True,True
00801283,4,4,4,4,2,2,2,2,1.0,1.0,2,2,1.0,4,4,1.0,False,0,True,True
00801288,4,4,4,4,2,2,2,2,1.0,1.0,2,2,1.0,4,4,1.0,False,0,True,True
00801732,9,9,9,9,2,1,3,1,1.5,1.0,1,7,0.14285714285714285,7,11,0.6363636363636364,False,0,True,True
00802222,2,2,2,2,0,2,0,2,,1.0,1,1,1.0,0,0,,False,0,True,True
00802337,3,3,3,3,1,0,1,0,1.0,,0,0,,0,0,,False,0,True,True
00802387,0,0,0,0,0,0,0,0,,,0,0,,0,0,,False,0,True,True
00802463,0,0,0,0,0,0,0,0,,,0,0,,0,0,,False,0,True,True
00802730,4,4,4,4,2,2,2,2,1.0,1.0,2,2,1.0,4,4,1.0,False,0,True,True
00803446,8,8,8,8,4,4,4,4,1.0,1.0,12,12,1.0,16,16,1.0,False,0,True,True
00803465,0,0,0,0,0,0,0,0,,,0,0,,0,0,,False,0,True,True
00803474,13,13,13,13,6,6,4,7,0.6666666666666666,1.1666666666666667,8,14,0.5714285714285714,14,20,0.7,False,0,True,True
00803811,12,12,12,12,6,6,6,6,1.0,1.0,14,14,1.0,20,20,1.0,False,0,True,True
00804163,16,16,16,16,0,0,0,1,,,3,4,0.75,7,8,0.875,False,0,True,True
00804269,16,17,16,17,6,6,3,6,0.5,1.0,2,2,1.0,4,4,1.0,False,1,True,True
00804270,26,26,26,26,8,6,6,7,0.75,1.1666666666666667,1,18,0.05555555555555555,16,24,0.6666666666666666,False,0,True,True
00804671,16,16,16,16,6,10,6,9,1.0,0.9,15,20,0.75,20,20,1.0,False,0,True,True
00805070,7,7,7,7,5,2,5,2,1.0,1.0,4,4,1.0,6,6,1.0,False,0,True,True
00805416,18,21,18,21,4,6,4,7,1.0,1.1666666666666667,0,0,,0,0,,True,2,True,True
00805599,5,5,5,5,2,3,2,3,1.0,1.0,2,2,1.0,4,4,1.0,False,0,True,True
00805764,0,0,0,0,0,0,0,0,,,0,0,,0,0,,False,0,True,True
00806104,0,0,0,0,0,0,0,0,,,0,0,,0,0,,False,0,True,True
00806167,0,0,0,0,0,0,0,0,,,0,0,,0,0,,False,0,True,True
00806168,4,4,4,4,2,2,2,2,1.0,1.0,2,2,1.0,4,4,1.0,False,0,True,True
00806446,0,0,0,0,0,0,0,0,,,0,0,,0,0,,False,0,True,True
00806571,4,4,4,4,2,2,2,2,1.0,1.0,0,0,,2,2,1.0,False,0,True,True
00806587,0,0,0,0,0,0,0,0,,,0,0,,0,0,,False,0,True,True
00806900,0,0,0,0,0,0,0,0,,,0,0,,0,0,,False,0,True,True
00806948,4,4,4,4,2,2,2,2,1.0,1.0,2,2,1.0,4,4,1.0,False,0,True,True
00806966,4,5,4,5,0,3,1,3,,1.0,1,1,1.0,0,0,,False,1,True,True
00807373,10,10,10,10,10,0,10,0,1.0,,5,5,1.0,0,0,,False,0,True,True
00807430,0,0,0,0,0,0,0,0,,,0,0,,0,0,,False,0,True,True
00807434,4,4,4,4,2,2,2,2,1.0,1.0,2,2,1.0,4,4,1.0,False,0,True,True
00807471,0,0,0,0,0,0,0,0,,,0,0,,0,0,,False,0,True,True
00807637,8,8,8,8,4,4,4,4,1.0,1.0,4,4,1.0,8,8,1.0,False,0,True,True
00808097,4,4,4,4,2,2,2,2,1.0,1.0,2,2,1.0,4,4,1.0,False,0,True,True
00808103,4,4,4,4,2,2,2,2,1.0,1.0,2,2,1.0,4,4,1.0,False,0,True,True
00808106,4,4,4,4,2,2,2,2,1.0,1.0,2,2,1.0,4,4,1.0,False,0,True,True
00808119,3,3,3,3,1,1,1,1,1.0,1.0,0,0,,1,1,1.0,False,0,True,True
00808288,8,8,8,8,4,4,4,4,1.0,1.0,4,4,1.0,8,8,1.0,False,0,True,True
00808331,0,0,0,0,0,0,0,0,,,0,0,,0,0,,False,0,True,True
00808400,4,4,4,4,2,2,2,2,1.0,1.0,2,2,1.0,4,4,1.0,False,0,True,True
00808604,2,2,2,2,2,0,2,0,1.0,,1,1,1.0,0,0,,False,0,True,True
00808647,0,0,0,0,0,0,0,0,,,0,0,,0,0,,False,0,True,True
00808653,6,6,6,6,3,3,3,3,1.0,1.0,6,6,1.0,9,9,1.0,False,0,True,True
00808667,8,8,8,8,4,4,4,4,1.0,1.0,12,12,1.0,16,16,1.0,False,0,True,True
00808690,4,4,4,4,2,2,2,2,1.0,1.0,2,2,1.0,4,4,1.0,False,0,True,True
00808817,4,4,4,4,2,2,2,2,1.0,1.0,2,2,1.0,4,4,1.0,False,0,True,True
00809189,4,4,4,4,2,2,2,2,1.0,1.0,2,2,1.0,4,4,1.0,False,0,True,True
00809202,8,8,8,8,4,4,4,4,1.0,1.0,4,4,1.0,8,8,1.0,False,0,True,True
00809229,4,4,4,4,2,2,2,2,1.0,1.0,2,2,1.0,4,4,1.0,False,0,True,True
00809525,9,9,9,9,3,0,2,3,0.6666666666666666,,0,0,,0,0,,False,0,True,True
00809563,4,4,4,4,2,2,2,2,1.0,1.0,2,2,1.0,4,4,1.0,False,0,True,True
00809579,4,4,4,4,2,2,2,2,1.0,1.0,2,2,1.0,4,4,1.0,False,0,True,True
00809589,0,0,0,0,0,0,0,0,,,0,0,,0,0,,False,0,True,True
00809812,28,28,28,28,14,14,12,14,0.8571428571428571,1.0,33,38,0.868421052631579,44,52,0.8461538461538461,False,0,True,True
00809846,0,0,0,0,0,0,0,0,,,0,0,,0,0,,False,0,True,True
00809870,0,0,0,0,0,0,0,0,,,0,0,,0,0,,False,0,True,True
00810172,8,8,8,8,4,4,4,4,1.0,1.0,4,4,1.0,8,8,1.0,False,0,True,True
00810270,0,1,0,0,0,0,0,0,,,0,0,,0,0,,False,1,True,True
00810682,16,16,16,16,8,8,8,8,1.0,1.0,8,8,1.0,16,16,1.0,False,0,True,True
00810797,0,0,0,0,0,0,0,0,,,0,0,,0,0,,False,0,True,True
00810984,0,0,0,0,0,0,0,0,,,0,0,,0,0,,False,0,True,True
00811202,4,4,4,4,2,2,2,2,1.0,1.0,2,2,1.0,4,4,1.0,False,0,True,True
00811277,7,7,7,7,4,3,4,3,1.0,1.0,9,9,1.0,12,12,1.0,False,0,True,True
00811283,8,8,8,8,4,4,4,4,1.0,1.0,12,12,1.0,16,16,1.0,False,0,True,True
00811641,12,12,12,12,6,6,6,6,1.0,1.0,14,14,1.0,20,20,1.0,False,0,True,True
00811664,8,8,8,8,4,4,4,4,1.0,1.0,12,12,1.0,16,16,1.0,False,0,True,True
00811724,6,6,6,6,3,3,3,3,1.0,1.0,6,6,1.0,9,9,1.0,False,0,True,True
00812011,36,37,36,37,16,20,16,14,1.0,0.7,9,18,0.5,18,24,0.75,True,1,True,True
00812319,2,2,2,2,0,0,0,0,,,0,0,,0,0,,False,0,True,True
00812381,4,4,4,4,2,2,2,2,1.0,1.0,2,2,1.0,4,4,1.0,False,0,True,True
00812387,4,4,4,4,2,2,2,2,1.0,1.0,2,2,1.0,4,4,1.0,False,0,True,True
00812431,6,6,6,6,0,2,0,2,,1.0,1,1,1.0,0,0,,False,0,True,True
00812454,8,8,8,8,4,4,4,4,1.0,1.0,4,4,1.0,8,8,1.0,False,0,True,True
00812559,4,4,4,4,2,2,2,2,1.0,1.0,2,2,1.0,4,4,1.0,False,0,True,True
00812595,0,0,0,0,0,0,0,0,,,0,0,,0,0,,False,0,True,True
00812745,4,4,4,4,2,2,2,2,1.0,1.0,2,2,1.0,4,4,1.0,False,0,True,True
00813392,11,11,11,11,4,4,4,4,1.0,1.0,2,2,1.0,6,6,1.0,False,0,True,True
00813653,0,0,0,0,0,0,0,0,,,0,0,,0,0,,False,0,True,True
00813692,4,4,4,4,2,2,2,2,1.0,1.0,2,2,1.0,4,4,1.0,False,0,True,True
00813716,4,4,4,4,2,1,2,2,1.0,2.0,1,1,1.0,2,2,1.0,False,0,True,True
00813810,0,0,0,0,0,0,0,0,,,0,0,,0,0,,False,0,True,True
00813814,0,0,0,0,0,0,0,0,,,0,0,,0,0,,False,0,True,True
00814033,18,21,18,21,1,2,4,12,4.0,6.0,0,0,,0,0,,False,3,True,True
00814064,0,0,0,0,0,0,0,0,,,0,0,,0,0,,False,0,True,True
00814115,6,6,6,6,0,0,0,0,,,0,3,0.0,0,0,,False,0,True,True
00814212,4,4,4,4,2,2,2,2,1.0,1.0,2,2,1.0,4,4,1.0,False,0,True,True
00814267,4,4,4,4,0,2,0,2,,1.0,2,2,1.0,0,0,,False,0,True,True
00814573,8,8,8,8,4,4,4,4,1.0,1.0,4,4,1.0,8,8,1.0,False,0,True,True
00814669,7,7,7,7,3,3,3,4,1.0,1.3333333333333333,6,6,1.0,9,9,1.0,False,0,True,True
00814751,4,4,4,4,2,2,2,2,1.0,1.0,2,2,1.0,4,4,1.0,False,0,True,True
00814792,0,0,0,0,0,0,0,0,,,0,0,,0,0,,False,0,True,True
00815009,6,6,6,6,2,0,2,0,1.0,,3,3,1.0,0,0,,False,0,True,True
00815181,8,8,8,8,4,4,4,4,1.0,1.0,4,4,1.0,8,8,1.0,False,0,True,True
00815205,4,4,4,4,2,2,2,2,1.0,1.0,2,2,1.0,4,4,1.0,False,0,True,True
00815258,0,0,0,0,0,0,0,0,,,0,0,,0,0,,False,0,True,True
00815309,13,12,13,12,7,6,5,5,0.7142857142857143,0.8333333333333334,0,0,,0,0,,False,3,True,True
00815400,8,8,8,8,4,3,4,3,1.0,1.0,3,3,1.0,6,6,1.0,False,0,True,True
00815474,10,10,10,9,6,2,3,4,0.5,2.0,6,16,0.375,11,12,0.9166666666666666,False,0,True,True
00815836,4,4,4,4,2,2,2,2,1.0,1.0,2,2,1.0,4,4,1.0,False,0,True,True
00815930,6,6,6,6,3,1,3,2,1.0,2.0,3,3,1.0,3,3,1.0,False,0,True,True
00815935,12,12,12,12,6,6,6,6,1.0,1.0,12,12,1.0,18,18,1.0,False,0,True,True
00815939,0,0,0,0,0,0,0,0,,,0,0,,0,0,,False,0,True,True
00815969,8,8,8,8,4,4,4,4,1.0,1.0,12,12,1.0,16,16,1.0,False,0,True,True
00816106,4,4,4,4,2,2,2,2,1.0,1.0,2,2,1.0,4,4,1.0,False,0,True,True
00816234,36,41,36,41,18,18,17,19,0.9444444444444444,1.0555555555555556,14,14,1.0,20,20,1.0,True,4,True,True
00816522,0,0,0,0,0,0,0,0,,,0,0,,0,0,,False,0,True,True
00816669,4,4,4,4,2,2,2,2,1.0,1.0,2,2,1.0,4,4,1.0,False,0,True,True
00816709,4,4,4,4,2,2,2,2,1.0,1.0,2,2,1.0,4,4,1.0,False,0,True,True
00817047,8,8,8,8,4,4,4,4,1.0,1.0,4,4,1.0,8,8,1.0,False,0,True,True
00817324,4,4,4,4,2,2,2,2,1.0,1.0,2,2,1.0,4,4,1.0,False,0,True,True
00817386,0,0,0,0,0,0,0,0,,,0,0,,0,0,,False,0,True,True
00817877,4,4,4,4,2,2,2,2,1.0,1.0,2,2,1.0,4,4,1.0,False,0,True,True
00817888,4,4,4,4,2,1,2,1,1.0,1.0,1,1,1.0,2,2,1.0,False,0,True,True
00817988,4,4,4,4,2,2,2,2,1.0,1.0,2,2,1.0,4,4,1.0,False,0,True,True
00818203,7,7,7,7,4,3,4,3,1.0,1.0,9,9,1.0,12,12,1.0,False,0,True,True
00818575,4,4,4,4,2,2,2,2,1.0,1.0,2,2,1.0,4,4,1.0,False,0,True,True
00818688,0,0,0,0,0,0,0,0,,,0,0,,0,0,,False,0,True,True
00818813,10,12,10,12,8,2,6,4,0.75,2.0,0,1,0.0,1,2,0.5,False,2,True,True
00818947,4,4,4,4,2,2,2,2,1.0,1.0,2,2,1.0,4,4,1.0,False,0,True,True
00819017,0,0,0,0,0,0,0,0,,,0,0,,0,0,,False,0,True,True
00819348,4,4,4,4,2,2,2,2,1.0,1.0,2,2,1.0,4,4,1.0,False,0,True,True
00819358,0,0,0,0,0,0,0,0,,,0,0,,0,0,,False,0,True,True
00819437,4,4,4,4,2,2,2,2,1.0,1.0,2,2,1.0,4,4,1.0,False,0,True,True
00819594,16,16,16,16,8,8,8,8,1.0,1.0,24,24,1.0,32,32,1.0,False,0,True,True
00819639,4,4,4,4,0,4,0,4,,1.0,2,2,1.0,0,0,,False,0,True,True
00819758,4,4,4,4,2,0,2,0,1.0,,1,1,1.0,0,0,,False,0,True,True
00819971,13,13,13,13,5,7,5,7,1.0,1.0,4,4,1.0,9,9,1.0,False,0,True,True
00820033,0,0,0,0,0,0,0,0,,,0,0,,0,0,,False,0,True,True
00820578,4,4,4,4,2,2,2,2,1.0,1.0,2,2,1.0,4,4,1.0,False,0,True,True
00820710,0,0,0,0,0,0,0,0,,,0,0,,0,0,,False,0,True,True
00820718,0,0,0,0,0,0,0,0,,,0,0,,0,0,,False,0,True,True
00820902,16,16,16,16,8,8,7,8,0.875,1.0,13,16,0.8125,20,24,0.8333333333333334,False,0,True,True
00820906,0,0,0,0,0,0,0,0,,,0,0,,0,0,,False,0,True,True
00821079,0,0,0,0,0,0,0,0,,,0,0,,0,0,,False,0,True,True
00821139,0,0,0,0,0,0,0,0,,,0,0,,0,0,,False,0,True,True
00821310,0,0,0,0,0,0,0,0,,,0,0,,0,0,,False,0,True,True
00821433,3,2,3,0,0,0,0,0,,,0,0,,0,0,,False,2,True,True
00821522,0,0,0,0,0,0,0,0,,,0,0,,0,0,,False,0,True,True
00821604,8,8,8,8,4,4,4,4,1.0,1.0,12,12,1.0,16,16,1.0,False,0,True,True
00821669,0,0,0,0,0,0,0,0,,,0,0,,0,0,,False,0,True,True
00821670,6,6,6,6,3,3,3,3,1.0,1.0,6,6,1.0,9,9,1.0,False,0,True,True
00821689,0,0,0,0,0,0,0,0,,,0,0,,0,0,,False,0,True,True
00822018,12,13,12,10,8,4,3,2,0.375,0.5,0,0,,0,2,0.0,False,3,True,True
00822468,6,6,6,6,0,0,0,0,,,1,3,0.3333333333333333,0,0,,False,0,True,True
00822596,13,13,13,13,5,5,5,6,1.0,1.2,3,4,0.75,6,8,0.75,False,0,True,True
00822965,4,4,4,4,2,2,2,2,1.0,1.0,2,2,1.0,4,4,1.0,False,0,True,True
00823035,2,2,2,2,0,2,0,2,,1.0,1,1,1.0,0,0,,False,0,True,True
00823150,12,12,12,12,6,6,6,6,1.0,1.0,6,6,1.0,12,12,1.0,False,0,True,True
00823462,4,4,4,4,2,2,2,2,1.0,1.0,2,2,1.0,4,4,1.0,False,0,True,True
00823562,28,0,28,30,14,14,0,0,0.0,0.0,0,0,,0,0,,False,0,True,False
00823786,24,24,24,24,12,12,12,12,1.0,1.0,12,12,1.0,24,24,1.0,False,0,True,True
00823787,8,8,8,8,4,4,4,4,1.0,1.0,4,4,1.0,8,8,1.0,False,0,True,True
00824043,0,0,0,0,0,0,0,0,,,0,0,,0,0,,False,0,True,True
00824187,4,4,4,4,2,2,2,2,1.0,1.0,2,2,1.0,4,4,1.0,False,0,True,True
00824204,0,0,0,0,0,0,0,0,,,0,0,,0,0,,False,0,True,True
00824252,4,4,4,4,2,2,2,2,1.0,1.0,2,2,1.0,4,4,1.0,False,0,True,True
00824274,3,3,3,3,1,2,1,2,1.0,1.0,1,1,1.0,2,2,1.0,False,0,True,True
00824387,15,11,15,11,7,4,4,2,0.5714285714285714,0.5,0,0,,0,0,,False,1,True,True
00824556,22,22,22,22,10,10,8,8,0.8,0.8,21,40,0.525,33,50,0.66,False,0,True,True
00824617,0,0,0,0,0,0,0,0,,,0,0,,0,0,,False,0,True,True
00824669,6,6,6,6,3,3,3,3,1.0,1.0,6,6,1.0,9,9,1.0,False,0,True,True
00824704,0,0,0,0,0,0,0,0,,,0,0,,0,0,,False,0,True,True
00824724,0,0,0,0,0,0,0,0,,,0,0,,0,0,,False,0,True,True
00824803,4,4,4,4,2,2,2,2,1.0,1.0,2,2,1.0,4,4,1.0,False,0,True,True
00824838,0,0,0,0,0,0,0,0,,,0,0,,0,0,,False,0,True,True
00824840,4,4,4,4,2,2,2,2,1.0,1.0,2,2,1.0,4,4,1.0,False,0,True,True
00824881,0,0,0,0,0,0,0,0,,,0,0,,0,0,,False,0,True,True
00824990,0,0,0,0,0,0,0,0,,,0,0,,0,0,,False,0,True,True
00825107,0,0,0,0,0,0,0,0,,,0,0,,0,0,,False,0,True,True
00825129,4,4,4,4,2,2,2,2,1.0,1.0,2,2,1.0,4,4,1.0,False,0,True,True
00825133,4,4,4,4,2,2,2,2,1.0,1.0,2,2,1.0,4,4,1.0,False,0,True,True
00825165,6,7,6,7,6,0,3,0,0.5,,0,0,,0,0,,False,1,True,True
00825174,4,4,4,4,2,0,2,0,1.0,,1,1,1.0,0,0,,False,0,True,True
00825201,12,12,12,12,5,6,5,6,1.0,1.0,6,6,1.0,11,11,1.0,False,0,True,True
00825300,0,0,0,0,0,0,0,0,,,0,0,,0,0,,False,0,True,True
00825338,0,0,0,0,0,0,0,0,,,0,0,,0,0,,False,0,True,True
00825438,0,0,0,0,0,0,0,0,,,0,0,,0,0,,False,0,True,True
00825507,5,5,5,5,1,0,2,0,2.0,,0,2,0.0,0,0,,False,0,True,True
00825647,4,4,4,4,2,2,2,2,1.0,1.0,2,2,1.0,4,4,1.0,False,0,True,True
00825768,0,0,0,0,0,0,0,0,,,0,0,,0,0,,False,0,True,True
00825886,17,17,17,17,8,8,8,8,1.0,1.0,16,16,1.0,24,24,1.0,False,0,True,True
00825988,5,5,5,5,2,3,2,3,1.0,1.0,4,4,1.0,6,6,1.0,False,0,True,True
00826132,16,19,16,19,8,8,10,5,1.25,0.625,1,2,0.5,2,4,0.5,False,3,True,True
00826157,4,4,4,4,2,2,2,2,1.0,1.0,2,2,1.0,4,4,1.0,False,0,True,True
00826180,16,16,16,16,8,8,6,6,0.75,0.75,7,16,0.4375,22,24,0.9166666666666666,False,0,True,True
00826322,4,4,4,4,2,2,2,2,1.0,1.0,2,2,1.0,4,4,1.0,False,0,True,True
00826343,12,12,12,12,6,6,6,6,1.0,1.0,30,30,1.0,36,36,1.0,False,0,True,True
00826344,8,8,8,8,4,4,4,4,1.0,1.0,12,12,1.0,16,16,1.0,False,0,True,True
00826476,30,30,30,30,14,14,15,14,1.0714285714285714,1.0,11,14,0.7857142857142857,25,28,0.8928571428571429,False,0,True,True
00827066,3,3,3,3,3,0,3,0,1.0,,1,1,1.0,0,0,,False,0,True,True
00827073,8,8,8,8,4,4,4,4,1.0,1.0,12,12,1.0,16,16,1.0,False,0,True,True
00827263,4,4,4,4,2,2,2,2,1.0,1.0,2,2,1.0,4,4,1.0,False,0,True,True
00827283,8,11,8,10,6,0,0,2,0.0,,0,6,0.0,0,0,,False,1,True,True
00827408,0,0,0,0,0,0,0,0,,,0,0,,0,0,,False,0,True,True
00827476,16,16,16,16,8,8,8,8,1.0,1.0,8,8,1.0,16,16,1.0,False,0,True,True
00827516,4,4,4,4,0,2,0,2,,1.0,1,2,0.5,0,0,,False,0,True,True
00827834,24,24,24,24,12,12,11,12,0.9166666666666666,1.0,11,12,0.9166666666666666,22,24,0.9166666666666666,False,0,True,True
00827871,12,13,12,13,6,6,5,6,0.8333333333333334,1.0,3,4,0.75,6,8,0.75,False,1,True,True
00827941,0,0,0,0,0,0,0,0,,,0,0,,0,0,,False,0,True,True
00827969,4,4,4,4,2,2,2,2,1.0,1.0,2,2,1.0,4,4,1.0,False,0,True,True
00828031,0,0,0,0,0,0,0,0,,,0,0,,0,0,,False,0,True,True
00828040,28,28,28,28,12,12,12,12,1.0,1.0,8,8,1.0,19,20,0.95,False,0,True,True
00828066,8,8,8,8,4,4,4,4,1.0,1.0,4,4,1.0,8,8,1.0,False,0,True,True
00828253,24,24,24,24,12,12,12,12,1.0,1.0,20,20,1.0,32,32,1.0,False,0,True,True
00828704,4,4,4,4,2,2,2,2,1.0,1.0,2,2,1.0,4,4,1.0,False,0,True,True
00828739,4,4,4,4,2,2,2,2,1.0,1.0,2,2,1.0,4,4,1.0,False,0,True,True
00828865,4,4,4,4,2,2,2,2,1.0,1.0,2,2,1.0,4,4,1.0,False,0,True,True
00828903,44,44,44,44,30,14,26,14,0.8666666666666667,1.0,68,102,0.6666666666666666,60,60,1.0,False,0,True,True
00828922,12,12,12,12,6,6,6,6,1.0,1.0,6,6,1.0,12,12,1.0,False,0,True,True
00828935,4,4,4,4,2,2,2,2,1.0,1.0,2,2,1.0,4,4,1.0,False,0,True,True
00828991,0,0,0,0,0,0,0,0,,,0,0,,0,0,,False,0,True,True
00829004,0,0,0,0,0,0,0,0,,,0,0,,0,0,,False,0,True,True
00829027,12,12,12,12,12,0,12,0,1.0,,6,6,1.0,0,0,,False,0,True,True
00829045,21,21,21,21,7,7,7,7,1.0,1.0,0,0,,4,4,1.0,False,0,True,True
00829064,0,0,0,0,0,0,0,0,,,0,0,,0,0,,False,0,True,True
00829133,10,10,10,10,8,2,8,2,1.0,1.0,9,9,1.0,8,8,1.0,False,0,True,True
00829167,8,8,8,8,4,4,4,4,1.0,1.0,12,12,1.0,16,16,1.0,False,0,True,True
00829226,4,4,4,4,2,2,2,2,1.0,1.0,2,2,1.0,4,4,1.0,False,0,True,True
00829367,0,0,0,0,0,0,0,0,,,0,0,,0,0,,False,0,True,True
00829411,0,0,0,0,0,0,0,0,,,0,0,,0,0,,False,0,True,True
00829522,3,3,3,3,1,1,1,1,1.0,1.0,0,0,,1,1,1.0,False,0,True,True
00829777,0,0,0,0,0,0,0,0,,,0,0,,0,0,,False,0,True,True
00829779,0,0,0,0,0,0,0,0,,,0,0,,0,0,,False,0,True,True
00830471,4,4,4,4,2,2,2,2,1.0,1.0,2,2,1.0,4,4,1.0,False,0,True,True
00830587,4,4,4,4,2,2,2,2,1.0,1.0,2,2,1.0,4,4,1.0,False,0,True,True
00830660,4,4,4,4,2,2,2,2,1.0,1.0,2,2,1.0,4,4,1.0,False,0,True,True
00830985,0,0,0,0,0,0,0,0,,,0,0,,0,0,,False,0,True,True
00831052,0,0,0,0,0,0,0,0,,,0,0,,0,0,,False,0,True,True
00831179,0,0,0,0,0,0,0,0,,,0,0,,0,0,,False,0,True,True
00831258,12,12,12,12,6,6,6,6,1.0,1.0,14,14,1.0,20,20,1.0,False,0,True,True
00831489,6,6,6,6,3,3,3,3,1.0,1.0,6,6,1.0,9,9,1.0,False,0,True,True
00831651,2,2,2,2,2,0,2,0,1.0,,1,1,1.0,0,0,,False,0,True,True
00831864,0,0,0,0,0,0,0,0,,,0,0,,0,0,,False,0,True,True
00831914,0,0,0,0,0,0,0,0,,,0,0,,0,0,,False,0,True,True
00832036,14,14,14,14,6,8,6,8,1.0,1.0,6,6,1.0,12,12,1.0,False,0,True,True
00832129,0,0,0,0,0,0,0,0,,,0,0,,0,0,,False,0,True,True
00832249,12,12,12,12,6,6,6,6,1.0,1.0,14,14,1.0,20,20,1.0,False,0,True,True
00832288,4,4,4,4,2,2,2,2,1.0,1.0,2,2,1.0,4,4,1.0,False,0,True,True
00832324,8,8,8,8,4,4,4,4,1.0,1.0,4,4,1.0,8,8,1.0,False,0,True,True
00832560,0,0,0,0,0,0,0,0,,,0,0,,0,0,,False,0,True,True
00832853,4,4,4,4,2,2,2,2,1.0,1.0,2,2,1.0,4,4,1.0,False,0,True,True
00833002,0,0,0,0,0,0,0,0,,,0,0,,0,0,,False,0,True,True
00833317,8,8,8,8,4,4,4,4,1.0,1.0,4,4,1.0,8,8,1.0,False,0,True,True
00833583,0,0,0,0,0,0,0,0,,,0,0,,0,0,,False,0,True,True
00833598,8,8,8,8,4,4,4,4,1.0,1.0,4,4,1.0,8,8,1.0,False,0,True,True
00833602,8,8,8,8,3,2,2,2,0.6666666666666666,1.0,0,4,0.0,4,7,0.5714285714285714,True,0,True,True
00833866,12,12,12,12,8,4,8,4,1.0,1.0,34,34,1.0,32,32,1.0,False,0,True,True
00834032,4,4,4,4,2,2,2,2,1.0,1.0,2,2,1.0,4,4,1.0,False,0,True,True
00834396,24,24,24,24,10,10,8,10,0.8,1.0,6,6,1.0,14,16,0.875,False,0,True,True
00834440,13,13,13,13,6,6,5,5,0.8333333333333334,0.8333333333333334,4,8,0.5,9,14,0.6428571428571429,False,0,True,True
00834544,13,13,13,13,5,6,6,7,1.2,1.1666666666666667,5,5,1.0,10,10,1.0,False,0,True,True
00834586,4,4,4,4,2,2,2,2,1.0,1.0,2,2,1.0,4,4,1.0,False,0,True,True
00834621,8,9,8,6,4,1,3,1,0.75,1.0,0,0,,0,0,,False,1,True,True
00834904,4,4,4,4,2,2,2,2,1.0,1.0,2,2,1.0,4,4,1.0,False,0,True,True
00834939,4,4,4,4,2,2,2,2,1.0,1.0,2,2,1.0,4,4,1.0,False,0,True,True
00835023,4,4,4,4,2,2,2,2,1.0,1.0,2,2,1.0,4,4,1.0,False,0,True,True
00835026,12,12,12,12,6,6,6,6,1.0,1.0,6,6,1.0,12,12,1.0,False,0,True,True
00835133,0,0,0,0,0,0,0,0,,,0,0,,0,0,,False,0,True,True
00835429,4,4,4,4,1,2,1,2,1.0,1.0,1,1,1.0,2,2,1.0,False,0,True,True
00835497,0,0,0,0,0,0,0,0,,,0,0,,0,0,,False,0,True,True
00835664,4,4,4,4,2,2,2,2,1.0,1.0,2,2,1.0,4,4,1.0,False,0,True,True
00835728,4,4,4,4,2,2,2,2,1.0,1.0,2,2,1.0,4,4,1.0,False,0,True,True
00835783,9,9,9,9,3,4,5,4,1.6666666666666667,1.0,9,9,1.0,12,12,1.0,False,0,True,True
00835792,15,17,15,17,8,4,6,5,0.75,1.25,1,2,0.5,2,4,0.5,False,1,True,True
00835854,2,2,2,2,0,2,0,2,,1.0,1,1,1.0,0,0,,False,0,True,True
00835882,4,4,4,4,2,2,2,2,1.0,1.0,2,2,1.0,4,4,1.0,False,0,True,True
00835911,0,0,0,0,0,0,0,0,,,0,0,,0,0,,False,0,True,True
00836091,20,20,20,20,10,10,8,8,0.8,0.8,25,40,0.625,42,50,0.84,False,0,True,True
00836097,12,12,12,12,6,0,5,4,0.8333333333333334,,10,16,0.625,0,0,,False,0,True,True
00836263,11,9,11,9,5,4,4,5,0.8,1.25,4,4,1.0,8,8,1.0,False,1,True,True
00836452,0,0,0,0,0,0,0,0,,,0,0,,0,0,,False,0,True,True
00836730,8,8,8,8,4,4,4,4,1.0,1.0,12,12,1.0,16,16,1.0,False,0,True,True
00836861,4,4,4,4,2,2,2,2,1.0,1.0,2,2,1.0,4,4,1.0,False,0,True,True
00836875,6,6,6,6,2,0,2,0,1.0,,3,3,1.0,0,0,,False,0,True,True
00836888,0,0,0,0,0,0,0,0,,,0,0,,0,0,,False,0,True,True
00836896,8,8,8,8,2,6,2,6,1.0,1.0,16,16,1.0,12,12,1.0,False,0,True,True
00836983,30,32,30,32,13,9,11,11,0.8461538461538461,1.2222222222222223,2,2,1.0,4,4,1.0,False,2,True,True
00837287,4,4,4,4,2,0,2,0,1.0,,2,2,1.0,0,0,,False,0,True,True
00837665,16,16,16,16,8,8,6,6,0.75,0.75,13,24,0.5416666666666666,18,32,0.5625,False,0,True,True
00837724,16,20,16,20,10,6,10,8,1.0,1.3333333333333333,1,1,1.0,2,2,1.0,False,4,True,True
00837823,8,8,8,8,4,4,4,4,1.0,1.0,4,4,1.0,8,8,1.0,False,0,True,True
00837850,20,20,20,20,10,10,10,10,1.0,1.0,26,26,1.0,36,36,1.0,False,0,True,True
00837883,4,4,4,4,2,2,2,2,1.0,1.0,2,2,1.0,4,4,1.0,False,0,True,True
00837919,0,0,0,0,0,0,0,0,,,0,0,,0,0,,False,0,True,True
00838098,4,4,4,4,2,2,2,2,1.0,1.0,2,2,1.0,4,4,1.0,False,0,True,True
00838424,4,4,4,4,2,2,2,2,1.0,1.0,2,2,1.0,4,4,1.0,False,0,True,True
00838581,7,8,7,8,3,4,2,5,0.6666666666666666,1.25,0,0,,0,0,,False,1,True,True
00839103,8,8,8,8,2,2,2,2,1.0,1.0,3,3,1.0,17,17,1.0,False,0,True,True
00839167,4,4,4,4,2,2,2,2,1.0,1.0,2,2,1.0,4,4,1.0,False,0,True,True
00839384,4,4,4,4,2,2,2,2,1.0,1.0,2,2,1.0,4,4,1.0,False,0,True,True
00839500,13,13,13,13,2,1,3,3,1.5,3.0,0,2,0.0,0,2,0.0,False,0,True,True
00839687,3,3,3,3,2,1,2,1,1.0,1.0,1,1,1.0,2,2,1.0,False,0,True,True
00839829,0,0,0,0,0,0,0,0,,,0,0,,0,0,,False,0,True,True
00839921,20,23,20,23,10,10,8,4,0.8,0.4,2,2,1.0,6,9,0.6666666666666666,False,3,True,True
00840035,8,8,8,8,4,4,4,4,1.0,1.0,4,4,1.0,8,8,1.0,False,0,True,True
00840095,0,0,0,0,0,0,0,0,,,0,0,,0,0,,False,0,True,True
00840100,6,6,6,6,2,2,2,2,1.0,1.0,0,2,0.0,4,5,0.8,False,0,True,True
00840120,12,12,12,12,6,6,6,6,1.0,1.0,30,30,1.0,36,36,1.0,False,0,True,True
00840216,4,4,4,4,2,2,2,2,1.0,1.0,2,2,1.0,4,4,1.0,False,0,True,True
00840791,0,0,0,0,0,0,0,0,,,0,0,,0,0,,False,0,True,True
00840809,0,0,0,0,0,0,0,0,,,0,0,,0,0,,False,0,True,True
00840836,4,4,4,4,2,1,2,2,1.0,2.0,1,1,1.0,2,2,1.0,False,0,True,True
00841007,0,0,0,0,0,0,0,0,,,0,0,,0,0,,False,0,True,True
00841074,4,4,4,4,2,2,2,2,1.0,1.0,2,2,1.0,4,4,1.0,False,0,True,True
00841267,18,18,18,18,2,1,3,2,1.5,2.0,0,4,0.0,1,5,0.2,False,0,True,True
00841319,12,12,12,12,6,6,6,6,1.0,1.0,30,30,1.0,36,36,1.0,False,0,True,True
00841342,6,6,6,6,2,0,2,0,1.0,,3,3,1.0,0,0,,False,0,True,True
00841410,4,4,4,4,2,2,2,2,1.0,1.0,2,2,1.0,4,4,1.0,False,0,True,True
00841533,13,13,13,13,6,7,6,7,1.0,1.0,8,8,1.0,14,14,1.0,False,0,True,True
00841535,3,3,3,3,1,1,1,1,1.0,1.0,0,0,,1,1,1.0,False,0,True,True
00841954,8,8,8,8,4,4,4,4,1.0,1.0,12,12,1.0,16,16,1.0,False,0,True,True
00841971,8,8,8,8,4,4,4,4,1.0,1.0,12,12,1.0,16,16,1.0,False,0,True,True
00842314,12,12,12,12,6,6,6,6,1.0,1.0,6,6,1.0,12,12,1.0,False,0,True,True
00842347,5,5,5,5,2,3,2,3,1.0,1.0,4,4,1.0,6,6,1.0,False,0,True,True
00842468,4,4,4,4,2,2,2,2,1.0,1.0,2,2,1.0,4,4,1.0,False,0,True,True
00842499,14,15,14,15,2,2,3,6,1.5,3.0,2,2,1.0,4,4,1.0,False,3,True,True
00842540,30,0,30,34,14,15,0,0,0.0,0.0,0,0,,0,0,,False,0,True,False
00842606,0,0,0,0,0,0,0,0,,,0,0,,0,0,,False,0,True,True
00842618,0,0,0,0,0,0,0,0,,,0,0,,0,0,,False,0,True,True
00842773,0,0,0,0,0,0,0,0,,,0,0,,0,0,,False,0,True,True
00842985,4,4,4,4,2,2,2,2,1.0,1.0,2,2,1.0,4,4,1.0,False,0,True,True
00843110,0,0,0,0,0,0,0,0,,,0,0,,0,0,,False,0,True,True
00843155,0,0,0,0,0,0,0,0,,,0,0,,0,0,,False,0,True,True
00843396,20,20,20,20,10,10,10,10,1.0,1.0,10,10,1.0,20,20,1.0,False,0,True,True
00843501,4,4,4,4,2,2,2,2,1.0,1.0,2,2,1.0,4,4,1.0,False,0,True,True
00843614,6,6,6,6,6,0,5,0,0.8333333333333334,,10,15,0.6666666666666666,0,0,,False,0,True,True
00843710,6,6,6,6,3,3,3,3,1.0,1.0,6,6,1.0,9,9,1.0,False,0,True,True
00843777,3,4,3,4,1,0,1,2,1.0,,0,0,,0,0,,False,1,True,True
00843804,4,4,4,4,2,2,2,2,1.0,1.0,2,2,1.0,4,4,1.0,False,0,True,True
00843806,4,4,4,4,2,2,2,2,1.0,1.0,2,2,1.0,4,4,1.0,False,0,True,True
00843812,0,0,0,0,0,0,0,0,,,0,0,,0,0,,False,0,True,True
00844018,4,4,4,4,2,2,2,2,1.0,1.0,2,2,1.0,4,4,1.0,False,0,True,True
00844239,4,4,4,4,2,2,2,2,1.0,1.0,2,2,1.0,4,4,1.0,False,0,True,True
00844274,24,24,24,24,12,12,12,12,1.0,1.0,36,36,1.0,48,48,1.0,False,0,True,True
00844285,8,8,8,8,4,4,4,4,1.0,1.0,4,4,1.0,8,8,1.0,False,0,True,True
00844574,4,4,4,4,2,2,2,2,1.0,1.0,2,2,1.0,4,4,1.0,False,0,True,True
00844880,8,8,8,8,4,4,4,4,1.0,1.0,4,4,1.0,8,8,1.0,False,0,True,True
00844913,4,4,4,4,2,2,2,2,1.0,1.0,2,2,1.0,4,4,1.0,False,0,True,True
00844967,16,16,16,16,8,8,8,7,1.0,0.875,7,8,0.875,14,16,0.875,False,0,True,True
00844974,6,6,6,6,3,3,3,3,1.0,1.0,6,6,1.0,9,9,1.0,False,0,True,True
00845025,6,5,6,5,2,0,1,0,0.5,,0,0,,0,0,,False,1,True,True
00845141,8,8,8,8,4,4,4,4,1.0,1.0,4,4,1.0,8,8,1.0,False,0,True,True
00845253,8,8,8,8,4,4,4,4,1.0,1.0,12,12,1.0,16,16,1.0,False,0,True,True
00845570,4,4,4,4,2,2,2,2,1.0,1.0,2,2,1.0,4,4,1.0,False,0,True,True
00845576,4,4,4,4,2,2,2,2,1.0,1.0,2,2,1.0,4,4,1.0,False,0,True,True
00845591,4,4,4,4,2,2,2,2,1.0,1.0,2,2,1.0,4,4,1.0,False,0,True,True
00845714,0,0,0,0,0,0,0,0,,,0,0,,0,0,,False,0,True,True
00845920,8,8,8,8,4,4,4,4,1.0,1.0,4,4,1.0,8,8,1.0,False,0,True,True
00846133,8,8,8,8,4,4,4,4,1.0,1.0,12,12,1.0,16,16,1.0,False,0,True,True
00846213,4,4,4,4,2,2,2,2,1.0,1.0,2,2,1.0,4,4,1.0,False,0,True,True
00846293,4,4,4,4,2,2,2,2,1.0,1.0,2,2,1.0,4,4,1.0,False,0,True,True
00846408,24,24,24,24,10,14,10,13,1.0,0.9285714285714286,33,40,0.825,44,44,1.0,False,0,True,True
00846604,4,4,4,4,2,2,2,2,1.0,1.0,2,2,1.0,4,4,1.0,False,0,True,True
00846614,0,0,0,0,0,0,0,0,,,0,0,,0,0,,False,0,True,True
00846670,12,12,12,12,6,6,6,6,1.0,1.0,6,6,1.0,12,12,1.0,False,0,True,True
00846865,6,6,6,6,2,0,2,0,1.0,,3,3,1.0,0,0,,False,0,True,True
00846945,4,4,4,4,2,2,2,2,1.0,1.0,2,2,1.0,4,4,1.0,False,0,True,True
00847353,14,14,14,14,4,6,4,6,1.0,1.0,9,9,1.0,12,12,1.0,False,0,True,True
00847408,20,20,20,20,10,10,10,10,1.0,1.0,18,18,1.0,28,28,1.0,False,0,True,True
00847859,0,0,0,0,0,0,0,0,,,0,0,,0,0,,False,0,True,True
00848046,16,17,16,17,11,5,8,5,0.7272727272727273,1.0,5,15,0.3333333333333333,10,19,0.5263157894736842,False,1,True,True
00848171,12,3,12,11,4,6,1,2,0.25,0.3333333333333333,1,1,1.0,2,2,1.0,True,0,True,True
00848183,0,0,0,0,0,0,0,0,,,0,0,,0,0,,False,0,True,True
00848313,12,12,12,12,6,6,6,6,1.0,1.0,14,14,1.0,20,20,1.0,False,0,True,True
00848345,20,20,20,20,10,10,5,10,0.5,1.0,39,90,0.43333333333333335,59,100,0.59,False,0,True,True
00848371,3,3,3,3,1,0,1,0,1.0,,0,0,,0,0,,False,0,True,True
00848583,4,4,4,4,2,2,2,2,1.0,1.0,2,2,1.0,4,4,1.0,False,0,True,True
00848675,24,24,24,24,12,12,12,12,1.0,1.0,20,20,1.0,32,32,1.0,False,0,True,True
00848714,19,23,19,23,7,6,11,3,1.5714285714285714,0.5,6,7,0.8571428571428571,1,2,0.5,False,2,True,True
00848809,4,4,4,4,2,2,2,2,1.0,1.0,2,2,1.0,4,4,1.0,False,0,True,True
00849018,41,36,41,41,22,19,19,16,0.8636363636363636,0.8421052631578947,23,28,0.8214285714285714,36,36,1.0,True,1,True,True
00849085,0,0,0,0,0,0,0,0,,,0,0,,0,0,,False,0,True,True
00849306,3,3,3,3,1,2,1,2,1.0,1.0,1,1,1.0,2,2,1.0,False,0,True,True
00849552,4,4,4,4,2,2,2,2,1.0,1.0,2,2,1.0,4,4,1.0,False,0,True,True
00849658,4,4,4,4,2,2,2,2,1.0,1.0,2,2,1.0,4,4,1.0,False,0,True,True
00849933,0,0,0,0,0,0,0,0,,,0,0,,0,0,,False,0,True,True
00850079,4,4,4,4,2,2,2,2,1.0,1.0,2,2,1.0,4,4,1.0,False,0,True,True
00850197,3,3,3,3,1,2,1,2,1.0,1.0,1,1,1.0,2,2,1.0,False,0,True,True
00850259,4,4,4,4,2,2,2,2,1.0,1.0,2,2,1.0,4,4,1.0,False,0,True,True
00850623,0,0,0,0,0,0,0,0,,,0,0,,0,0,,False,0,True,True
00850743,0,0,0,0,0,0,0,0,,,0,0,,0,0,,False,0,True,True
00850813,6,6,6,6,2,2,1,1,0.5,0.5,0,2,0.0,11,13,0.8461538461538461,False,0,True,True
00850986,0,0,0,0,0,0,0,0,,,0,0,,0,0,,False,0,True,True
00851131,4,4,4,4,2,2,2,2,1.0,1.0,2,2,1.0,4,4,1.0,False,0,True,True
00851255,16,16,16,16,8,8,8,8,1.0,1.0,24,24,1.0,32,32,1.0,False,0,True,True
00851333,12,12,12,12,6,6,6,6,1.0,1.0,6,6,1.0,12,12,1.0,False,0,True,True
00851435,8,8,8,8,2,3,1,3,0.5,1.0,4,5,0.8,10,13,0.7692307692307693,False,0,True,True
00851442,4,4,4,4,2,0,2,0,1.0,,1,1,1.0,1,1,1.0,False,0,True,True
00851499,4,4,4,4,2,2,2,2,1.0,1.0,2,2,1.0,4,4,1.0,False,0,True,True
00851637,0,0,0,0,0,0,0,0,,,0,0,,0,0,,False,0,True,True
00851739,20,20,20,20,10,10,10,10,1.0,1.0,10,10,1.0,20,20,1.0,False,0,True,True
00851780,0,0,0,0,0,0,0,0,,,0,0,,0,0,,False,0,True,True
00851863,0,0,0,0,0,0,0,0,,,0,0,,0,0,,False,0,True,True
00852119,4,4,4,4,2,2,2,2,1.0,1.0,2,2,1.0,4,4,1.0,False,0,True,True
00852629,4,4,4,4,2,2,2,2,1.0,1.0,2,2,1.0,4,4,1.0,False,0,True,True
00852645,4,4,4,4,2,2,2,2,1.0,1.0,2,2,1.0,4,4,1.0,False,0,True,True
00852680,0,0,0,0,0,0,0,0,,,0,0,,0,0,,False,0,True,True
00852837,4,4,4,4,2,2,2,2,1.0,1.0,2,2,1.0,4,4,1.0,False,0,True,True
00852851,4,4,4,4,2,2,2,2,1.0,1.0,2,2,1.0,4,4,1.0,False,0,True,True
00852892,4,4,4,4,2,2,2,2,1.0,1.0,2,2,1.0,4,4,1.0,False,0,True,True
00853183,8,8,8,8,4,4,4,4,1.0,1.0,4,4,1.0,8,8,1.0,False,0,True,True
00853695,17,17,17,17,1,0,3,1,3.0,,1,4,0.25,0,0,,False,0,True,True
00854050,38,38,38,38,20,18,18,16,0.9,0.8888888888888888,36,47,0.7659574468085106,56,64,0.875,False,0,True,True
00854206,6,6,6,6,3,3,3,3,1.0,1.0,6,6,1.0,9,9,1.0,False,0,True,True
00854213,4,4,4,4,2,2,2,2,1.0,1.0,2,2,1.0,4,4,1.0,False,0,True,True
00854545,4,4,4,4,2,2,2,2,1.0,1.0,2,2,1.0,4,4,1.0,False,0,True,True
00854896,4,4,4,4,2,2,2,2,1.0,1.0,2,2,1.0,4,4,1.0,False,0,True,True
00854907,24,24,24,24,0,8,2,8,,1.0,8,8,1.0,0,0,,False,0,True,True
00854928,1,1,1,1,1,0,1,0,1.0,,0,0,,0,0,,False,0,True,True
00855081,0,0,0,0,0,0,0,0,,,0,0,,0,0,,False,0,True,True
00855226,0,0,0,0,0,0,0,0,,,0,0,,0,0,,False,0,True,True
00855392,4,4,4,4,2,2,2,2,1.0,1.0,2,2,1.0,4,4,1.0,False,0,True,True
00855595,4,4,4,4,2,2,2,2,1.0,1.0,2,2,1.0,4,4,1.0,False,0,True,True
00855634,6,8,6,6,1,1,4,0,4.0,0.0,0,0,,0,0,,False,1,True,True
00855740,4,4,4,4,2,2,2,2,1.0,1.0,2,2,1.0,4,4,1.0,False,0,True,True
00855780,12,12,12,12,6,6,6,6,1.0,1.0,14,14,1.0,20,20,1.0,False,0,True,True
00855804,20,20,20,20,7,7,6,8,0.8571428571428571,1.1428571428571428,12,21,0.5714285714285714,25,27,0.9259259259259259,False,0,True,True
00855847,0,0,0,0,0,0,0,0,,,0,0,,0,0,,False,0,True,True
00855955,0,0,0,0,0,0,0,0,,,0,0,,0,0,,False,0,True,True
00856012,24,24,24,24,12,12,12,12,1.0,1.0,20,20,1.0,32,32,1.0,False,0,True,True
00856061,22,22,22,22,6,12,7,8,1.1666666666666667,0.6666666666666666,7,18,0.3888888888888889,8,12,0.6666666666666666,False,2,True,True
00856171,4,4,4,4,2,2,2,2,1.0,1.0,2,2,1.0,4,4,1.0,False,0,True,True
00856291,4,4,4,4,2,2,2,2,1.0,1.0,2,2,1.0,4,4,1.0,False,0,True,True
00856372,14,14,14,14,6,8,4,6,0.6666666666666666,0.75,21,43,0.4883720930232558,37,48,0.7708333333333334,False,0,True,True
00856380,0,0,0,0,0,0,0,0,,,0,0,,0,0,,False,0,True,True
00856485,3,3,3,3,2,1,2,1,1.0,1.0,1,1,1.0,2,2,1.0,False,0,True,True
00856486,12,12,12,12,6,6,6,6,1.0,1.0,6,6,1.0,12,12,1.0,False,0,True,True
00856678,4,4,4,4,2,2,2,2,1.0,1.0,2,2,1.0,4,4,1.0,False,0,True,True
00856863,0,0,0,0,0,0,0,0,,,0,0,,0,0,,False,0,True,True
00856985,4,4,4,4,2,2,2,2,1.0,1.0,2,2,1.0,4,4,1.0,False,0,True,True
00857066,1,1,1,1,1,0,1,0,1.0,,0,0,,0,0,,False,0,True,True
00857306,4,4,4,4,2,2,2,2,1.0,1.0,2,2,1.0,4,4,1.0,False,0,True,True
00857435,4,4,4,4,2,2,2,2,1.0,1.0,2,2,1.0,4,4,1.0,False,0,True,True
00857688,0,0,0,0,0,0,0,0,,,0,0,,0,0,,False,0,True,True
00857747,8,8,8,8,4,4,4,4,1.0,1.0,12,12,1.0,16,16,1.0,False,0,True,True
00857764,12,12,12,12,6,6,6,6,1.0,1.0,14,14,1.0,20,20,1.0,False,0,True,True
00857767,2,2,2,2,0,0,1,0,,,0,0,,0,0,,False,0,True,True
00858119,4,4,4,4,2,2,2,2,1.0,1.0,2,2,1.0,4,4,1.0,False,0,True,True
00858563,4,4,4,4,2,2,2,2,1.0,1.0,2,2,1.0,4,4,1.0,False,0,True,True
00858752,14,14,14,14,2,3,2,5,1.0,1.6666666666666667,2,2,1.0,4,5,0.8,False,0,True,True
00858762,4,4,4,4,2,2,2,2,1.0,1.0,2,2,1.0,4,4,1.0,False,0,True,True
00858822,2,2,2,2,2,0,2,0,1.0,,1,1,1.0,0,0,,False,0,True,True
00858877,4,4,4,4,2,2,2,2,1.0,1.0,2,2,1.0,4,4,1.0,False,0,True,True
00858948,8,8,8,8,4,4,4,4,1.0,1.0,12,12,1.0,16,16,1.0,False,0,True,True
00859047,12,12,12,12,6,6,6,6,1.0,1.0,12,12,1.0,18,18,1.0,False,0,True,True
00859256,0,0,0,0,0,0,0,0,,,0,0,,0,0,,False,0,True,True
00860224,13,13,13,13,2,5,2,7,1.0,1.4,4,4,1.0,6,6,1.0,False,0,True,True
00860327,0,0,0,0,0,0,0,0,,,0,0,,0,0,,False,0,True,True
00860476,4,4,4,4,2,2,2,2,1.0,1.0,2,2,1.0,4,4,1.0,False,0,True,True
00860637,2,2,2,2,0,0,0,0,,,0,0,,0,1,0.0,False,0,True,True
00860749,14,14,14,14,6,4,6,4,1.0,1.0,5,5,1.0,8,8,1.0,False,0,True,True
00860850,7,7,7,7,5,2,5,2,1.0,1.0,4,4,1.0,6,6,1.0,False,0,True,True
00860878,13,14,13,14,5,8,6,7,1.2,0.875,2,2,1.0,4,4,1.0,False,3,True,True
00860885,6,6,6,6,0,0,2,1,,,0,0,,1,1,1.0,False,0,True,True
00861082,6,6,6,6,3,3,3,3,1.0,1.0,6,6,1.0,9,9,1.0,False,0,True,True
00861118,12,12,12,12,6,6,6,6,1.0,1.0,30,30,1.0,36,36,1.0,False,0,True,True
00861480,2,2,2,2,0,2,0,2,,1.0,1,1,1.0,0,0,,False,0,True,True
00861494,8,8,8,8,4,4,4,4,1.0,1.0,12,12,1.0,16,16,1.0,False,0,True,True
00861508,4,4,4,4,2,2,2,2,1.0,1.0,2,2,1.0,4,4,1.0,False,0,True,True
00861554,14,14,14,14,7,7,7,7,1.0,1.0,10,10,1.0,17,17,1.0,False,0,True,True
00861651,26,26,26,26,13,13,11,13,0.8461538461538461,1.0,13,16,0.8125,24,29,0.8275862068965517,False,0,True,True
00861689,25,25,25,25,10,15,8,15,0.8,1.0,40,46,0.8695652173913043,42,54,0.7777777777777778,False,0,True,True
00861690,25,25,25,25,10,15,10,13,1.0,0.8666666666666667,34,46,0.7391304347826086,44,54,0.8148148148148148,False,0,True,True
00861783,24,25,24,22,8,16,9,7,1.125,0.4375,0,0,,0,0,,True,4,True,True
00861835,8,8,8,8,4,4,4,4,1.0,1.0,12,12,1.0,16,16,1.0,False,0,True,True
00861865,4,4,4,4,2,2,2,2,1.0,1.0,2,2,1.0,4,4,1.0,False,0,True,True
00861882,4,4,4,4,2,2,2,2,1.0,1.0,2,2,1.0,4,4,1.0,False,0,True,True
00861910,1,1,1,1,1,0,0,0,0.0,,0,0,,0,0,,False,0,True,True
00862176,4,4,4,4,2,2,2,2,1.0,1.0,2,2,1.0,4,4,1.0,False,0,True,True
00862299,0,0,0,0,0,0,0,0,,,0,0,,0,0,,False,0,True,True
00862348,4,4,4,4,2,2,2,2,1.0,1.0,2,2,1.0,4,4,1.0,False,0,True,True
00862575,30,0,30,31,16,14,0,0,0.0,0.0,0,0,,0,0,,False,0,True,False
00863170,0,0,0,0,0,0,0,0,,,0,0,,0,0,,False,0,True,True
00863195,8,8,8,8,4,4,4,4,1.0,1.0,4,4,1.0,8,8,1.0,False,0,True,True
00863328,4,4,4,4,2,0,2,0,1.0,,1,1,1.0,0,0,,False,0,True,True
00863556,4,4,4,4,2,2,2,2,1.0,1.0,2,2,1.0,4,4,1.0,False,0,True,True
00863926,9,9,9,9,6,3,6,3,1.0,1.0,3,3,1.0,6,6,1.0,False,0,True,True
00863930,4,4,4,4,0,2,0,2,,1.0,1,1,1.0,1,1,1.0,False,0,True,True
00863960,8,8,8,8,4,4,4,4,1.0,1.0,12,12,1.0,16,16,1.0,False,0,True,True
00864090,0,0,0,0,0,0,0,0,,,0,0,,0,0,,False,0,True,True
00864091,0,0,0,0,0,0,0,0,,,0,0,,0,0,,False,0,True,True
00864104,0,0,0,0,0,0,0,0,,,0,0,,0,0,,False,0,True,True
00864179,12,15,12,15,2,1,2,3,1.0,3.0,0,0,,0,0,,False,3,True,True
00864347,6,7,6,6,2,2,2,2,1.0,1.0,0,0,,0,0,,False,1,True,True
00864419,12,12,12,12,6,6,6,6,1.0,1.0,6,6,1.0,12,12,1.0,False,0,True,True
00864479,4,4,4,4,2,0,2,0,1.0,,1,1,1.0,0,0,,False,0,True,True
00864533,0,0,0,0,0,0,0,0,,,0,0,,0,0,,False,0,True,True
00864836,0,0,0,0,0,0,0,0,,,0,0,,0,0,,False,0,True,True
00865267,2,2,2,2,2,0,2,0,1.0,,1,1,1.0,0,0,,False,0,True,True
00865394,0,0,0,0,0,0,0,0,,,0,0,,0,0,,False,0,True,True
00865557,5,5,5,5,1,0,1,0,1.0,,0,0,,0,0,,False,0,True,True
00865744,4,4,4,4,2,2,2,2,1.0,1.0,2,2,1.0,4,4,1.0,False,0,True,True
00865782,8,8,8,8,0,1,3,0,,0.0,0,0,,0,0,,False,0,True,True
00865922,12,12,12,12,6,6,6,6,1.0,1.0,14,14,1.0,20,20,1.0,False,0,True,True
00866303,4,4,4,4,2,2,2,2,1.0,1.0,2,2,1.0,4,4,1.0,False,0,True,True
00866339,4,4,4,4,2,2,2,2,1.0,1.0,2,2,1.0,4,4,1.0,False,0,True,True
00866419,4,4,4,4,2,2,2,2,1.0,1.0,2,2,1.0,4,4,1.0,False,0,True,True
00866476,4,4,4,4,2,2,2,2,1.0,1.0,2,2,1.0,4,4,1.0,False,0,True,True
00866486,27,27,27,27,11,10,9,11,0.8181818181818182,1.1,17,34,0.5,32,39,0.8205128205128205,False,0,True,True
00866556,0,0,0,0,0,0,0,0,,,0,0,,0,0,,False,0,True,True
00866606,4,4,4,4,2,2,2,2,1.0,1.0,2,2,1.0,4,4,1.0,False,0,True,True
00866616,25,0,25,28,16,9,0,0,0.0,0.0,0,0,,0,0,,False,0,True,False
00867068,14,14,12,14,8,0,8,1,1.0,,2,14,0.14285714285714285,3,12,0.25,False,0,True,True
00867074,10,10,10,10,2,8,2,8,1.0,1.0,5,5,1.0,0,0,,False,0,True,True
00867248,6,6,6,6,0,2,0,2,,1.0,1,1,1.0,0,0,,False,0,True,True
00867380,4,4,4,4,2,1,2,1,1.0,1.0,1,1,1.0,2,2,1.0,False,0,True,True
00867409,2,2,2,2,0,2,0,2,,1.0,1,1,1.0,0,0,,False,0,True,True
00867509,4,4,4,4,1,1,2,1,2.0,1.0,0,0,,1,1,1.0,False,0,True,True
00867566,4,4,4,4,2,2,2,2,1.0,1.0,2,2,1.0,4,4,1.0,False,0,True,True
00867574,11,11,11,11,4,5,4,5,1.0,1.0,6,6,1.0,10,10,1.0,False,0,True,True
00867650,4,4,4,4,2,2,2,1,1.0,0.5,1,2,0.5,4,4,1.0,False,0,True,True
00867774,3,3,3,3,1,1,1,1,1.0,1.0,0,0,,1,1,1.0,False,0,True,True
00868218,4,4,4,4,2,2,2,2,1.0,1.0,2,2,1.0,4,4,1.0,False,0,True,True
00868309,0,0,0,0,0,0,0,0,,,0,0,,0,0,,False,0,True,True
00868426,10,11,10,11,6,4,6,5,1.0,1.25,3,3,1.0,6,6,1.0,False,1,True,True
00868604,20,21,20,21,12,8,12,6,1.0,0.75,13,21,0.6190476190476191,19,24,0.7916666666666666,False,1,True,True
00868764,0,0,0,0,0,0,0,0,,,0,0,,0,0,,False,0,True,True
00869029,0,0,0,0,0,0,0,0,,,0,0,,0,0,,True,0,True,True
00869034,4,4,4,4,2,2,2,2,1.0,1.0,2,2,1.0,4,4,1.0,False,0,True,True
00869061,6,6,6,6,6,0,6,0,1.0,,0,0,,0,0,,False,0,True,True
00869139,8,8,8,8,4,4,4,4,1.0,1.0,12,12,1.0,16,16,1.0,False,0,True,True
00869143,11,11,11,11,6,3,6,3,1.0,1.0,8,8,1.0,10,10,1.0,False,0,True,True
00869222,3,3,3,3,1,0,1,0,1.0,,0,0,,0,0,,False,0,True,True
00869460,4,4,4,4,2,2,2,2,1.0,1.0,2,2,1.0,4,4,1.0,False,0,True,True
00869634,0,0,0,0,0,0,0,0,,,0,0,,0,0,,False,0,True,True
00869642,0,0,0,0,0,0,0,0,,,0,0,,0,0,,False,0,True,True
00870273,0,0,0,0,0,0,0,0,,,0,0,,0,0,,False,0,True,True
00870274,4,4,4,4,2,2,2,2,1.0,1.0,2,2,1.0,4,4,1.0,False,0,True,True
00870398,12,12,12,12,6,6,6,6,1.0,1.0,14,14,1.0,20,20,1.0,False,0,True,True
00871044,0,0,0,0,0,0,0,0,,,0,0,,0,0,,False,0,True,True
00871155,24,24,24,24,8,0,8,0,1.0,,12,12,1.0,0,0,,False,0,True,True
00871157,8,8,8,8,0,0,0,0,,,2,2,1.0,4,4,1.0,False,0,True,True
00871486,0,0,0,0,0,0,0,0,,,0,0,,0,0,,False,0,True,True
00871558,4,4,4,4,2,2,2,2,1.0,1.0,2,2,1.0,4,4,1.0,False,0,True,True
00871656,0,0,0,0,0,0,0,0,,,0,0,,0,0,,False,0,True,True
00871694,6,6,6,6,4,2,4,2,1.0,1.0,7,7,1.0,8,8,1.0,False,0,True,True
00872069,4,4,4,4,2,2,2,2,1.0,1.0,2,2,1.0,4,4,1.0,False,0,True,True
00872259,12,11,12,10,6,6,5,4,0.8333333333333334,0.6666666666666666,2,2,1.0,4,4,1.0,False,1,True,True
00872330,4,4,4,4,2,2,2,2,1.0,1.0,2,2,1.0,4,4,1.0,False,0,True,True
00872332,4,4,4,4,2,0,2,0,1.0,,1,1,1.0,0,0,,False,0,True,True
00872379,4,4,4,4,2,2,2,2,1.0,1.0,2,2,1.0,4,4,1.0,False,0,True,True
00872412,16,16,16,16,8,8,6,10,0.75,1.25,12,16,0.75,16,24,0.6666666666666666,False,0,True,True
00872564,0,0,0,0,0,0,0,0,,,0,0,,0,0,,False,0,True,True
00872818,4,4,4,4,2,2,2,2,1.0,1.0,2,2,1.0,4,4,1.0,False,0,True,True
00872963,0,0,0,0,0,0,0,0,,,0,0,,0,0,,False,0,True,True
00873205,8,8,8,8,4,4,4,4,1.0,1.0,12,12,1.0,16,16,1.0,False,0,True,True
00873259,30,30,30,30,16,14,15,11,0.9375,0.7857142857142857,16,30,0.5333333333333333,32,36,0.8888888888888888,False,0,True,True
00873313,0,0,0,0,0,0,0,0,,,0,0,,0,0,,False,0,True,True
00873599,16,16,16,16,10,6,10,6,1.0,1.0,16,16,1.0,20,20,1.0,False,0,True,True
00873805,0,0,0,0,0,0,0,0,,,0,0,,0,0,,False,0,True,True
00873889,4,4,4,4,2,2,2,2,1.0,1.0,2,2,1.0,4,4,1.0,False,0,True,True
00874024,16,16,16,16,8,8,8,8,1.0,1.0,8,8,1.0,16,16,1.0,False,0,True,True
00874349,6,6,6,6,2,0,2,0,1.0,,3,3,1.0,0,0,,False,0,True,True
00874506,12,12,12,12,6,6,5,6,0.8333333333333334,1.0,11,14,0.7857142857142857,16,20,0.8,False,0,True,True
00874554,22,22,22,22,12,10,12,10,1.0,1.0,6,6,1.0,16,16,1.0,False,0,True,True
00874603,12,12,12,12,6,6,6,6,1.0,1.0,6,6,1.0,12,12,1.0,False,0,True,True
00874659,4,4,4,4,2,2,2,2,1.0,1.0,2,2,1.0,4,4,1.0,False,0,True,True
00874710,8,8,8,8,4,4,4,4,1.0,1.0,4,4,1.0,8,8,1.0,False,0,True,True
00874887,12,12,12,12,6,6,6,6,1.0,1.0,6,6,1.0,12,12,1.0,False,0,True,True
00875124,4,4,4,4,2,2,2,2,1.0,1.0,2,2,1.0,4,4,1.0,False,0,True,True
00875125,4,4,4,4,2,2,2,2,1.0,1.0,2,2,1.0,4,4,1.0,False,0,True,True
00875146,0,0,0,0,0,0,0,0,,,0,0,,0,0,,False,0,True,True
00875306,3,3,3,3,0,2,1,2,,1.0,1,1,1.0,0,0,,False,0,True,True
00875382,4,4,4,4,2,2,2,2,1.0,1.0,2,2,1.0,4,4,1.0,False,0,True,True
00875406,0,0,0,0,0,0,0,0,,,0,0,,0,0,,False,0,True,True
00875506,4,4,4,4,2,2,2,2,1.0,1.0,2,2,1.0,4,4,1.0,False,0,True,True
00875578,0,0,0,0,0,0,0,0,,,0,0,,0,0,,False,0,True,True
00876321,6,6,6,6,0,0,0,0,,,1,2,0.5,0,0,,False,0,True,True
00876687,2,2,2,2,2,0,2,0,1.0,,1,1,1.0,0,0,,False,0,True,True
00877074,7,6,7,6,2,1,3,1,1.5,1.0,0,0,,0,0,,False,1,True,True
00877142,4,4,4,4,2,2,2,2,1.0,1.0,2,2,1.0,4,4,1.0,False,0,True,True
00877588,8,8,8,8,4,4,4,4,1.0,1.0,12,12,1.0,16,16,1.0,False,0,True,True
00877648,14,14,14,14,6,8,6,7,1.0,0.875,16,19,0.8421052631578947,20,24,0.8333333333333334,False,0,True,True
00877686,8,8,8,8,4,4,4,4,1.0,1.0,4,4,1.0,8,8,1.0,False,0,True,True
00877740,24,24,24,24,12,12,12,12,1.0,1.0,12,12,1.0,24,24,1.0,False,0,True,True
00877837,8,8,8,8,4,2,4,2,1.0,1.0,7,7,1.0,8,8,1.0,False,0,True,True
00878083,10,10,10,10,5,5,5,5,1.0,1.0,20,20,1.0,25,25,1.0,False,0,True,True
00878119,4,4,4,4,2,2,2,2,1.0,1.0,2,2,1.0,4,4,1.0,False,0,True,True
00878123,7,7,7,7,1,0,1,0,1.0,,0,0,,0,0,,False,0,True,True
00878247,0,0,0,0,0,0,0,0,,,0,0,,0,0,,False,0,True,True
00878297,6,6,6,6,4,2,4,2,1.0,1.0,3,3,1.0,4,4,1.0,False,0,True,True
00878404,12,12,12,12,6,6,6,6,1.0,1.0,6,6,1.0,12,12,1.0,False,0,True,True
00878412,0,0,0,0,0,0,0,0,,,0,0,,0,0,,False,0,True,True
00878420,8,8,8,8,4,4,4,4,1.0,1.0,12,12,1.0,16,16,1.0,False,0,True,True
00878661,0,0,0,0,0,0,0,0,,,0,0,,0,0,,False,0,True,True
00878696,4,4,4,4,2,2,2,2,1.0,1.0,2,2,1.0,4,4,1.0,False,0,True,True
00879286,0,0,0,0,0,0,0,0,,,0,0,,0,0,,False,0,True,True
00879546,0,0,0,0,0,0,0,0,,,0,0,,0,0,,False,0,True,True
00879652,0,2,0,0,0,0,0,0,,,0,0,,0,0,,False,2,True,True
00879666,0,0,0,0,0,0,0,0,,,0,0,,0,0,,False,0,True,True
00879793,4,4,4,4,2,2,2,2,1.0,1.0,2,2,1.0,4,4,1.0,False,0,True,True
00879831,2,2,2,2,0,2,0,2,,1.0,1,1,1.0,0,0,,False,0,True,True
00879888,6,6,6,6,3,3,3,3,1.0,1.0,6,6,1.0,9,9,1.0,False,0,True,True
00879921,6,6,6,6,2,2,2,2,1.0,1.0,2,2,1.0,4,4,1.0,False,0,True,True
00879971,8,8,8,8,4,4,4,4,1.0,1.0,12,12,1.0,16,16,1.0,False,0,True,True
00879981,0,0,0,0,0,0,0,0,,,0,0,,0,0,,False,0,True,True
00879983,4,4,4,4,2,2,2,2,1.0,1.0,2,2,1.0,4,4,1.0,False,0,True,True
00880014,6,6,6,6,3,3,4,1,1.3333333333333333,0.3333333333333333,3,6,0.5,3,9,0.3333333333333333,False,0,True,True
00880155,12,12,12,12,6,6,6,5,1.0,0.8333333333333334,25,30,0.8333333333333334,30,36,0.8333333333333334,False,0,True,True
00880217,0,0,0,0,0,0,0,0,,,0,0,,0,0,,False,0,True,True
00880352,0,0,0,0,0,0,0,0,,,0,0,,0,0,,False,0,True,True
00880377,12,12,12,12,6,6,6,6,1.0,1.0,14,14,1.0,20,20,1.0,False,0,True,True
00880510,0,0,0,0,0,0,0,0,,,0,0,,0,0,,False,0,True,True
00880624,12,12,12,12,6,6,4,6,0.6666666666666666,1.0,21,30,0.7,30,36,0.8333333333333334,False,0,True,True
00880626,8,8,8,8,4,4,3,3,0.75,0.75,6,12,0.5,13,16,0.8125,False,0,True,True
00880721,4,4,4,4,2,2,2,2,1.0,1.0,2,2,1.0,4,4,1.0,False,0,True,True
00880781,6,6,6,6,0,0,0,0,,,0,3,0.0,0,0,,False,0,True,True
00880901,4,4,4,4,2,2,2,2,1.0,1.0,2,2,1.0,4,4,1.0,False,0,True,True
00881087,12,12,12,12,6,6,6,6,1.0,1.0,12,12,1.0,18,18,1.0,False,0,True,True
00881150,8,8,8,8,4,4,4,4,1.0,1.0,4,4,1.0,8,8,1.0,False,0,True,True
00881494,8,9,8,8,4,4,3,2,0.75,0.5,0,0,,0,0,,False,1,True,True
00881545,4,4,4,4,2,2,2,2,1.0,1.0,2,2,1.0,4,4,1.0,False,0,True,True
00881657,8,10,8,8,0,0,1,0,,,0,0,,0,0,,False,2,True,True
00881695,0,0,0,0,0,0,0,0,,,0,0,,0,0,,False,0,True,True
00881795,4,4,4,4,2,2,2,2,1.0,1.0,2,2,1.0,4,4,1.0,False,0,True,True
00881862,3,3,3,3,1,2,1,2,1.0,1.0,1,1,1.0,2,2,1.0,False,0,True,True
00881960,8,8,8,8,0,0,1,0,,,2,4,0.5,4,8,0.5,False,0,True,True
00882236,10,10,10,10,0,0,0,0,,,0,0,,0,0,,False,0,True,True
00882309,0,0,0,0,0,0,0,0,,,0,0,,0,0,,False,0,True,True
00882328,12,12,12,12,4,0,4,0,1.0,,0,0,,0,0,,False,0,True,True
00882538,0,0,0,0,0,0,0,0,,,0,0,,0,0,,False,0,True,True
00882821,24,24,24,24,12,12,12,12,1.0,1.0,12,12,1.0,24,24,1.0,False,0,True,True
00882872,8,8,8,8,4,4,4,4,1.0,1.0,12,12,1.0,16,16,1.0,False,0,True,True
00882895,4,4,4,4,2,2,2,2,1.0,1.0,2,2,1.0,4,4,1.0,False,0,True,True
00882908,4,4,4,4,2,2,2,2,1.0,1.0,2,2,1.0,4,4,1.0,False,0,True,True
00883140,0,0,0,0,0,0,0,0,,,0,0,,0,0,,False,0,True,True
00883160,12,12,12,12,6,5,4,6,0.6666666666666666,1.2,12,25,0.48,22,30,0.7333333333333333,False,0,True,True
00883187,0,0,0,0,0,0,0,0,,,0,0,,0,0,,False,0,True,True
00883529,12,12,12,12,6,6,6,6,1.0,1.0,6,6,1.0,12,12,1.0,False,0,True,True
00883596,4,4,4,4,2,2,2,2,1.0,1.0,2,2,1.0,4,4,1.0,False,0,True,True
00883762,4,4,4,4,2,2,2,2,1.0,1.0,2,2,1.0,4,4,1.0,False,0,True,True
00883985,4,4,4,4,2,2,2,2,1.0,1.0,2,2,1.0,4,4,1.0,False,0,True,True
00884117,4,4,4,4,2,2,2,2,1.0,1.0,2,2,1.0,4,4,1.0,False,0,True,True
00884318,0,0,0,0,0,0,0,0,,,0,0,,0,0,,False,0,True,True
00884361,0,0,0,0,0,0,0,0,,,0,0,,0,0,,False,0,True,True
00884982,4,4,4,4,2,2,2,2,1.0,1.0,2,2,1.0,4,4,1.0,False,0,True,True
00884985,0,0,0,0,0,0,0,0,,,0,0,,0,0,,False,0,True,True
00885238,4,4,4,4,0,0,0,0,,,0,2,0.0,0,0,,False,0,True,True
00885375,6,6,6,6,2,0,2,0,1.0,,3,3,1.0,0,0,,False,0,True,True
00885563,4,4,4,4,2,2,2,2,1.0,1.0,2,2,1.0,4,4,1.0,False,0,True,True
00885859,8,8,8,8,4,4,4,4,1.0,1.0,4,4,1.0,8,8,1.0,False,0,True,True
00885948,0,0,0,0,0,0,0,0,,,0,0,,0,0,,False,0,True,True
00886119,4,4,4,4,2,2,2,2,1.0,1.0,2,2,1.0,4,4,1.0,False,0,True,True
00886375,24,24,24,24,14,10,12,10,0.8571428571428571,1.0,15,20,0.75,28,28,1.0,False,0,True,True
00886397,3,3,3,3,1,0,1,0,1.0,,0,0,,0,0,,False,0,True,True
00886631,14,14,14,14,6,8,6,8,1.0,1.0,6,6,1.0,12,12,1.0,False,0,True,True
00886715,4,4,4,4,2,2,2,2,1.0,1.0,2,2,1.0,4,4,1.0,False,0,True,True
00886778,4,4,4,4,2,2,2,2,1.0,1.0,2,2,1.0,4,4,1.0,False,0,True,True
00887699,5,5,5,5,2,1,2,1,1.0,1.0,1,1,1.0,2,2,1.0,False,0,True,True
00887871,2,2,2,2,0,0,0,0,,,0,0,,0,0,,False,0,True,True
00887885,0,0,0,0,0,0,0,0,,,0,0,,0,0,,False,0,True,True
00888001,5,5,5,5,3,2,3,2,1.0,1.0,4,4,1.0,6,6,1.0,False,0,True,True
00888034,0,0,0,0,0,0,0,0,,,0,0,,0,0,,False,0,True,True
00888038,4,4,4,4,2,2,2,2,1.0,1.0,2,2,1.0,4,4,1.0,False,0,True,True
00888425,4,4,4,4,2,2,2,2,1.0,1.0,2,2,1.0,4,4,1.0,False,0,True,True
00888524,0,0,0,0,0,0,0,0,,,0,0,,0,0,,False,0,True,True
00888586,19,19,19,19,10,9,10,7,1.0,0.7777777777777778,11,14,0.7857142857142857,18,23,0.782608695652174,False,0,True,True
00888941,4,4,4,4,2,2,2,2,1.0,1.0,2,2,1.0,4,4,1.0,False,0,True,True
00889172,0,0,0,0,0,0,0,0,,,0,0,,0,0,,False,0,True,True
00889184,4,4,4,4,2,2,2,2,1.0,1.0,2,2,1.0,4,4,1.0,False,0,True,True
00889287,4,4,4,4,2,2,2,2,1.0,1.0,2,2,1.0,4,4,1.0,False,0,True,True
00889630,4,4,4,4,2,2,2,2,1.0,1.0,2,2,1.0,4,4,1.0,False,0,True,True
00890118,0,0,0,0,0,0,0,0,,,0,0,,0,0,,False,0,True,True
00890295,0,0,0,0,0,0,0,0,,,0,0,,0,0,,False,0,True,True
00890409,4,4,4,4,2,2,2,2,1.0,1.0,2,2,1.0,4,4,1.0,False,0,True,True
00890523,8,8,8,8,4,4,4,4,1.0,1.0,12,12,1.0,16,16,1.0,False,0,True,True
00890603,0,0,0,0,0,0,0,0,,,0,0,,0,0,,False,0,True,True
00890876,16,16,16,16,10,6,10,6,1.0,1.0,16,16,1.0,20,20,1.0,False,0,True,True
00890889,0,0,0,0,0,0,0,0,,,0,0,,0,0,,False,0,True,True
00890965,5,5,5,5,3,2,2,2,0.6666666666666666,1.0,1,2,0.5,2,4,0.5,False,0,True,True
00891282,4,4,4,4,2,2,2,2,1.0,1.0,2,2,1.0,4,4,1.0,False,0,True,True
00891411,12,9,12,9,4,8,1,2,0.25,0.25,0,0,,0,0,,False,6,True,True
00891682,4,4,4,4,2,2,2,2,1.0,1.0,2,2,1.0,4,4,1.0,False,0,True,True
00892022,3,3,3,3,1,1,1,1,1.0,1.0,0,0,,1,1,1.0,False,0,True,True
00892213,17,17,17,17,9,4,9,5,1.0,1.25,9,13,0.6923076923076923,14,14,1.0,False,0,True,True
00892495,0,0,0,0,0,0,0,0,,,0,0,,0,0,,False,0,True,True
00892525,4,4,4,4,4,0,4,0,1.0,,2,2,1.0,0,0,,False,0,True,True
00892528,14,14,14,14,4,8,4,8,1.0,1.0,14,14,1.0,16,16,1.0,False,0,True,True
00892776,4,4,4,4,2,2,2,2,1.0,1.0,2,2,1.0,4,4,1.0,False,0,True,True
00893063,8,8,8,8,4,4,4,4,1.0,1.0,12,12,1.0,16,16,1.0,False,0,True,True
00893136,4,4,4,4,2,2,2,2,1.0,1.0,2,2,1.0,4,4,1.0,False,0,True,True
00893141,4,4,4,4,2,2,2,2,1.0,1.0,2,2,1.0,4,4,1.0,False,0,True,True
00893186,0,0,0,0,0,0,0,0,,,0,0,,0,0,,False,0,True,True
00893476,4,3,4,3,2,0,2,0,1.0,,0,0,,0,0,,False,1,True,True
00893562,8,8,8,8,4,4,4,4,1.0,1.0,12,12,1.0,16,16,1.0,False,0,True,True
00893623,8,8,8,8,4,1,3,2,0.75,2.0,1,6,0.16666666666666666,2,4,0.5,False,0,True,True
00893650,0,0,0,0,0,0,0,0,,,0,0,,0,0,,False,0,True,True
00893660,6,6,6,6,3,3,3,3,1.0,1.0,6,6,1.0,9,9,1.0,False,0,True,True
00893972,0,0,0,0,0,0,0,0,,,0,0,,0,0,,False,0,True,True
00893996,30,30,30,30,16,14,15,14,0.9375,1.0,9,12,0.75,19,22,0.8636363636363636,False,2,True,True
00894323,4,4,4,4,2,2,2,2,1.0,1.0,2,2,1.0,4,4,1.0,False,0,True,True
00894408,0,0,0,0,0,0,0,0,,,0,0,,0,0,,False,0,True,True
00894443,0,0,0,0,0,0,0,0,,,0,0,,0,0,,False,0,True,True
00894530,5,5,5,5,2,1,2,1,1.0,1.0,1,1,1.0,2,2,1.0,False,0,True,True
00894542,4,4,4,4,2,2,2,2,1.0,1.0,2,2,1.0,4,4,1.0,False,0,True,True
00894572,8,8,8,8,4,4,4,4,1.0,1.0,12,12,1.0,16,16,1.0,False,0,True,True
00894573,4,4,4,4,2,2,2,2,1.0,1.0,2,2,1.0,4,4,1.0,False,0,True,True
00894698,8,8,8,8,2,2,2,2,1.0,1.0,4,4,1.0,8,8,1.0,False,0,True,True
00894740,12,12,12,12,6,6,6,6,1.0,1.0,30,30,1.0,36,36,1.0,False,0,True,True
00894767,4,4,4,4,2,2,2,2,1.0,1.0,2,2,1.0,4,4,1.0,False,0,True,True
00894954,8,8,8,8,4,4,4,4,1.0,1.0,12,12,1.0,16,16,1.0,False,0,True,True
00895077,6,6,6,6,2,0,2,0,1.0,,0,0,,0,0,,False,2,True,True
00895124,3,3,3,3,1,2,1,2,1.0,1.0,1,1,1.0,2,2,1.0,False,0,True,True
00895160,0,0,0,0,0,0,0,0,,,0,0,,0,0,,False,0,True,True
00895243,0,0,0,0,0,0,0,0,,,0,0,,0,0,,False,0,True,True
00895250,4,4,4,4,2,2,2,2,1.0,1.0,2,2,1.0,4,4,1.0,False,0,True,True
00895400,4,4,4,4,2,2,2,2,1.0,1.0,2,2,1.0,4,4,1.0,False,0,True,True
00895587,0,0,0,0,0,0,0,0,,,0,0,,0,0,,False,0,True,True
00895983,4,4,4,4,2,2,2,2,1.0,1.0,2,2,1.0,4,4,1.0,False,0,True,True
00896198,16,16,16,16,10,3,10,4,1.0,1.3333333333333333,19,25,0.76,15,17,0.8823529411764706,False,0,True,True
00896430,0,0,0,0,0,0,0,0,,,0,0,,0,0,,False,0,True,True
00896445,4,4,4,4,2,2,2,2,1.0,1.0,2,2,1.0,4,4,1.0,False,0,True,True
00896571,4,4,4,4,2,2,2,2,1.0,1.0,2,2,1.0,4,4,1.0,False,0,True,True
00896572,7,7,7,7,1,0,1,0,1.0,,0,0,,0,0,,False,0,True,True
00896619,13,14,13,13,5,8,4,6,0.8,0.75,2,2,1.0,4,4,1.0,False,3,True,True
00896733,4,4,4,4,2,2,2,2,1.0,1.0,2,2,1.0,4,4,1.0,False,0,True,True
00896935,9,10,9,9,3,4,5,4,1.6666666666666667,1.0,0,0,,0,0,,False,1,True,True
00896996,4,4,4,4,2,2,2,2,1.0,1.0,2,2,1.0,4,4,1.0,False,0,True,True
00897262,4,4,4,4,2,2,2,2,1.0,1.0,2,2,1.0,4,4,1.0,False,0,True,True
00897335,0,0,0,0,0,0,0,0,,,0,0,,0,0,,False,0,True,True
00897353,4,4,4,4,2,2,2,2,1.0,1.0,2,2,1.0,4,4,1.0,False,0,True,True
00897422,0,0,0,0,0,0,0,0,,,0,0,,0,0,,False,0,True,True
00897623,4,4,4,4,2,2,2,2,1.0,1.0,2,2,1.0,4,4,1.0,False,0,True,True
00897854,8,8,8,8,4,4,4,4,1.0,1.0,12,12,1.0,16,16,1.0,False,0,True,True
00897879,0,0,0,0,0,0,0,0,,,0,0,,0,0,,False,0,True,True
00897890,44,44,44,44,10,10,10,10,1.0,1.0,26,26,1.0,18,18,1.0,False,0,True,True
00897891,44,44,44,44,10,10,10,10,1.0,1.0,26,26,1.0,18,18,1.0,False,0,True,True
00898125,4,4,4,4,2,2,2,2,1.0,1.0,2,2,1.0,4,4,1.0,False,0,True,True
00898206,0,0,0,0,0,0,0,0,,,0,0,,0,0,,False,0,True,True
00898241,6,6,4,4,2,2,2,2,1.0,1.0,2,2,1.0,13,13,1.0,False,0,True,True
00898273,4,4,4,4,1,2,1,2,1.0,1.0,1,1,1.0,2,2,1.0,False,0,True,True
00898280,18,18,18,18,10,8,10,8,1.0,1.0,9,9,1.0,16,16,1.0,False,0,True,True
00898405,0,0,0,0,0,0,0,0,,,0,0,,0,0,,False,0,True,True
00898650,4,4,4,4,2,2,2,2,1.0,1.0,2,2,1.0,4,4,1.0,False,0,True,True
00898964,4,4,4,4,0,4,0,1,,0.25,0,6,0.0,0,0,,False,0,True,True
00899089,11,11,11,11,3,4,4,4,1.3333333333333333,1.0,1,1,1.0,2,4,0.5,False,0,True,True
00899139,8,8,8,8,4,4,4,4,1.0,1.0,4,4,1.0,8,8,1.0,False,0,True,True
00899544,4,4,4,4,2,2,2,2,1.0,1.0,2,2,1.0,4,4,1.0,False,0,True,True
00899570,4,4,4,4,2,2,2,2,1.0,1.0,2,2,1.0,4,4,1.0,False,0,True,True
00899793,20,20,20,20,10,10,10,10,1.0,1.0,10,10,1.0,20,20,1.0,False,0,True,True
00899797,8,10,8,9,1,0,1,2,1.0,,0,0,,0,0,,False,1,True,True
00899902,4,4,4,4,2,2,2,2,1.0,1.0,2,2,1.0,4,4,1.0,False,0,True,True
00900241,0,0,0,0,0,0,0,0,,,0,0,,0,0,,False,0,True,True
00900605,4,4,4,4,2,2,2,2,1.0,1.0,2,2,1.0,4,4,1.0,False,0,True,True
00900725,4,4,4,4,2,1,2,1,1.0,1.0,1,1,1.0,2,2,1.0,False,0,True,True
00900812,22,24,22,24,10,10,9,9,0.9,0.9,6,12,0.5,10,18,0.5555555555555556,True,2,True,True
00900834,9,8,9,8,3,0,2,2,0.6666666666666666,,0,0,,0,0,,False,1,True,True
00900844,10,9,10,9,2,0,2,1,1.0,,0,0,,0,0,,False,1,True,True
00900919,4,4,4,4,2,2,2,2,1.0,1.0,2,2,1.0,4,4,1.0,False,0,True,True
00901282,20,20,20,20,10,6,8,8,0.8,1.3333333333333333,6,8,0.75,19,22,0.8636363636363636,False,0,True,True
00901485,4,4,4,4,0,0,1,0,,,0,0,,0,0,,False,0,True,True
00901606,4,4,4,4,2,2,2,2,1.0,1.0,2,2,1.0,4,4,1.0,False,0,True,True
00901676,4,4,4,4,2,2,2,2,1.0,1.0,2,2,1.0,4,4,1.0,False,0,True,True
00901884,4,4,4,4,2,2,2,2,1.0,1.0,2,2,1.0,4,4,1.0,False,0,True,True
00902208,6,6,6,6,3,3,3,3,1.0,1.0,6,6,1.0,9,9,1.0,False,0,True,True
00902303,4,4,4,4,2,2,2,2,1.0,1.0,2,2,1.0,4,4,1.0,False,0,True,True
00902492,4,4,4,4,2,2,2,2,1.0,1.0,2,2,1.0,4,4,1.0,False,0,True,True
00902529,9,9,9,9,4,4,4,4,1.0,1.0,4,4,1.0,8,8,1.0,False,0,True,True
00903145,4,4,4,4,0,2,0,2,,1.0,1,1,1.0,0,0,,False,0,True,True
00903160,26,28,26,32,0,0,6,9,,,0,0,,0,0,,True,5,True,True
00903530,8,8,8,8,4,4,4,4,1.0,1.0,12,12,1.0,16,16,1.0,False,0,True,True
00903559,8,8,8,8,4,4,4,4,1.0,1.0,4,4,1.0,8,8,1.0,False,0,True,True
00903766,4,4,4,4,2,2,2,2,1.0,1.0,2,2,1.0,4,4,1.0,False,0,True,True
00903796,4,4,4,4,2,2,2,2,1.0,1.0,2,2,1.0,4,4,1.0,False,0,True,True
00904179,6,6,6,6,3,2,4,1,1.3333333333333333,0.5,1,4,0.25,4,6,0.6666666666666666,False,0,True,True
00904404,8,8,8,8,4,4,4,4,1.0,1.0,4,4,1.0,8,8,1.0,False,0,True,True
00904465,4,4,4,4,0,2,1,2,,1.0,1,1,1.0,0,0,,False,0,True,True
00904580,0,0,0,0,0,0,0,0,,,0,0,,0,0,,False,0,True,True
00904736,4,4,4,4,2,2,2,2,1.0,1.0,2,2,1.0,4,4,1.0,False,0,True,True
00905213,4,4,4,4,2,2,2,2,1.0,1.0,2,2,1.0,4,4,1.0,False,0,True,True
00905221,4,4,4,4,2,2,2,2,1.0,1.0,2,2,1.0,4,4,1.0,False,0,True,True
00905660,4,4,4,4,2,2,2,2,1.0,1.0,2,2,1.0,4,4,1.0,False,0,True,True
00905661,4,4,4,4,2,2,2,2,1.0,1.0,2,2,1.0,4,4,1.0,False,0,True,True
00905694,4,4,4,4,2,2,2,2,1.0,1.0,2,2,1.0,4,4,1.0,False,0,True,True
00905700,16,16,16,16,8,8,8,8,1.0,1.0,8,8,1.0,16,16,1.0,False,0,True,True
00905972,30,30,30,30,15,15,13,14,0.8666666666666667,0.9333333333333333,13,18,0.7222222222222222,29,33,0.8787878787878788,False,0,True,True
00906020,8,7,8,7,3,2,2,1,0.6666666666666666,0.5,0,0,,0,0,,False,1,True,True
00906055,0,0,0,0,0,0,0,0,,,0,0,,0,0,,False,0,True,True
00906071,0,0,0,0,0,0,0,0,,,0,0,,0,0,,False,0,True,True
00906133,6,6,6,6,3,3,3,3,1.0,1.0,6,6,1.0,9,9,1.0,False,0,True,True
00906437,2,2,2,2,0,2,0,2,,1.0,1,1,1.0,0,0,,False,0,True,True
00906893,4,4,4,4,2,2,2,2,1.0,1.0,2,2,1.0,4,4,1.0,False,0,True,True
00907049,42,12,42,46,0,0,2,0,,,0,3,0.0,0,0,,True,0,True,True
00907059,8,8,8,8,4,4,4,4,1.0,1.0,4,4,1.0,8,8,1.0,False,0,True,True
00907205,22,22,22,22,12,10,11,9,0.9166666666666666,0.9,11,14,0.7857142857142857,22,24,0.9166666666666666,False,0,True,True
00907226,4,4,4,4,2,2,2,2,1.0,1.0,2,2,1.0,4,4,1.0,False,0,True,True
00907340,4,4,4,4,2,2,2,2,1.0,1.0,2,2,1.0,4,4,1.0,False,0,True,True
00907431,4,4,4,4,2,2,2,2,1.0,1.0,2,2,1.0,4,4,1.0,False,0,True,True
00907596,0,0,0,0,0,0,0,0,,,0,0,,0,0,,False,0,True,True
00907735,0,0,0,0,0,0,0,0,,,0,0,,0,0,,False,0,True,True
00907885,8,8,8,8,4,4,3,4,0.75,1.0,3,4,0.75,6,8,0.75,False,0,True,True
00907926,4,4,4,4,2,2,2,2,1.0,1.0,2,2,1.0,4,4,1.0,False,0,True,True
00908214,0,0,0,0,0,0,0,0,,,0,0,,0,0,,False,0,True,True
00908286,9,9,9,9,4,5,4,5,1.0,1.0,6,6,1.0,10,10,1.0,False,0,True,True
00908355,12,12,12,12,6,6,5,3,0.8333333333333334,0.5,13,30,0.43333333333333335,21,36,0.5833333333333334,False,0,True,True
00908591,4,4,4,4,2,2,2,2,1.0,1.0,2,2,1.0,4,4,1.0,False,0,True,True
00908973,0,0,0,0,0,0,0,0,,,0,0,,0,0,,False,0,True,True
00909065,4,4,4,4,2,2,2,2,1.0,1.0,2,2,1.0,4,4,1.0,False,0,True,True
00909153,16,16,16,16,8,8,8,8,1.0,1.0,8,8,1.0,16,16,1.0,False,0,True,True
00909573,0,0,0,0,0,0,0,0,,,0,0,,0,0,,False,0,True,True
00909584,24,24,24,24,12,12,10,9,0.8333333333333334,0.75,17,44,0.38636363636363635,37,56,0.6607142857142857,False,0,True,True
00909762,4,4,4,4,2,2,2,2,1.0,1.0,2,2,1.0,4,4,1.0,False,0,True,True
00909852,14,14,14,14,9,5,9,5,1.0,1.0,14,14,1.0,13,13,1.0,False,0,True,True
00910095,4,4,4,4,2,2,2,2,1.0,1.0,2,2,1.0,4,4,1.0,False,0,True,True
00910196,4,4,4,4,2,2,2,2,1.0,1.0,2,2,1.0,4,4,1.0,False,0,True,True
00910275,4,4,4,4,2,2,2,2,1.0,1.0,2,2,1.0,4,4,1.0,False,0,True,True
00910330,4,4,4,4,2,2,2,2,1.0,1.0,2,2,1.0,4,4,1.0,False,0,True,True
00910545,4,4,4,4,2,2,2,2,1.0,1.0,2,2,1.0,4,4,1.0,False,0,True,True
00910802,0,0,0,0,0,0,0,0,,,0,0,,0,0,,False,0,True,True
00910817,4,4,4,4,2,2,2,2,1.0,1.0,2,2,1.0,4,4,1.0,False,0,True,True
00910885,16,16,16,16,8,8,8,8,1.0,1.0,8,8,1.0,16,16,1.0,False,0,True,True
00910961,6,6,6,6,0,0,0,0,,,1,1,1.0,0,0,,False,0,True,True
00911062,4,4,4,4,2,2,2,2,1.0,1.0,2,2,1.0,4,4,1.0,False,0,True,True
00911125,4,4,4,4,2,2,2,2,1.0,1.0,2,2,1.0,4,4,1.0,False,0,True,True
00911327,8,8,8,8,4,4,4,4,1.0,1.0,12,12,1.0,16,16,1.0,False,0,True,True
00911401,0,0,0,0,0,0,0,0,,,0,0,,0,0,,False,0,True,True
00911570,0,0,0,0,0,0,0,0,,,0,0,,0,0,,False,0,True,True
00911599,16,17,16,17,9,7,10,6,1.1111111111111112,0.8571428571428571,18,22,0.8181818181818182,24,29,0.8275862068965517,False,1,True,True
00911764,4,4,4,4,2,2,2,2,1.0,1.0,2,2,1.0,4,4,1.0,False,0,True,True
00911955,14,13,14,13,8,6,6,3,0.75,0.5,0,0,,0,0,,False,1,True,True
00912012,10,10,10,10,6,4,6,4,1.0,1.0,9,9,1.0,12,12,1.0,False,0,True,True
00912146,36,0,36,34,18,2,0,0,0.0,0.0,0,0,,0,0,,False,0,True,False
00912240,4,4,4,4,2,2,2,2,1.0,1.0,2,2,1.0,4,4,1.0,False,0,True,True
00912994,10,9,10,9,6,4,3,5,0.5,1.25,2,2,1.0,4,4,1.0,False,1,True,True
00913061,0,0,0,0,0,0,0,0,,,0,0,,0,0,,False,0,True,True
00913089,0,0,0,0,0,0,0,0,,,0,0,,0,0,,False,0,True,True
00913098,12,12,12,12,6,6,5,5,0.8333333333333334,0.8333333333333334,20,30,0.6666666666666666,25,36,0.6944444444444444,False,0,True,True
00913143,4,4,4,4,2,2,2,2,1.0,1.0,2,2,1.0,4,4,1.0,False,0,True,True
00913173,10,10,10,10,4,4,4,2,1.0,0.5,7,12,0.5833333333333334,12,17,0.7058823529411765,False,0,True,True
00913186,0,0,0,0,0,0,0,0,,,0,0,,0,0,,False,0,True,True
00913280,0,0,0,0,0,0,0,0,,,0,0,,0,0,,False,0,True,True
00913466,14,14,14,14,6,8,6,8,1.0,1.0,10,10,1.0,16,16,1.0,False,0,True,True
00913849,4,4,4,4,2,2,2,2,1.0,1.0,2,2,1.0,4,4,1.0,False,0,True,True
00913867,4,4,4,4,2,2,2,2,1.0,1.0,2,2,1.0,4,4,1.0,False,0,True,True
00913949,4,4,4,4,2,2,2,2,1.0,1.0,2,2,1.0,4,4,1.0,False,0,True,True
00914132,0,0,0,0,0,0,0,0,,,0,0,,0,0,,False,0,True,True
00914160,3,3,3,3,3,0,3,0,1.0,,0,0,,0,0,,False,0,True,True
00914502,15,15,15,15,7,7,7,6,1.0,0.8571428571428571,5,6,0.8333333333333334,11,13,0.8461538461538461,False,0,True,True
00914843,4,4,4,4,2,2,2,2,1.0,1.0,2,2,1.0,4,4,1.0,False,0,True,True
00915161,0,0,0,0,0,0,0,0,,,0,0,,0,0,,False,0,True,True
00915180,4,4,4,4,2,2,2,2,1.0,1.0,2,2,1.0,4,4,1.0,False,0,True,True
00915282,4,4,4,4,2,2,2,2,1.0,1.0,2,2,1.0,4,4,1.0,False,0,True,True
00915348,15,15,15,15,9,6,9,6,1.0,1.0,13,13,1.0,18,18,1.0,False,0,True,True
00915432,2,2,2,2,0,2,0,2,,1.0,1,1,1.0,0,0,,False,0,True,True
00915521,0,0,0,0,0,0,0,0,,,0,0,,0,0,,False,0,True,True
00915523,0,0,0,0,0,0,0,0,,,0,0,,0,0,,False,0,True,True
00915662,12,12,12,12,6,4,6,4,1.0,1.0,6,9,0.6666666666666666,13,13,1.0,False,0,True,True
00916309,18,20,18,17,12,6,11,1,0.9166666666666666,0.16666666666666666,1,1,1.0,0,0,,False,6,True,True
00916617,6,6,6,6,3,3,3,3,1.0,1.0,6,6,1.0,9,9,1.0,False,0,True,True
00916970,4,4,4,4,2,1,2,1,1.0,1.0,1,1,1.0,2,2,1.0,False,0,True,True
00917120,4,4,4,4,2,2,1,2,0.5,1.0,1,2,0.5,2,4,0.5,False,0,True,True
00917418,0,0,0,0,0,0,0,0,,,0,0,,0,0,,False,0,True,True
00917482,4,4,4,4,2,2,2,2,1.0,1.0,2,2,1.0,4,4,1.0,False,0,True,True
00917562,4,4,4,4,2,2,2,2,1.0,1.0,2,2,1.0,4,4,1.0,False,0,True,True
00917668,36,36,36,36,18,18,18,18,1.0,1.0,18,18,1.0,36,36,1.0,False,0,True,True
00917693,4,4,4,4,2,2,2,2,1.0,1.0,2,2,1.0,4,4,1.0,False,0,True,True
00918000,0,0,0,0,0,0,0,0,,,0,0,,0,0,,False,0,True,True
00918119,0,0,0,0,0,0,0,0,,,0,0,,0,0,,False,0,True,True
00918204,12,12,12,12,6,6,6,6,1.0,1.0,30,30,1.0,36,36,1.0,False,0,True,True
00918330,0,0,0,0,0,0,0,0,,,0,0,,0,0,,False,0,True,True
00918597,4,4,4,4,2,2,2,2,1.0,1.0,2,2,1.0,4,4,1.0,False,0,True,True
00918795,16,16,16,16,8,8,8,7,1.0,0.875,31,56,0.5535714285714286,38,64,0.59375,False,0,True,True
00918806,4,4,4,4,2,2,2,2,1.0,1.0,2,2,1.0,4,4,1.0,False,0,True,True
00918811,9,0,9,10,3,4,0,0,0.0,0.0,0,0,,0,0,,False,0,True,False
00918874,8,8,8,8,4,4,4,4,1.0,1.0,4,4,1.0,8,8,1.0,False,0,True,True
00919160,8,8,8,8,4,4,4,4,1.0,1.0,12,12,1.0,16,16,1.0,False,0,True,True
00919405,0,0,0,0,0,0,0,0,,,0,0,,0,0,,False,0,True,True
00919659,14,14,14,14,7,7,5,7,0.7142857142857143,1.0,31,42,0.7380952380952381,42,49,0.8571428571428571,False,0,True,True
00919727,4,4,4,4,2,2,2,2,1.0,1.0,2,2,1.0,4,4,1.0,False,0,True,True
00920023,4,4,4,4,2,2,2,2,1.0,1.0,2,2,1.0,4,4,1.0,False,0,True,True
00920578,0,0,0,0,0,0,0,0,,,0,0,,0,0,,False,0,True,True
00920837,4,4,4,4,2,1,2,1,1.0,1.0,1,1,1.0,2,2,1.0,False,0,True,True
00921370,7,6,7,6,6,0,6,0,1.0,,2,2,1.0,0,0,,False,1,True,True
00921421,0,0,0,0,0,0,0,0,,,0,0,,0,0,,False,0,True,True
00921632,6,6,6,6,3,3,3,3,1.0,1.0,6,6,1.0,9,9,1.0,False,0,True,True
00921931,4,4,4,4,2,2,2,2,1.0,1.0,2,2,1.0,4,4,1.0,False,0,True,True
00921985,0,0,0,0,0,0,0,0,,,0,0,,0,0,,False,0,True,True
00922182,8,8,8,8,4,2,4,2,1.0,1.0,3,3,1.0,4,4,1.0,False,0,True,True
00922203,4,4,4,4,2,2,2,2,1.0,1.0,2,2,1.0,4,4,1.0,False,0,True,True
00922225,8,8,8,8,4,4,4,4,1.0,1.0,12,12,1.0,16,16,1.0,False,0,True,True
00922283,4,4,4,4,2,2,2,2,1.0,1.0,2,2,1.0,4,4,1.0,False,0,True,True
00922321,9,9,9,9,4,5,4,5,1.0,1.0,6,6,1.0,10,10,1.0,False,0,True,True
00922731,4,4,4,4,2,2,2,2,1.0,1.0,2,2,1.0,4,4,1.0,False,0,True,True
00922887,0,1,0,1,0,0,1,0,,,0,0,,0,0,,False,1,True,True
00923121,4,4,4,4,2,2,2,2,1.0,1.0,2,2,1.0,4,4,1.0,False,0,True,True
00923164,4,4,4,4,2,2,2,2,1.0,1.0,2,2,1.0,4,4,1.0,False,0,True,True
00923201,8,8,8,8,4,4,4,4,1.0,1.0,4,4,1.0,8,8,1.0,False,0,True,True
00923336,4,4,4,4,2,2,2,2,1.0,1.0,2,2,1.0,4,4,1.0,False,0,True,True
00923533,4,4,4,4,2,2,2,2,1.0,1.0,2,2,1.0,4,4,1.0,False,0,True,True
00923624,4,4,4,4,2,2,2,2,1.0,1.0,2,2,1.0,4,4,1.0,False,0,True,True
00923771,8,8,8,8,2,4,2,4,1.0,1.0,2,2,1.0,4,4,1.0,False,0,True,True
00923907,4,4,4,4,2,2,2,2,1.0,1.0,2,2,1.0,4,4,1.0,False,0,True,True
00923955,4,4,4,4,2,2,2,2,1.0,1.0,2,2,1.0,4,4,1.0,False,0,True,True
00924586,0,0,0,0,0,0,0,0,,,0,0,,0,0,,False,0,True,True
00924807,2,2,2,2,0,0,0,0,,,0,0,,0,0,,False,0,True,True
00924921,9,9,9,9,3,4,3,4,1.0,1.0,9,9,1.0,12,12,1.0,False,0,True,True
00924953,6,6,6,6,2,0,2,0,1.0,,3,3,1.0,0,0,,False,0,True,True
00925104,14,0,14,11,5,5,0,0,0.0,0.0,0,0,,0,0,,False,0,True,False
00925395,4,4,4,4,2,2,2,2,1.0,1.0,2,2,1.0,4,4,1.0,False,0,True,True
00925487,0,0,0,0,0,0,0,0,,,0,0,,0,0,,False,0,True,True
00925575,0,0,0,0,0,0,0,0,,,0,0,,0,0,,False,0,True,True
00925690,10,10,10,10,4,0,1,2,0.25,,0,6,0.0,0,0,,False,0,True,True
00925945,20,0,20,20,4,0,0,0,0.0,,0,0,,0,0,,False,0,True,False
00926715,33,37,33,37,15,16,13,9,0.8666666666666667,0.5625,5,15,0.3333333333333333,18,24,0.75,False,3,True,True
00927094,4,4,4,4,2,2,2,2,1.0,1.0,2,2,1.0,4,4,1.0,False,0,True,True
00927537,4,4,4,4,2,2,2,2,1.0,1.0,2,2,1.0,4,4,1.0,False,0,True,True
00927550,4,4,4,4,2,2,2,2,1.0,1.0,2,2,1.0,4,4,1.0,False,0,True,True
00927597,4,4,4,4,2,2,2,2,1.0,1.0,2,2,1.0,4,4,1.0,False,0,True,True
00927599,4,4,4,4,2,2,2,2,1.0,1.0,2,2,1.0,4,4,1.0,False,0,True,True
00928058,4,4,4,4,2,2,2,2,1.0,1.0,2,2,1.0,4,4,1.0,False,0,True,True
00928090,4,4,4,4,2,2,2,2,1.0,1.0,2,2,1.0,4,4,1.0,False,0,True,True
00928440,4,4,4,4,2,2,2,2,1.0,1.0,2,2,1.0,4,4,1.0,False,0,True,True
00928617,0,0,0,0,0,0,0,0,,,0,0,,0,0,,False,0,True,True
00928667,6,6,6,6,1,0,1,0,1.0,,1,1,1.0,0,0,,False,0,True,True
00928755,8,8,8,8,4,4,4,4,1.0,1.0,4,4,1.0,8,8,1.0,False,0,True,True
00928864,0,0,0,0,0,0,0,0,,,0,0,,0,0,,False,0,True,True
00929025,4,4,4,4,2,2,2,2,1.0,1.0,2,2,1.0,4,4,1.0,False,0,True,True
00929069,3,3,3,3,0,0,0,2,,,0,0,,0,0,,False,0,True,True
00929111,9,9,9,9,5,4,5,4,1.0,1.0,6,6,1.0,10,10,1.0,False,0,True,True
00929131,0,0,0,0,0,0,0,0,,,0,0,,0,0,,False,0,True,True
00929168,0,0,0,0,0,0,0,0,,,0,0,,0,0,,False,0,True,True
00929315,0,0,0,0,0,0,0,0,,,0,0,,0,0,,False,0,True,True
00929450,0,0,0,0,0,0,0,0,,,0,0,,0,0,,False,0,True,True
00929577,0,0,0,0,0,0,0,0,,,0,0,,0,0,,False,0,True,True
00929578,4,4,4,4,2,2,2,2,1.0,1.0,2,2,1.0,4,4,1.0,False,0,True,True
00929845,4,4,4,4,2,2,2,2,1.0,1.0,2,2,1.0,4,4,1.0,False,0,True,True
00929898,4,4,4,4,2,2,2,2,1.0,1.0,2,2,1.0,4,4,1.0,False,0,True,True
00930171,0,1,0,0,0,0,0,0,,,0,0,,0,0,,False,1,True,True
00930235,0,0,0,0,0,0,0,0,,,0,0,,0,0,,False,0,True,True
00930298,20,20,20,20,10,10,10,10,1.0,1.0,18,18,1.0,28,28,1.0,False,0,True,True
00930335,0,0,0,0,0,0,0,0,,,0,0,,0,0,,False,0,True,True
00930347,0,0,0,0,0,0,0,0,,,0,0,,0,0,,False,0,True,True
00930525,4,4,4,4,2,2,2,2,1.0,1.0,2,2,1.0,4,4,1.0,False,0,True,True
00930765,16,16,16,16,8,8,8,8,1.0,1.0,8,8,1.0,16,16,1.0,False,0,True,True
00930976,10,9,10,9,0,0,2,2,,,0,0,,0,0,,False,1,True,True
00931088,0,0,0,0,0,0,0,0,,,0,0,,0,0,,False,0,True,True
00931905,12,12,12,12,6,6,6,6,1.0,1.0,30,30,1.0,36,36,1.0,False,0,True,True
00932166,8,9,8,8,3,4,3,2,1.0,0.5,0,0,,0,0,,False,1,True,True
00932212,0,0,0,0,0,0,0,0,,,0,0,,0,0,,False,0,True,True
00932302,0,0,0,0,0,0,0,0,,,0,0,,0,0,,False,0,True,True
00932314,0,0,0,0,0,0,0,0,,,0,0,,0,0,,False,0,True,True
00932364,4,4,4,4,2,2,2,2,1.0,1.0,2,2,1.0,4,4,1.0,False,0,True,True
00932464,0,0,0,0,0,0,0,0,,,0,0,,0,0,,False,0,True,True
00932547,0,0,0,0,0,0,0,0,,,0,0,,0,0,,False,0,True,True
00932626,4,4,4,4,2,2,2,2,1.0,1.0,2,2,1.0,4,4,1.0,False,0,True,True
00932805,20,20,20,20,5,7,7,7,1.4,1.0,4,13,0.3076923076923077,1,4,0.25,False,0,True,True
00932826,4,4,4,4,2,2,2,2,1.0,1.0,2,2,1.0,4,4,1.0,False,0,True,True
00933007,9,8,9,8,2,5,4,4,2.0,0.8,2,2,1.0,4,4,1.0,False,1,True,True
00933030,6,8,6,8,0,1,1,2,,2.0,0,0,,0,0,,False,1,True,True
00933065,4,4,4,4,2,2,2,2,1.0,1.0,2,2,1.0,4,4,1.0,False,0,True,True
00933072,0,0,0,0,0,0,0,0,,,0,0,,0,0,,False,0,True,True
00933126,4,3,4,3,4,0,3,0,0.75,,1,1,1.0,0,0,,False,1,True,True
00933264,0,0,0,0,0,0,0,0,,,0,0,,0,0,,False,0,True,True
00933384,0,0,0,0,0,0,0,0,,,0,0,,0,0,,False,0,True,True
00933510,4,4,4,4,2,2,2,2,1.0,1.0,2,2,1.0,4,4,1.0,False,0,True,True
00933673,6,6,6,6,3,3,3,3,1.0,1.0,6,6,1.0,9,9,1.0,False,0,True,True
00933714,0,0,0,0,0,0,0,0,,,0,0,,0,0,,False,0,True,True
00933730,4,4,4,4,2,2,2,2,1.0,1.0,2,2,1.0,4,4,1.0,False,0,True,True
00933822,4,4,4,4,2,2,2,2,1.0,1.0,2,2,1.0,4,4,1.0,False,0,True,True
00933865,4,4,4,4,2,2,2,2,1.0,1.0,2,2,1.0,4,4,1.0,False,0,True,True
00933890,4,4,4,4,2,2,2,2,1.0,1.0,2,2,1.0,4,4,1.0,False,0,True,True
00934199,6,6,6,6,2,0,2,0,1.0,,3,3,1.0,0,0,,False,0,True,True
00934357,8,8,8,8,4,4,4,4,1.0,1.0,12,12,1.0,16,16,1.0,False,0,True,True
00934588,4,4,4,4,2,2,2,2,1.0,1.0,2,2,1.0,4,4,1.0,False,0,True,True
00934740,4,4,4,4,2,2,2,2,1.0,1.0,2,2,1.0,4,4,1.0,False,0,True,True
00934777,8,8,8,8,4,4,4,4,1.0,1.0,4,4,1.0,8,8,1.0,False,0,True,True
00934851,4,4,4,4,2,2,2,2,1.0,1.0,2,2,1.0,4,4,1.0,False,0,True,True
00934891,32,32,32,32,18,14,18,14,1.0,1.0,28,28,1.0,36,36,1.0,False,0,True,True
00934995,24,24,24,24,12,4,12,5,1.0,1.25,9,12,0.75,8,8,1.0,False,0,True,True
00935035,36,36,36,36,18,18,16,18,0.8888888888888888,1.0,16,18,0.8888888888888888,32,36,0.8888888888888888,False,0,True,True
00935104,4,4,4,4,2,2,2,2,1.0,1.0,2,2,1.0,4,4,1.0,False,0,True,True
00935125,4,4,4,4,2,2,2,2,1.0,1.0,2,2,1.0,4,4,1.0,False,0,True,True
00935282,0,0,0,0,0,0,0,0,,,0,0,,0,0,,False,0,True,True
00935313,0,0,0,0,0,0,0,0,,,0,0,,0,0,,False,0,True,True
00936043,8,8,8,7,2,0,3,0,1.5,,0,0,,0,0,,True,1,True,True
00936144,4,4,4,4,2,2,2,2,1.0,1.0,2,2,1.0,4,4,1.0,False,0,True,True
00936177,4,4,4,4,2,2,2,2,1.0,1.0,2,2,1.0,4,4,1.0,False,0,True,True
00936203,4,4,4,4,2,2,2,2,1.0,1.0,2,2,1.0,4,4,1.0,False,0,True,True
00936303,18,19,18,19,10,8,9,6,0.9,0.75,13,23,0.5652173913043478,19,21,0.9047619047619048,False,1,True,True
00936310,4,4,4,4,2,2,2,2,1.0,1.0,2,2,1.0,4,4,1.0,False,0,True,True
00936333,4,4,4,4,2,2,2,2,1.0,1.0,2,2,1.0,4,4,1.0,False,0,True,True
00936492,4,4,4,4,2,2,2,2,1.0,1.0,2,2,1.0,4,4,1.0,False,0,True,True
00936617,18,18,18,18,8,10,7,9,0.875,0.9,4,7,0.5714285714285714,11,12,0.9166666666666666,False,2,True,True
00936672,4,4,4,4,2,2,2,2,1.0,1.0,2,2,1.0,4,4,1.0,False,0,True,True
00936717,0,0,0,0,0,0,0,0,,,0,0,,0,0,,False,0,True,True
00936810,6,6,6,6,2,4,2,4,1.0,1.0,7,7,1.0,8,8,1.0,False,0,True,True
00937240,4,4,4,4,2,2,2,2,1.0,1.0,2,2,1.0,4,4,1.0,False,0,True,True
00937263,25,29,25,29,12,11,12,13,1.0,1.1818181818181819,4,4,1.0,9,9,1.0,False,4,True,True
00937451,4,4,4,4,2,2,2,2,1.0,1.0,2,2,1.0,4,4,1.0,False,0,True,True
00937550,11,12,11,12,5,5,5,3,1.0,0.6,0,0,,0,0,,False,2,True,True
00938299,9,9,9,9,5,4,5,4,1.0,1.0,6,6,1.0,10,10,1.0,False,0,True,True
00938325,8,8,8,8,4,4,4,4,1.0,1.0,12,12,1.0,16,16,1.0,False,0,True,True
00938326,12,12,12,12,5,0,3,0,0.6,,1,7,0.14285714285714285,0,0,,False,0,True,True
00938610,4,4,4,4,2,2,2,2,1.0,1.0,2,2,1.0,4,4,1.0,False,0,True,True
00938625,7,7,7,7,2,5,2,5,1.0,1.0,4,4,1.0,6,6,1.0,False,0,True,True
00938955,0,0,0,0,0,0,0,0,,,0,0,,0,0,,False,0,True,True
00939079,4,4,4,4,2,1,2,1,1.0,1.0,1,1,1.0,2,2,1.0,False,0,True,True
00939145,0,0,0,0,0,0,0,0,,,0,0,,0,0,,False,0,True,True
00939345,4,4,4,4,2,2,2,2,1.0,1.0,2,2,1.0,4,4,1.0,False,0,True,True
00939543,0,0,0,0,0,0,0,0,,,0,0,,0,0,,False,0,True,True
00939584,4,4,4,4,2,2,2,2,1.0,1.0,2,2,1.0,4,4,1.0,False,0,True,True
00939660,0,0,0,0,0,0,0,0,,,0,0,,0,0,,False,0,True,True
00940158,0,0,0,0,0,0,0,0,,,0,0,,0,0,,False,0,True,True
00940215,4,4,4,4,2,2,2,2,1.0,1.0,2,2,1.0,4,4,1.0,False,0,True,True
00940561,0,0,0,0,0,0,0,0,,,0,0,,0,0,,False,0,True,True
00940593,4,4,4,4,2,2,2,2,1.0,1.0,2,2,1.0,4,4,1.0,False,0,True,True
00940597,9,9,9,9,3,6,2,3,0.6666666666666666,0.5,4,18,0.2222222222222222,15,18,0.8333333333333334,False,0,True,True
00940799,4,4,4,4,2,2,2,2,1.0,1.0,2,2,1.0,4,4,1.0,False,0,True,True
00940991,4,4,4,4,2,2,2,2,1.0,1.0,2,2,1.0,4,4,1.0,False,0,True,True
00940996,4,4,4,4,2,2,2,2,1.0,1.0,2,2,1.0,4,4,1.0,False,0,True,True
00941124,4,4,4,4,2,2,2,2,1.0,1.0,2,2,1.0,4,4,1.0,False,0,True,True
00941213,4,4,4,4,2,2,2,2,1.0,1.0,2,2,1.0,4,4,1.0,False,0,True,True
00941249,2,2,2,2,2,0,2,0,1.0,,1,1,1.0,0,0,,False,0,True,True
00941731,4,4,4,4,2,2,2,2,1.0,1.0,2,2,1.0,4,4,1.0,False,0,True,True
00941747,8,8,8,8,4,4,4,4,1.0,1.0,12,12,1.0,16,16,1.0,False,0,True,True
00941813,28,32,28,32,14,14,15,16,1.0714285714285714,1.1428571428571428,11,12,0.9166666666666666,22,24,0.9166666666666666,True,2,True,True
00941935,4,4,4,4,2,2,2,2,1.0,1.0,2,2,1.0,4,4,1.0,False,0,True,True
00942107,6,6,6,6,3,3,3,3,1.0,1.0,6,6,1.0,9,9,1.0,False,0,True,True
00942250,0,0,0,0,0,0,0,0,,,0,0,,0,0,,False,0,True,True
00942439,4,4,4,4,2,2,2,2,1.0,1.0,2,2,1.0,4,4,1.0,False,0,True,True
00942544,13,13,13,13,5,7,6,7,1.2,1.0,7,7,1.0,12,12,1.0,False,0,True,True
00942554,4,4,4,4,2,2,1,2,0.5,1.0,1,2,0.5,2,4,0.5,False,0,True,True
00942985,0,0,0,0,0,0,0,0,,,0,0,,0,0,,False,0,True,True
00943074,34,34,34,34,20,14,17,14,0.85,1.0,23,41,0.5609756097560976,40,40,1.0,False,0,True,True
00943295,4,4,4,4,2,2,2,2,1.0,1.0,2,2,1.0,4,4,1.0,False,0,True,True
00943362,0,0,0,0,0,0,0,0,,,0,0,,0,0,,False,0,True,True
00943434,0,0,0,0,0,0,0,0,,,0,0,,0,0,,False,0,True,True
00943815,24,24,24,24,6,10,10,6,1.6666666666666667,0.6,22,64,0.34375,26,60,0.43333333333333335,False,0,True,True
00944062,0,0,0,0,0,0,0,0,,,0,0,,0,0,,False,0,True,True
00944163,4,4,4,4,2,2,2,2,1.0,1.0,2,2,1.0,4,4,1.0,False,0,True,True
00944195,4,4,4,4,2,2,2,2,1.0,1.0,2,2,1.0,4,4,1.0,False,0,True,True
00944346,20,20,20,20,10,10,10,10,1.0,1.0,10,10,1.0,20,20,1.0,False,0,True,True
00944385,0,0,0,0,0,0,0,0,,,0,0,,0,0,,False,0,True,True
00944457,0,0,0,0,0,0,0,0,,,0,0,,0,0,,False,0,True,True
00944587,4,4,4,4,0,2,0,2,,1.0,2,2,1.0,0,0,,False,0,True,True
00944598,10,10,10,10,4,5,4,2,1.0,0.4,2,16,0.125,16,20,0.8,False,0,True,True
00944656,0,0,0,0,0,0,0,0,,,0,0,,0,0,,False,0,True,False
00944686,16,23,16,20,10,6,12,6,1.2,1.0,9,14,0.6428571428571429,12,16,0.75,False,1,True,True
00944748,22,22,22,22,8,14,5,10,0.625,0.7142857142857143,9,22,0.4090909090909091,21,28,0.75,False,0,True,True
00944863,4,4,4,4,2,2,2,2,1.0,1.0,2,2,1.0,4,4,1.0,False,0,True,True
00944943,1,1,1,1,0,1,0,1,,1.0,0,0,,0,0,,False,0,True,True
00945000,0,0,0,0,0,0,0,0,,,0,0,,0,0,,False,0,True,True
00945006,5,5,5,5,2,3,2,3,1.0,1.0,2,2,1.0,4,4,1.0,False,0,True,True
00945089,4,4,4,4,2,2,2,2,1.0,1.0,2,2,1.0,4,4,1.0,False,0,True,True
00945222,9,8,9,8,0,3,3,1,,0.3333333333333333,0,0,,0,0,,False,1,True,True
00945298,0,0,0,0,0,0,0,0,,,0,0,,0,0,,False,0,True,True
00945671,17,20,17,20,3,4,4,5,1.3333333333333333,1.25,0,0,,0,0,,False,4,True,True
00945748,4,4,4,4,2,2,2,2,1.0,1.0,2,2,1.0,4,4,1.0,False,0,True,True
00945841,4,4,4,4,2,2,2,2,1.0,1.0,2,2,1.0,4,4,1.0,False,0,True,True
00945846,4,4,4,4,2,2,2,2,1.0,1.0,2,2,1.0,4,4,1.0,False,0,True,True
00946208,5,5,5,5,0,0,0,0,,,0,0,,0,0,,False,0,True,True
00946356,0,0,0,0,0,0,0,0,,,0,0,,0,0,,False,0,True,True
00946436,0,0,0,0,0,0,0,0,,,0,0,,0,0,,False,0,True,True
00946451,12,14,12,12,6,4,3,2,0.5,0.5,0,0,,0,0,,False,1,True,True
00946574,8,8,8,8,4,4,4,4,1.0,1.0,4,4,1.0,8,8,1.0,False,0,True,True
00946617,8,8,8,8,4,4,4,4,1.0,1.0,12,12,1.0,16,16,1.0,False,0,True,True
00946705,4,4,4,4,2,2,2,2,1.0,1.0,2,2,1.0,4,4,1.0,False,0,True,True
00946815,6,6,6,6,1,2,2,2,2.0,1.0,1,2,0.5,2,2,1.0,False,0,True,True
00946888,0,0,0,0,0,0,0,0,,,0,0,,0,0,,False,0,True,True
00946908,4,4,4,4,2,2,2,2,1.0,1.0,2,2,1.0,4,4,1.0,False,0,True,True
00946945,16,16,16,16,10,6,10,6,1.0,1.0,30,30,1.0,36,36,1.0,False,0,True,True
00946996,4,4,4,4,2,2,2,2,1.0,1.0,2,2,1.0,4,4,1.0,False,0,True,True
00947029,4,4,4,4,2,2,2,2,1.0,1.0,2,2,1.0,4,4,1.0,False,0,True,True
00947145,39,39,39,39,18,18,15,15,0.8333333333333334,0.8333333333333334,17,25,0.68,30,33,0.9090909090909091,False,2,True,True
00947159,6,6,6,6,2,0,3,0,1.5,,1,1,1.0,0,0,,False,0,True,True
00947174,4,4,4,4,2,2,2,2,1.0,1.0,2,2,1.0,4,4,1.0,False,0,True,True
00947337,10,11,10,11,4,6,5,6,1.25,1.0,3,3,1.0,6,6,1.0,False,1,True,True
00947555,4,4,4,4,2,2,2,2,1.0,1.0,2,2,1.0,4,4,1.0,False,0,True,True
00947632,0,0,0,0,0,0,0,0,,,0,0,,0,0,,False,0,True,True
00947648,2,2,2,2,0,1,1,1,,1.0,0,0,,0,0,,False,0,True,True
00947881,0,0,0,0,0,0,0,0,,,0,0,,0,0,,False,0,True,True
00948014,4,4,4,4,2,2,2,2,1.0,1.0,2,2,1.0,4,4,1.0,False,0,True,True
00948060,24,24,24,24,12,12,12,12,1.0,1.0,28,28,1.0,40,40,1.0,False,0,True,True
00948062,8,8,8,8,3,4,3,4,1.0,1.0,6,6,1.0,9,9,1.0,False,0,True,True
00948106,0,0,0,0,0,0,0,0,,,0,0,,0,0,,False,0,True,True
00948171,16,16,16,16,8,8,8,8,1.0,1.0,8,8,1.0,16,16,1.0,False,0,True,True
00948426,12,12,12,12,5,4,5,4,1.0,1.0,5,6,0.8333333333333334,23,24,0.9583333333333334,False,0,True,True
00948602,6,6,6,6,2,0,2,0,1.0,,3,3,1.0,0,0,,False,0,True,True
00948647,23,0,23,22,19,4,0,0,0.0,0.0,0,0,,0,0,,False,0,True,False
00948991,4,4,4,4,2,2,2,2,1.0,1.0,2,2,1.0,4,4,1.0,False,0,True,True
00949139,4,4,4,4,2,2,2,2,1.0,1.0,2,2,1.0,4,4,1.0,False,0,True,True
00949278,0,0,0,0,0,0,0,0,,,0,0,,0,0,,False,0,True,True
00949686,9,9,9,8,3,3,5,3,1.6666666666666667,1.0,4,4,1.0,6,6,1.0,False,0,True,True
00949693,4,4,4,4,2,2,2,2,1.0,1.0,2,2,1.0,4,4,1.0,False,0,True,True
00949794,0,0,0,0,0,0,0,0,,,0,0,,0,0,,False,0,True,True
00950278,4,4,4,4,2,2,2,2,1.0,1.0,2,2,1.0,4,4,1.0,False,0,True,True
00950337,0,0,0,0,0,0,0,0,,,0,0,,0,0,,False,0,True,True
00950379,18,18,18,18,6,8,6,9,1.0,1.125,6,11,0.5454545454545454,29,38,0.7631578947368421,False,0,True,True
00950637,12,12,12,12,6,6,6,6,1.0,1.0,6,6,1.0,12,12,1.0,False,0,True,True
00950645,4,4,4,4,2,2,2,2,1.0,1.0,2,2,1.0,4,4,1.0,False,0,True,True
00950861,4,4,4,4,2,2,2,2,1.0,1.0,2,2,1.0,4,4,1.0,False,0,True,True
00950904,8,8,8,8,2,2,2,2,1.0,1.0,4,4,1.0,8,8,1.0,False,0,True,True
00950919,0,0,0,0,0,0,0,0,,,0,0,,0,0,,False,0,True,True
00951118,24,24,24,24,12,12,12,12,1.0,1.0,36,36,1.0,48,48,1.0,False,0,True,True
00951175,4,4,4,4,2,2,2,2,1.0,1.0,2,2,1.0,4,4,1.0,False,0,True,True
00951207,4,4,4,4,2,2,2,2,1.0,1.0,2,2,1.0,4,4,1.0,False,0,True,True
00951384,0,0,0,0,0,0,0,0,,,0,0,,0,0,,False,0,True,True
00951500,14,15,14,15,8,6,6,6,0.75,1.0,0,1,0.0,3,3,1.0,False,3,True,True
00951839,0,0,0,0,0,0,0,0,,,0,0,,0,0,,False,0,True,True
00951871,24,24,24,24,13,11,9,8,0.6923076923076923,0.7272727272727273,17,39,0.4358974358974359,23,49,0.46938775510204084,False,0,True,True
00951972,12,12,12,12,6,6,6,6,1.0,1.0,14,14,1.0,20,20,1.0,False,0,True,True
00952257,0,0,0,0,0,0,0,0,,,0,0,,0,0,,False,0,True,True
00952649,2,2,2,2,2,0,2,0,1.0,,1,1,1.0,0,0,,False,0,True,True
00952806,4,4,4,4,4,0,4,0,1.0,,6,6,1.0,0,0,,False,0,True,True
00952864,20,20,20,20,10,10,10,10,1.0,1.0,10,10,1.0,20,20,1.0,False,0,True,True
00952993,14,14,14,14,2,8,2,5,1.0,0.625,1,8,0.125,1,4,0.25,False,0,True,True
00953096,20,0,20,22,8,12,0,0,0.0,0.0,0,0,,0,0,,False,0,True,False
00953198,0,0,0,0,0,0,0,0,,,0,0,,0,0,,False,0,True,True
00953260,0,0,0,0,0,0,0,0,,,0,0,,0,0,,False,0,True,True
00953341,0,0,0,0,0,0,0,0,,,0,0,,0,0,,False,0,True,True
00953824,4,4,4,4,2,2,2,2,1.0,1.0,2,2,1.0,4,4,1.0,False,0,True,True
00953874,10,11,10,11,6,4,6,5,1.0,1.25,1,1,1.0,3,3,1.0,False,1,True,True
00953922,4,4,4,4,2,2,2,2,1.0,1.0,2,2,1.0,4,4,1.0,False,0,True,True
00953994,20,20,20,20,10,10,10,10,1.0,1.0,10,10,1.0,20,20,1.0,False,0,True,True
00954042,0,0,0,0,0,0,0,0,,,0,0,,0,0,,False,0,True,True
00954235,8,9,8,9,4,4,4,5,1.0,1.25,1,2,0.5,3,4,0.75,False,1,True,True
00954340,19,19,19,19,6,7,7,10,1.1666666666666667,1.4285714285714286,6,6,1.0,13,14,0.9285714285714286,False,0,True,True
00954417,4,4,4,4,2,2,2,2,1.0,1.0,2,2,1.0,4,4,1.0,False,0,True,True
00954582,8,8,8,8,4,4,3,4,0.75,1.0,3,4,0.75,6,8,0.75,False,0,True,True
00954595,2,2,2,2,0,1,0,1,,1.0,0,0,,0,0,,False,0,True,True
00954597,2,2,2,2,0,1,0,1,,1.0,0,0,,0,0,,False,0,True,True
00954749,6,5,6,5,4,0,4,0,1.0,,1,1,1.0,0,0,,False,1,True,True
00954846,8,8,8,8,4,4,4,4,1.0,1.0,4,4,1.0,8,8,1.0,False,0,True,True
00954848,4,4,4,4,2,2,2,2,1.0,1.0,2,2,1.0,4,4,1.0,False,0,True,True
00954859,2,2,2,2,1,0,1,0,1.0,,0,0,,0,0,,False,0,True,True
00954903,16,16,16,16,10,6,10,6,1.0,1.0,30,30,1.0,36,36,1.0,False,0,True,True
00954923,0,0,0,0,0,0,0,0,,,0,0,,0,0,,False,0,True,True
00955083,12,12,12,12,6,6,6,6,1.0,1.0,30,30,1.0,36,36,1.0,False,0,True,True
00955166,6,6,6,6,2,0,2,0,1.0,,3,3,1.0,0,0,,False,0,True,True
00955187,0,0,0,0,0,0,0,0,,,0,0,,0,0,,False,0,True,True
00955213,4,4,4,4,2,2,2,2,1.0,1.0,2,2,1.0,4,4,1.0,False,0,True,True
00955278,4,4,4,4,2,2,2,2,1.0,1.0,2,2,1.0,4,4,1.0,False,0,True,True
00955294,0,0,0,0,0,0,0,0,,,0,0,,0,0,,False,0,True,True
00955501,4,4,4,4,2,2,2,2,1.0,1.0,2,2,1.0,4,4,1.0,False,0,True,True
00955637,16,17,16,17,2,4,1,6,0.5,1.5,0,0,,0,0,,False,3,True,True
00955962,12,12,12,12,6,6,6,6,1.0,1.0,12,12,1.0,18,18,1.0,False,0,True,True
00956176,0,0,0,0,0,0,0,0,,,0,0,,0,0,,False,0,True,True
00956328,4,4,4,4,0,1,0,1,,1.0,0,0,,0,0,,False,0,True,True
00956634,4,4,4,4,2,2,2,2,1.0,1.0,2,2,1.0,4,4,1.0,False,0,True,True
00956792,4,4,4,4,1,0,0,0,0.0,,0,0,,0,0,,False,0,True,True
00956806,12,12,12,12,6,6,6,6,1.0,1.0,14,14,1.0,20,20,1.0,False,0,True,True
00957037,8,8,8,8,2,2,3,2,1.5,1.0,2,2,1.0,4,4,1.0,False,0,True,True
00957207,4,4,4,4,2,2,2,2,1.0,1.0,2,2,1.0,4,4,1.0,False,0,True,True
00957272,12,12,12,12,5,5,4,4,0.8,0.8,12,20,0.6,25,25,1.0,False,0,True,True
00957377,4,4,4,4,2,2,2,2,1.0,1.0,2,2,1.0,4,4,1.0,False,0,True,True
00957517,6,6,6,6,0,6,0,6,,1.0,7,7,1.0,0,0,,False,0,True,True
00957604,8,8,8,8,4,4,3,3,0.75,0.75,6,12,0.5,13,16,0.8125,False,0,True,True
00958099,0,0,0,0,0,0,0,0,,,0,0,,0,0,,False,0,True,True
00958192,6,6,6,6,2,0,2,0,1.0,,3,3,1.0,0,0,,False,0,True,True
00958227,24,24,24,24,12,12,12,12,1.0,1.0,20,20,1.0,32,32,1.0,False,0,True,True
00958838,0,0,0,0,0,0,0,0,,,0,0,,0,0,,False,0,True,True
00959048,6,6,6,6,2,0,2,0,1.0,,3,3,1.0,0,0,,False,0,True,True
00959189,16,18,16,18,6,5,8,7,1.3333333333333333,1.4,2,2,1.0,4,4,1.0,True,3,True,True
00959397,6,6,6,6,0,0,0,0,,,0,0,,0,0,,False,0,True,True
00959441,16,15,16,15,2,2,5,3,2.5,1.5,2,2,1.0,5,5,1.0,False,1,True,True
00959602,12,12,12,12,6,6,6,6,1.0,1.0,6,6,1.0,12,12,1.0,False,0,True,True
00959675,4,4,4,4,2,2,2,2,1.0,1.0,2,2,1.0,4,4,1.0,False,0,True,True
00959791,4,4,4,4,2,2,2,2,1.0,1.0,2,2,1.0,4,4,1.0,False,0,True,True
00959814,4,4,4,4,2,2,2,2,1.0,1.0,2,2,1.0,4,4,1.0,False,0,True,True
00960059,8,8,8,8,4,4,4,4,1.0,1.0,4,4,1.0,8,8,1.0,False,0,True,True
00960063,29,29,29,29,15,14,15,14,1.0,1.0,16,16,1.0,30,30,1.0,False,0,True,True
00960070,28,28,28,28,14,14,11,13,0.7857142857142857,0.9285714285714286,15,28,0.5357142857142857,28,42,0.6666666666666666,False,0,True,True
00960317,4,4,4,4,2,2,2,2,1.0,1.0,2,2,1.0,4,4,1.0,False,0,True,True
00960368,16,16,16,16,8,8,8,8,1.0,1.0,8,8,1.0,16,16,1.0,False,0,True,True
00960378,0,0,0,0,0,0,0,0,,,0,0,,0,0,,False,0,True,True
00960492,8,8,8,8,4,4,4,4,1.0,1.0,4,4,1.0,8,8,1.0,False,0,True,True
00960512,4,4,4,4,2,2,2,2,1.0,1.0,2,2,1.0,4,4,1.0,False,0,True,True
00960635,8,8,8,8,4,4,4,4,1.0,1.0,4,4,1.0,8,8,1.0,False,0,True,True
00960916,4,4,4,4,2,2,2,2,1.0,1.0,2,2,1.0,4,4,1.0,False,0,True,True
00960929,6,6,6,6,3,3,3,3,1.0,1.0,6,6,1.0,9,9,1.0,False,0,True,True
00960994,0,0,0,0,0,0,0,0,,,0,0,,0,0,,False,0,True,True
00961053,18,18,18,18,8,2,7,4,0.875,2.0,4,14,0.2857142857142857,3,8,0.375,False,0,True,True
00961133,0,0,0,0,0,0,0,0,,,0,0,,0,0,,False,0,True,True
00961188,5,5,5,5,1,0,1,0,1.0,,0,0,,0,0,,False,0,True,True
00961338,8,8,8,8,4,4,4,4,1.0,1.0,12,12,1.0,16,16,1.0,False,0,True,True
00961521,22,22,22,22,14,8,14,8,1.0,1.0,23,23,1.0,28,28,1.0,False,0,True,True
00961694,16,16,16,16,10,6,10,6,1.0,1.0,30,30,1.0,36,36,1.0,False,0,True,True
00961744,0,0,0,0,0,0,0,0,,,0,0,,0,0,,False,0,True,True
00961756,0,0,0,0,0,0,0,0,,,0,0,,0,0,,False,0,True,True
00962058,4,4,4,4,2,2,2,2,1.0,1.0,2,2,1.0,4,4,1.0,False,0,True,True
00962067,8,8,8,8,4,4,4,4,1.0,1.0,4,4,1.0,8,8,1.0,False,0,True,True
00962186,7,7,7,7,2,2,2,1,1.0,0.5,1,2,0.5,2,4,0.5,False,0,True,True
00962197,10,10,10,10,5,4,5,5,1.0,1.25,6,6,1.0,10,10,1.0,False,0,True,True
00962291,11,11,11,11,5,6,5,6,1.0,1.0,25,25,1.0,30,30,1.0,False,0,True,True
00962302,0,0,0,0,0,0,0,0,,,0,0,,0,0,,False,0,True,True
00962440,0,0,0,0,0,0,0,0,,,0,0,,0,0,,False,0,True,True
00962470,0,0,0,0,0,0,0,0,,,0,0,,0,0,,False,0,True,True
00962504,14,14,14,14,5,4,5,4,1.0,1.0,9,16,0.5625,29,33,0.8787878787878788,False,0,True,True
00962578,15,15,15,15,7,7,7,7,1.0,1.0,6,6,1.0,13,13,1.0,False,0,True,True
00962888,8,9,8,8,4,4,3,2,0.75,0.5,0,0,,0,0,,False,1,True,True
00962959,6,6,6,6,3,3,2,3,0.6666666666666666,1.0,4,6,0.6666666666666666,9,9,1.0,False,0,True,True
00963022,1,1,1,1,1,0,1,0,1.0,,0,0,,0,0,,False,0,True,True
00963386,4,4,4,4,1,2,1,2,1.0,1.0,1,1,1.0,2,2,1.0,False,0,True,True
00963405,8,8,8,8,4,4,4,4,1.0,1.0,12,12,1.0,16,16,1.0,False,0,True,True
00963476,3,3,3,3,1,2,1,2,1.0,1.0,1,1,1.0,2,2,1.0,False,0,True,True
00963486,3,3,3,3,0,2,0,1,,0.5,0,1,0.0,0,0,,False,0,True,True
00963721,16,16,16,16,8,8,8,8,1.0,1.0,8,8,1.0,16,16,1.0,False,0,True,True
00963918,4,4,4,4,2,2,2,2,1.0,1.0,2,2,1.0,4,4,1.0,False,0,True,True
00964367,12,12,12,12,6,6,6,6,1.0,1.0,6,6,1.0,12,12,1.0,False,0,True,True
00964444,4,4,4,4,2,2,2,2,1.0,1.0,2,2,1.0,4,4,1.0,False,0,True,True
00964534,4,4,4,4,2,2,2,2,1.0,1.0,2,2,1.0,4,4,1.0,False,0,True,True
00964733,4,4,4,4,2,0,2,0,1.0,,2,2,1.0,0,0,,False,0,True,True
00964767,6,6,4,4,1,2,2,2,2.0,1.0,1,1,1.0,11,11,1.0,False,0,True,True
00964946,4,4,4,4,2,2,2,2,1.0,1.0,2,2,1.0,4,4,1.0,False,0,True,True
00965005,4,4,4,4,2,2,2,2,1.0,1.0,2,2,1.0,4,4,1.0,False,0,True,True
00965440,0,0,0,0,0,0,0,0,,,0,0,,0,0,,False,0,True,True
00965454,6,6,6,6,0,0,0,0,,,1,1,1.0,0,0,,False,0,True,True
00965632,27,27,27,27,11,12,7,6,0.6363636363636364,0.5,13,121,0.10743801652892562,73,158,0.4620253164556962,False,0,True,True
00965826,4,4,4,4,2,2,2,2,1.0,1.0,2,2,1.0,4,4,1.0,False,0,True,True
00965887,4,4,4,4,2,2,2,2,1.0,1.0,2,2,1.0,4,4,1.0,False,0,True,True
00965930,31,31,31,31,15,15,15,14,1.0,0.9333333333333333,13,14,0.9285714285714286,27,29,0.9310344827586207,False,0,True,True
00965974,4,4,4,4,2,2,2,2,1.0,1.0,2,2,1.0,4,4,1.0,False,0,True,True
00966092,0,0,0,0,0,0,0,0,,,0,0,,0,0,,False,0,True,True
00966330,2,2,2,2,0,0,0,1,,,0,0,,0,0,,False,0,True,True
00966577,9,10,9,9,3,2,3,3,1.0,1.5,0,0,,0,0,,False,1,True,True
00966630,4,4,4,4,2,2,2,2,1.0,1.0,2,2,1.0,4,4,1.0,False,0,True,True
00966641,4,4,4,4,2,2,2,2,1.0,1.0,2,2,1.0,4,4,1.0,False,0,True,True
00966979,2,2,2,2,2,0,2,0,1.0,,1,1,1.0,0,0,,False,0,True,True
00967701,8,8,8,8,4,2,4,2,1.0,1.0,2,2,1.0,4,4,1.0,False,0,True,True
00967704,4,4,4,4,2,2,2,2,1.0,1.0,2,2,1.0,4,4,1.0,False,0,True,True
00967732,12,12,12,12,4,6,5,5,1.25,0.8333333333333334,6,8,0.75,12,12,1.0,False,0,True,True
00967766,5,5,5,5,2,2,2,2,1.0,1.0,2,2,1.0,8,8,1.0,False,0,True,True
00968251,12,13,12,13,2,2,1,3,0.5,1.5,0,0,,0,0,,False,1,True,True
00968279,6,6,6,6,4,2,4,2,1.0,1.0,7,7,1.0,8,8,1.0,False,0,True,True
00968464,10,10,10,10,2,0,3,0,1.5,,1,1,1.0,0,0,,False,0,True,True
00968592,4,4,4,4,2,2,2,2,1.0,1.0,2,2,1.0,4,4,1.0,False,0,True,True
00968854,12,12,12,12,6,6,6,6,1.0,1.0,6,14,0.42857142857142855,12,20,0.6,False,0,True,True
00968994,4,4,4,4,2,2,2,2,1.0,1.0,2,2,1.0,4,4,1.0,False,0,True,True
00969000,4,4,4,4,2,2,2,2,1.0,1.0,2,2,1.0,4,4,1.0,False,0,True,True
00969037,4,4,4,4,2,2,2,2,1.0,1.0,2,2,1.0,4,4,1.0,False,0,True,True
00969163,4,4,4,4,2,2,2,2,1.0,1.0,2,2,1.0,4,4,1.0,False,0,True,True
00969615,0,0,0,0,0,0,0,0,,,0,0,,0,0,,False,0,True,True
00969646,8,8,8,8,4,4,4,4,1.0,1.0,4,4,1.0,8,8,1.0,False,0,True,True
00969679,6,6,6,6,1,2,1,3,1.0,1.5,1,1,1.0,0,2,0.0,False,0,True,True
00970070,0,0,0,0,0,0,0,0,,,0,0,,0,0,,False,0,True,True
00970125,1,1,1,1,0,1,0,1,,1.0,0,0,,0,0,,False,0,True,True
00970210,20,20,20,20,10,10,10,10,1.0,1.0,10,10,1.0,20,20,1.0,False,0,True,True
00970290,14,14,14,14,7,7,7,7,1.0,1.0,10,10,1.0,17,17,1.0,False,0,True,True
00970377,4,4,4,4,2,2,2,2,1.0,1.0,2,2,1.0,4,4,1.0,False,0,True,True
00970450,4,4,4,4,2,2,2,2,1.0,1.0,2,2,1.0,4,4,1.0,False,0,True,True
00970636,4,4,4,4,2,2,2,2,1.0,1.0,2,2,1.0,4,4,1.0,False,0,True,True
00970813,13,13,13,13,6,6,6,5,1.0,0.8333333333333334,8,14,0.5714285714285714,13,20,0.65,False,0,True,True
00971043,18,20,18,20,0,4,3,6,,1.5,0,0,,0,0,,False,2,True,True
00971059,4,4,4,4,2,2,2,2,1.0,1.0,2,2,1.0,4,4,1.0,False,0,True,True
00971439,12,12,12,12,6,6,5,6,0.8333333333333334,1.0,4,6,0.6666666666666666,9,12,0.75,False,0,True,True
00972236,10,11,10,11,5,5,2,3,0.4,0.6,0,0,,0,0,,False,1,True,True
00972239,10,12,10,12,5,5,3,3,0.6,0.6,0,0,,0,0,,False,1,True,True
00972508,0,0,0,0,0,0,0,0,,,0,0,,0,0,,False,0,True,True
00972726,28,26,28,26,0,1,5,5,,5.0,0,3,0.0,0,1,0.0,False,1,True,True
00972754,4,4,4,4,2,2,2,2,1.0,1.0,2,2,1.0,4,4,1.0,False,0,True,True
00972984,4,4,4,4,0,0,0,0,,,0,0,,0,0,,False,0,True,True
00973083,0,0,0,0,0,0,0,0,,,0,0,,0,0,,False,0,True,True
00973291,4,4,4,4,2,2,2,2,1.0,1.0,2,2,1.0,4,4,1.0,False,0,True,True
00973378,10,10,10,10,0,10,0,9,,0.9,4,5,0.8,0,0,,False,0,True,True
00973418,4,4,4,4,2,2,2,2,1.0,1.0,2,2,1.0,4,4,1.0,False,0,True,True
00973543,12,12,12,12,6,6,6,6,1.0,1.0,6,6,1.0,12,12,1.0,False,0,True,True
00973694,8,8,8,8,4,4,4,4,1.0,1.0,4,4,1.0,8,8,1.0,False,0,True,True
00973740,4,4,4,4,2,2,2,2,1.0,1.0,2,2,1.0,4,4,1.0,False,0,True,True
00973754,4,4,4,4,2,2,2,2,1.0,1.0,2,2,1.0,4,4,1.0,False,0,True,True
00973901,4,4,4,4,2,2,2,2,1.0,1.0,2,2,1.0,4,4,1.0,False,0,True,True
00974225,4,4,4,4,2,2,2,2,1.0,1.0,2,2,1.0,4,4,1.0,False,0,True,True
00974549,0,0,0,0,0,0,0,0,,,0,0,,0,0,,False,0,True,True
00974811,6,6,6,6,2,0,2,0,1.0,,1,1,1.0,0,0,,False,0,True,True
00974865,4,4,4,4,2,2,2,2,1.0,1.0,2,2,1.0,4,4,1.0,False,0,True,True
00975187,4,4,4,4,2,2,2,2,1.0,1.0,2,2,1.0,4,4,1.0,False,0,True,True
00975325,7,7,7,7,3,4,3,3,1.0,0.75,6,9,0.6666666666666666,9,12,0.75,False,0,True,True
00975447,4,4,4,4,2,2,2,2,1.0,1.0,2,2,1.0,4,4,1.0,False,0,True,True
00975547,4,4,4,4,2,2,2,2,1.0,1.0,2,2,1.0,4,4,1.0,False,0,True,True
00975610,8,8,8,8,4,4,4,4,1.0,1.0,12,12,1.0,16,16,1.0,False,0,True,True
00975877,0,0,0,0,0,0,0,0,,,0,0,,0,0,,False,0,True,True
00975982,0,0,0,0,0,0,0,0,,,0,0,,0,0,,False,0,True,True
00976340,10,10,10,10,6,4,6,4,1.0,1.0,21,21,1.0,24,24,1.0,False,0,True,True
00976443,0,0,0,0,0,0,0,0,,,0,0,,0,0,,False,0,True,True
00976463,28,0,28,25,12,16,0,0,0.0,0.0,0,0,,0,0,,False,0,True,False
00976516,4,4,4,4,2,2,2,2,1.0,1.0,2,2,1.0,4,4,1.0,False,0,True,True
00976541,4,4,4,4,2,2,2,2,1.0,1.0,2,2,1.0,4,4,1.0,False,0,True,True
00976631,8,8,8,8,4,4,4,4,1.0,1.0,12,12,1.0,16,16,1.0,False,0,True,True
00976949,8,8,8,8,4,4,4,4,1.0,1.0,4,4,1.0,8,8,1.0,False,0,True,True
00976985,2,2,2,2,0,0,0,0,,,0,0,,0,0,,False,0,True,True
00977050,4,4,4,4,2,2,2,2,1.0,1.0,2,2,1.0,4,4,1.0,False,0,True,True
00977060,4,4,4,4,2,2,2,2,1.0,1.0,2,2,1.0,4,4,1.0,False,0,True,True
00977082,5,5,5,5,3,2,3,2,1.0,1.0,2,2,1.0,4,4,1.0,False,0,True,True
00977143,17,18,17,18,6,6,7,6,1.1666666666666667,1.0,4,4,1.0,8,8,1.0,False,1,True,True
00977445,0,0,0,0,0,0,0,0,,,0,0,,0,0,,False,0,True,True
00977657,0,0,0,0,0,0,0,0,,,0,0,,0,0,,False,0,True,True
00977659,6,6,6,6,3,3,3,3,1.0,1.0,6,6,1.0,9,9,1.0,False,0,True,True
00978033,4,4,4,4,2,2,2,2,1.0,1.0,2,2,1.0,4,4,1.0,False,0,True,True
00978110,0,0,0,0,0,0,0,0,,,0,0,,0,0,,False,0,True,True
00978195,4,4,4,4,2,2,2,2,1.0,1.0,2,2,1.0,4,4,1.0,False,0,True,True
00978207,4,4,4,4,2,2,2,2,1.0,1.0,2,2,1.0,4,4,1.0,False,0,True,True
00978300,4,4,4,4,2,2,2,2,1.0,1.0,2,2,1.0,4,4,1.0,False,0,True,True
00978347,20,0,20,23,10,10,0,0,0.0,0.0,0,0,,0,0,,False,0,True,False
00978350,20,24,20,24,10,10,9,11,0.9,1.1,6,16,0.375,16,24,0.6666666666666666,False,2,True,True
00978488,12,12,12,12,6,6,6,6,1.0,1.0,30,30,1.0,36,36,1.0,False,0,True,True
00978515,4,4,4,4,2,2,2,2,1.0,1.0,2,2,1.0,4,4,1.0,False,0,True,True
00978724,10,10,10,10,2,1,3,2,1.5,2.0,1,1,1.0,2,2,1.0,False,0,True,True
00978984,0,0,0,0,0,0,0,0,,,0,0,,0,0,,False,0,True,True
00979100,21,25,21,25,7,6,8,8,1.1428571428571428,1.3333333333333333,0,0,,1,1,1.0,True,3,True,True
00979223,0,0,0,0,0,0,0,0,,,0,0,,0,0,,False,0,True,True
00979264,0,0,0,0,0,0,0,0,,,0,0,,0,0,,False,0,True,True
00979269,4,4,4,4,2,2,2,2,1.0,1.0,2,2,1.0,4,4,1.0,False,0,True,True
00979693,5,5,5,5,2,2,2,2,1.0,1.0,2,2,1.0,4,4,1.0,False,0,True,True
00979849,4,4,4,4,2,2,2,2,1.0,1.0,2,2,1.0,4,4,1.0,False,0,True,True
00979943,8,7,8,7,0,0,1,4,,,0,0,,0,0,,False,1,True,True
00979955,4,4,4,4,2,2,2,2,1.0,1.0,2,2,1.0,4,4,1.0,False,0,True,True
00980080,6,6,6,6,2,0,2,0,1.0,,3,3,1.0,0,0,,False,0,True,True
00980241,0,0,0,0,0,0,0,0,,,0,0,,0,0,,False,0,True,True
00980287,15,0,15,18,9,6,0,0,0.0,0.0,0,0,,0,0,,False,0,True,False
00980343,6,6,6,6,3,3,3,3,1.0,1.0,2,2,1.0,5,5,1.0,False,0,True,True
00980526,22,22,22,22,11,2,11,5,1.0,2.5,17,27,0.6296296296296297,12,14,0.8571428571428571,False,0,True,True
00980840,0,0,0,0,0,0,0,0,,,0,0,,0,0,,False,0,True,True
00980842,4,4,4,4,2,2,2,2,1.0,1.0,2,2,1.0,4,4,1.0,False,0,True,True
00980946,21,21,21,21,7,10,7,6,1.0,0.6,0,0,,0,2,0.0,False,2,True,True
00981070,4,4,4,4,2,2,2,2,1.0,1.0,2,2,1.0,4,4,1.0,False,0,True,True
00981087,16,16,16,16,8,8,8,7,1.0,0.875,7,8,0.875,14,16,0.875,False,0,True,True
00981259,12,13,12,13,2,2,2,4,1.0,2.0,2,2,1.0,4,4,1.0,False,1,True,True
00981356,4,4,4,4,2,2,2,2,1.0,1.0,2,2,1.0,4,4,1.0,False,0,True,True
00981373,4,4,4,4,2,2,2,2,1.0,1.0,2,2,1.0,4,4,1.0,False,0,True,True
00981529,4,4,4,4,2,2,2,2,1.0,1.0,2,2,1.0,4,4,1.0,False,0,True,True
00981569,5,5,5,5,3,2,3,2,1.0,1.0,2,2,1.0,4,4,1.0,False,0,True,True
00981638,5,5,5,5,2,2,2,2,1.0,1.0,2,2,1.0,4,4,1.0,False,0,True,True
00981640,4,4,4,4,2,2,2,2,1.0,1.0,2,2,1.0,4,4,1.0,False,0,True,True
00981652,8,8,8,8,4,4,4,4,1.0,1.0,12,12,1.0,16,16,1.0,False,0,True,True
00981706,4,4,4,4,2,2,2,2,1.0,1.0,2,2,1.0,4,4,1.0,False,0,True,True
00981839,34,34,34,34,18,16,15,14,0.8333333333333334,0.875,20,28,0.7142857142857143,30,40,0.75,True,1,True,True
00981891,8,8,8,8,2,2,2,2,1.0,1.0,2,2,1.0,5,5,1.0,False,0,True,True
00981923,0,0,0,0,0,0,0,0,,,0,0,,0,0,,False,0,True,True
00981931,28,28,28,28,16,12,11,11,0.6875,0.9166666666666666,24,54,0.4444444444444444,39,64,0.609375,False,0,True,True
00982343,4,4,4,4,2,2,2,2,1.0,1.0,2,2,1.0,4,4,1.0,False,0,True,True
00982695,12,12,12,12,6,6,6,6,1.0,1.0,14,14,1.0,20,20,1.0,False,0,True,True
00982904,2,2,2,2,1,1,1,1,1.0,1.0,0,0,,1,1,1.0,False,0,True,True
00983119,14,13,14,13,10,4,3,5,0.3,1.25,0,2,0.0,1,1,1.0,False,4,True,True
00983512,12,12,12,12,6,6,5,6,0.8333333333333334,1.0,5,6,0.8333333333333334,10,12,0.8333333333333334,False,0,True,True
00983602,12,12,12,12,6,6,5,5,0.8333333333333334,0.8333333333333334,20,30,0.6666666666666666,31,36,0.8611111111111112,False,0,True,True
00983684,10,10,10,10,4,4,4,3,1.0,0.75,9,12,0.75,12,16,0.75,False,0,True,True
00983914,4,4,4,4,2,2,2,2,1.0,1.0,2,2,1.0,4,4,1.0,False,0,True,True
00983933,0,0,0,0,0,0,0,0,,,0,0,,0,0,,False,0,True,True
00984012,7,6,7,6,0,0,0,0,,,0,0,,0,0,,False,1,True,True
00984118,0,0,0,0,0,0,0,0,,,0,0,,0,0,,False,0,True,True
00984230,0,0,0,0,0,0,0,0,,,0,0,,0,0,,False,0,True,True
00984238,4,4,4,4,2,2,2,2,1.0,1.0,2,2,1.0,4,4,1.0,False,0,True,True
00984375,0,0,0,0,0,0,0,0,,,0,0,,0,0,,False,0,True,True
00984763,16,16,16,16,8,8,7,8,0.875,1.0,15,16,0.9375,22,24,0.9166666666666666,False,0,True,True
00984833,10,10,10,10,4,6,4,5,1.0,0.8333333333333334,6,9,0.6666666666666666,12,12,1.0,False,0,True,True
00985066,20,20,20,20,10,10,10,10,1.0,1.0,10,10,1.0,20,20,1.0,False,0,True,True
00985118,4,4,4,4,2,2,2,2,1.0,1.0,2,2,1.0,4,4,1.0,False,0,True,True
00985149,0,0,0,0,0,0,0,0,,,0,0,,0,0,,False,0,True,True
00985194,32,32,32,32,16,16,9,6,0.5625,0.375,17,112,0.15178571428571427,58,128,0.453125,False,0,True,True
00985241,24,24,24,24,12,12,12,12,1.0,1.0,12,12,1.0,24,24,1.0,False,0,True,True
00985305,4,4,4,4,2,2,2,2,1.0,1.0,2,2,1.0,4,4,1.0,False,0,True,True
00985462,0,0,0,0,0,0,0,0,,,0,0,,0,0,,False,0,True,True
00985779,4,4,4,4,2,2,2,2,1.0,1.0,2,2,1.0,4,4,1.0,False,0,True,True
00986047,4,4,4,4,2,2,2,2,1.0,1.0,2,2,1.0,4,4,1.0,False,0,True,True
00986112,4,4,4,4,0,0,0,1,,,0,0,,0,0,,False,0,True,True
00986248,8,8,8,8,4,2,5,2,1.25,1.0,7,7,1.0,8,8,1.0,False,0,True,True
00986512,12,12,12,12,6,6,6,6,1.0,1.0,14,14,1.0,20,20,1.0,False,0,True,True
00986584,4,4,4,4,0,0,0,0,,,0,0,,0,0,,False,0,True,True
00986600,8,8,8,8,4,4,4,4,1.0,1.0,4,4,1.0,8,8,1.0,False,0,True,True
00986758,4,4,4,4,2,2,2,2,1.0,1.0,2,2,1.0,4,4,1.0,False,0,True,True
00987016,4,4,4,4,2,2,2,2,1.0,1.0,2,2,1.0,4,4,1.0,False,0,True,True
00987045,16,16,16,16,8,8,8,7,1.0,0.875,7,8,0.875,14,16,0.875,False,0,True,True
00987075,16,17,16,17,12,4,11,5,0.9166666666666666,1.25,13,18,0.7222222222222222,14,14,1.0,False,1,True,True
00987080,6,6,6,6,2,0,2,0,1.0,,3,3,1.0,0,0,,False,0,True,True
00987297,0,0,0,0,0,0,0,0,,,0,0,,0,0,,False,0,True,True
00987368,6,6,6,6,2,0,2,0,1.0,,3,3,1.0,0,0,,False,0,True,True
00987427,4,4,4,4,0,2,0,3,,1.5,0,1,0.0,0,0,,False,0,True,True
00987712,8,8,8,8,4,4,4,4,1.0,1.0,4,4,1.0,8,8,1.0,False,0,True,True
00987810,24,24,24,24,12,12,11,10,0.9166666666666666,0.8333333333333334,22,36,0.6111111111111112,43,48,0.8958333333333334,False,0,True,True
00987887,4,4,4,4,2,2,2,2,1.0,1.0,2,2,1.0,4,4,1.0,False,0,True,True
00987922,8,10,8,10,4,4,4,6,1.0,1.5,1,3,0.3333333333333333,0,0,,False,1,True,True
00987936,4,4,4,4,2,2,2,2,1.0,1.0,2,2,1.0,4,4,1.0,False,0,True,True
00988208,0,0,0,0,0,0,0,0,,,0,0,,0,0,,False,0,True,True
00988566,4,4,4,4,2,2,2,2,1.0,1.0,2,2,1.0,4,4,1.0,False,0,True,True
00989092,24,28,24,28,12,12,8,11,0.6666666666666666,0.9166666666666666,4,4,1.0,8,8,1.0,True,1,True,True
00989277,28,28,28,28,14,14,14,14,1.0,1.0,14,14,1.0,28,28,1.0,False,0,True,True
00989402,4,4,4,4,2,2,2,2,1.0,1.0,2,2,1.0,4,4,1.0,False,0,True,True
00989458,4,4,4,4,2,1,2,1,1.0,1.0,1,1,1.0,2,2,1.0,False,0,True,True
00989459,4,4,4,4,2,1,2,1,1.0,1.0,1,1,1.0,2,2,1.0,False,0,True,True
00989464,4,4,4,4,2,1,2,1,1.0,1.0,1,1,1.0,2,2,1.0,False,0,True,True
00989510,6,6,6,6,2,0,2,0,1.0,,3,3,1.0,0,0,,False,0,True,True
00989923,6,6,6,6,2,0,2,0,1.0,,3,3,1.0,0,0,,False,0,True,True
00990315,8,8,8,8,4,4,4,4,1.0,1.0,4,4,1.0,8,8,1.0,False,0,True,True
00990394,4,4,4,4,2,2,2,2,1.0,1.0,2,2,1.0,4,4,1.0,False,0,True,True
00990421,0,0,0,0,0,0,0,0,,,0,0,,0,0,,False,0,True,True
00990609,15,16,15,16,6,9,7,9,1.1666666666666667,1.0,2,3,0.6666666666666666,5,6,0.8333333333333334,False,3,True,True
00990618,0,0,0,0,0,0,0,0,,,0,0,,0,0,,False,0,True,True
00990947,13,13,13,13,7,6,7,5,1.0,0.8333333333333334,31,36,0.8611111111111112,35,42,0.8333333333333334,False,0,True,True
00990978,4,4,4,4,2,2,2,2,1.0,1.0,2,2,1.0,4,4,1.0,False,0,True,True
00990986,4,4,4,4,2,2,2,2,1.0,1.0,2,2,1.0,4,4,1.0,False,0,True,True
00991062,4,4,4,4,2,2,2,2,1.0,1.0,2,2,1.0,4,4,1.0,False,0,True,True
00991101,4,4,4,4,2,2,2,2,1.0,1.0,2,2,1.0,4,4,1.0,False,0,True,True
00991484,4,4,4,4,2,2,2,2,1.0,1.0,2,2,1.0,4,4,1.0,False,0,True,True
00991489,4,4,4,4,2,2,2,2,1.0,1.0,2,2,1.0,4,4,1.0,False,0,True,True
00991553,4,4,4,4,2,2,2,2,1.0,1.0,2,2,1.0,4,4,1.0,False,0,True,True
00991826,7,7,7,7,3,2,3,2,1.0,1.0,4,4,1.0,6,6,1.0,False,0,True,True
00992460,6,6,6,6,4,2,3,2,0.75,1.0,4,7,0.5714285714285714,6,8,0.75,False,0,True,True
00992484,8,8,8,8,4,4,3,4,0.75,1.0,9,12,0.75,12,16,0.75,False,0,True,True
00992505,0,0,0,0,0,0,0,0,,,0,0,,0,0,,False,0,True,True
00992586,4,4,4,4,2,2,2,2,1.0,1.0,2,2,1.0,4,4,1.0,False,0,True,True
00992611,10,9,10,9,2,8,1,5,0.5,0.625,1,2,0.5,0,0,,False,1,True,True
00992676,0,0,0,0,0,0,0,0,,,0,0,,0,0,,False,0,True,True
00992691,32,20,32,38,16,16,10,8,0.625,0.5,21,26,0.8076923076923077,28,36,0.7777777777777778,True,0,True,True
00992816,4,4,4,4,2,2,2,2,1.0,1.0,2,2,1.0,4,4,1.0,False,0,True,True
00992885,26,26,26,26,13,13,12,12,0.9230769230769231,0.9230769230769231,11,16,0.6875,22,29,0.7586206896551724,False,0,True,True
00993146,7,7,7,7,4,3,4,3,1.0,1.0,3,3,1.0,6,6,1.0,False,0,True,True
00993147,3,3,3,3,1,1,1,1,1.0,1.0,0,0,,1,1,1.0,False,0,True,True
00993185,16,16,16,16,8,8,8,8,1.0,1.0,16,16,1.0,24,24,1.0,False,0,True,True
00993187,12,10,12,10,4,4,2,3,0.5,0.75,2,2,1.0,4,4,1.0,False,1,True,True
00993199,0,0,0,0,0,0,0,0,,,0,0,,0,0,,False,0,True,True
00993253,4,4,4,4,2,2,2,2,1.0,1.0,2,2,1.0,4,4,1.0,False,0,True,True
00993258,4,4,4,4,2,2,2,2,1.0,1.0,2,2,1.0,4,4,1.0,False,0,True,True
00993316,4,4,4,4,2,2,2,2,1.0,1.0,2,2,1.0,4,4,1.0,False,0,True,True
00993376,12,12,12,12,6,6,6,6,1.0,1.0,30,30,1.0,36,36,1.0,False,0,True,True
00993604,32,32,32,32,16,16,16,16,1.0,1.0,16,16,1.0,32,32,1.0,False,0,True,True
00993788,14,14,14,14,4,10,3,8,0.75,0.8,2,3,0.6666666666666666,2,4,0.5,False,0,True,True
00993808,6,6,6,6,3,3,3,3,1.0,1.0,6,6,1.0,9,9,1.0,False,0,True,True
00994370,0,0,0,0,0,0,0,0,,,0,0,,0,0,,False,0,True,True
00994739,4,4,4,4,2,2,2,2,1.0,1.0,2,2,1.0,4,4,1.0,False,0,True,True
00994870,0,0,0,0,0,0,0,0,,,0,0,,0,0,,False,0,True,True
00995116,9,9,9,9,3,4,3,4,1.0,1.0,9,9,1.0,12,12,1.0,False,0,True,True
00995406,12,12,12,12,6,6,6,6,1.0,1.0,30,30,1.0,36,36,1.0,False,0,True,True
00995430,10,12,10,12,4,2,4,2,1.0,1.0,0,0,,0,0,,False,2,True,True
00995645,0,0,0,0,0,0,0,0,,,0,0,,0,0,,False,0,True,True
00995772,16,16,16,16,8,8,8,8,1.0,1.0,8,8,1.0,16,16,1.0,False,0,True,True
00995840,4,4,4,4,2,2,2,2,1.0,1.0,2,2,1.0,4,4,1.0,False,0,True,True
00996068,0,0,0,0,0,0,0,0,,,0,0,,0,0,,False,0,True,True
00996077,0,0,0,0,0,0,0,0,,,0,0,,0,0,,False,0,True,True
00996325,0,0,0,0,0,0,0,0,,,0,0,,0,0,,False,0,True,True
00996428,4,4,4,4,2,2,2,2,1.0,1.0,2,2,1.0,4,4,1.0,False,0,True,True
00996458,8,8,8,8,4,4,4,4,1.0,1.0,12,12,1.0,16,16,1.0,False,0,True,True
00996515,36,36,36,36,18,18,17,18,0.9444444444444444,1.0,17,18,0.9444444444444444,34,36,0.9444444444444444,False,0,True,True
00996817,4,4,4,4,2,2,2,2,1.0,1.0,2,2,1.0,4,4,1.0,False,0,True,True
00996941,4,4,4,4,2,2,2,2,1.0,1.0,2,2,1.0,4,4,1.0,False,0,True,True
00996988,24,24,24,24,8,14,8,11,1.0,0.7857142857142857,15,24,0.625,24,26,0.9230769230769231,False,0,True,True
00997324,6,6,6,6,0,0,0,1,,,0,1,0.0,0,0,,False,0,True,True
00997577,5,5,5,5,0,0,1,0,,,0,0,,0,0,,False,0,True,True
00997964,4,4,4,4,2,2,2,2,1.0,1.0,2,2,1.0,4,4,1.0,False,0,True,True
00998028,8,8,8,8,4,4,4,4,1.0,1.0,12,12,1.0,16,16,1.0,False,0,True,True
00998240,22,22,22,22,9,8,8,9,0.8888888888888888,1.125,8,19,0.42105263157894735,13,25,0.52,False,0,True,True
00998469,4,4,4,4,2,2,2,2,1.0,1.0,2,2,1.0,4,4,1.0,False,0,True,True
00998652,0,0,0,0,0,0,0,0,,,0,0,,0,0,,False,0,True,True
00998739,0,0,0,0,0,0,0,0,,,0,0,,0,0,,False,0,True,True
00998782,4,4,4,4,2,2,2,2,1.0,1.0,2,2,1.0,4,4,1.0,False,0,True,True
00998817,20,25,20,25,6,10,9,9,1.5,0.9,3,9,0.3333333333333333,8,13,0.6153846153846154,False,1,True,True
00999079,4,4,4,4,2,2,2,2,1.0,1.0,2,2,1.0,4,4,1.0,False,0,True,True
00999114,4,4,4,4,2,2,2,2,1.0,1.0,2,2,1.0,4,4,1.0,False,0,True,True
00999145,4,4,4,4,2,2,2,2,1.0,1.0,2,2,1.0,4,4,1.0,False,0,True,True
00999154,0,0,0,0,0,0,0,0,,,0,0,,0,0,,False,0,True,True
00999173,4,4,4,4,2,2,2,2,1.0,1.0,2,2,1.0,4,4,1.0,False,0,True,True
00999415,0,0,0,0,0,0,0,0,,,0,0,,0,0,,False,0,True,True
00999478,12,12,12,12,6,6,6,6,1.0,1.0,30,30,1.0,36,36,1.0,False,0,True,True
00999701,4,4,4,4,2,2,2,2,1.0,1.0,2,2,1.0,4,4,1.0,False,0,True,True
00999792,0,0,0,0,0,0,0,0,,,0,0,,0,0,,False,0,True,True
